initial_ang_1,initial_ang_2,initial_ang_3,initial_ang_4,initial_ang_5,target_pos_x,target_pos_y,target_pos_z,final_ang_1,final_ang_2,final_ang_3,final_ang_4,final_ang_5,algorithm
0,0,0,0,0,-31.2984,3.14652,402.372,3.0414,0.298127,0.888003,3.12605,3.09063,DE_Adam
0,0,0,0,0,-211.93,-22.9672,371.059,3.24939,0.990158,1.67411,5.33933,0.988303,PSO_Adam
0,0,0,0,0,15.9791,238.127,88.1676,1.50362,2.25597,3.50508,1.55433,1.68825,DE_Adam
0,0,0,0,0,279.149,359.489,261.616,0.910282,6.25176,1.22428,0.350272,5.73413,GA_Adam
0,0,0,0,0,-85.2035,230.634,545.822,1.9244,1.11132,0.692985,0.398491,5.36892,SGO_Adam
0,0,0,0,0,-171.952,60.2212,178.961,5.94601,0.829043,3.02127,0.836312,0.906191,TLBO_Adam
0,0,0,0,0,-76.4646,-3.6114,329.279,0.0471921,2.4731,1.6827,4.87499,0.0907237,DE_Adam
0,0,0,0,0,-283.273,-239.465,399.047,0.701633,2.21496,0.92558,0.941893,1.46502,DE_Adam
0,0,0,0,0,-160.197,263.562,210.217,2.1168,4.79753,1.84854,2.10266,0.486989,SGO_Adam
0,0,0,0,0,365.277,267.471,212.773,3.77348,2.77349,0.661453,1.0497,4.04251,SGO_Adam
0,0,0,0,0,367.902,66.6758,216.236,0.179124,5.10973,1.75409,1.67797,2.76285,PSO_Adam
0,0,0,0,0,-83.4503,-464.805,233.148,4.53451,0.577179,0.0752134,0.539534,0.191397,GA_Adam
0,0,0,0,0,-310.678,153.538,115.021,2.68243,0.324491,0.685127,5.72429,1.75357,SGO_Adam
0,0,0,0,0,68.1198,-270.999,463.604,1.817,3.1188,5.3379,1.34907,1.90659,DE_Adam
0,0,0,0,0,-290.032,313.421,338.227,2.31726,0.518457,0.732926,0.255502,0.572269,SGO_Adam
0,0,0,0,0,359.944,244.857,14.8778,3.73895,3.03993,0.319539,1.92978,4.3676,PSO_Adam
0,0,0,0,0,-116.596,193.036,545.495,2.114,1.15475,0.755184,0.297924,5.36892,NN_Adam
0,0,0,0,0,472.606,-229.488,44.0074,5.83109,5.90424,0.141683,1.744,5.00623,SGO_Adam
0,0,0,0,0,-177.436,-338.647,431.817,1.088,2.65972,5.96526,1.80705,2.04068,SGO_Adam
0,0,0,0,0,14.5185,424.526,243.131,1.53638,0.86519,6.11988,0.343485,2.05852,GA_Adam
0,0,0,0,0,-76.2723,104.853,486.697,2.19966,6.26185,1.55455,1.90342,3.33779,PSO_Adam
0,0,0,0,0,-11.9677,510.573,216.279,1.59399,0.152572,0.471352,0.793838,0.458874,GA_Adam
0,0,0,0,0,307.534,-429.109,163.674,5.33417,6.104,0.566021,1.15322,6.0557,SGO_Adam
0,0,0,0,0,166.595,339.719,289.555,1.11472,1.50899,4.34552,2.20231,2.83862,PSO_Adam
0,0,0,0,0,112.168,127.552,162.29,0.849512,4.48029,1.45081,3.28115,1.14695,SGO_Adam
0,0,0,0,0,-379.589,-330.218,223.123,3.8574,0.420763,0.0891315,0.812702,3.41488,DE_Adam
0,0,0,0,0,-159.084,401.102,18.5868,5.08979,2.99308,0.356599,1.96529,2.53861,SGO_Adam
0,0,0,0,0,-196.25,83.5365,484.354,2.73895,2.21948,4.94012,1.22488,5.93834,TLBO_Adam
0,0,0,0,0,502.344,190.235,169.202,0.361954,6.18745,0.115266,1.70988,2.32665,SGO_Adam
0,0,0,0,0,-349.388,241.588,131.982,2.53677,0.0679668,0.948346,6.13538,1.75357,NN_Adam
0,0,0,0,0,26.5115,321.365,199.939,1.48837,6.27617,2.16791,5.4224,4.84654,SGO_Adam
0,0,0,0,0,-431.539,-126.611,118.425,3.42682,0.0681568,0.741321,0.079885,0.721104,DE_Adam
0,0,0,0,0,158.709,-387.493,224.502,5.10101,0.785408,6.25529,0.20152,2.87431,SGO_Adam
0,0,0,0,0,122.08,-164.932,419.641,2.20792,3.57465,4.46595,1.72248,1.61524,GA_Adam
0,0,0,0,0,-334.684,128.476,142.165,2.77504,0.367164,0.738827,5.7632,1.75357,NN_Adam
0,0,0,0,0,475.364,-116.477,364.926,6.04287,0.335002,0.0907998,1.68107,5.4841,SGO_Adam
0,0,0,0,0,-155.896,74.0646,480.226,2.69782,2.40583,4.91453,1.07949,5.93834,NN_Adam
0,0,0,0,0,-241.001,-399.114,188.958,1.02751,2.8505,0.169138,1.77991,1.4549,SGO_Adam
0,0,0,0,0,192.718,-339.324,78.1218,2.08717,3.5468,0.476414,0.22969,4.79934,GA_Adam
0,0,0,0,0,94.8227,352.114,80.8278,1.30758,1.16295,4.78535,1.04989,1.11678,PSO_Adam
0,0,0,0,0,-415.957,-50.5083,232.895,3.26228,0.405499,0.780243,6.18783,0.458783,GA_Adam
0,0,0,0,0,-69.6072,-28.4703,0.0430829,0.38828,0.221705,2.93948,2.51287,5.50527,DE_Adam
0,0,0,0,0,367.502,65.0593,190.425,0.175317,5.00966,1.75895,1.71774,2.76285,NN_Adam
0,0,0,0,0,168.161,-37.4733,25.5007,6.06374,2.81999,3.35088,0.886934,4.42808,SGO_Adam
0,0,0,0,0,-165.452,205.929,82.9697,2.24759,4.21877,1.68084,2.5551,0.164514,SGO_Adam
0,0,0,0,0,-152.68,120.513,317.313,2.47322,0.956871,2.99664,4.60906,6.17791,SGO_Adam
0,0,0,0,0,-241.561,298.584,117.763,2.25089,0.409367,0.370371,6.0488,6.07848,GA_Adam
0,0,0,0,0,-250.204,277.501,436.875,2.30448,1.04464,0.16798,0.493532,2.03274,PSO_Adam
0,0,0,0,0,87.5427,-272.121,126.274,1.88185,1.6976,2.20899,1.18677,5.01784,PSO_Adam
0,0,0,0,0,34.7421,-174.75,135.445,4.90864,1.30802,5.39874,5.77589,5.26321,TLBO_Adam
0,0,0,0,0,-172.816,-147.219,454.306,0.705346,1.22095,1.47312,1.52287,0.873547,GA_Adam
0,0,0,0,0,-317.616,-285.799,136.172,3.87426,5.69002,1.75533,0.18556,1.08158,SGO_Adam
0,0,0,0,0,-292.521,-67.0824,129.239,0.225251,2.66625,5.91008,3.48048,3.84344,SGO_Adam
0,0,0,0,0,-516.956,-84.2444,145.74,3.30288,6.03518,0.659818,1.07936,0.721104,NN_Adam
0,0,0,0,0,21.2882,-421.458,351.426,1.62105,2.92946,5.79378,1.87208,1.34452,SGO_Adam
0,0,0,0,0,8.9863,-331.375,381.546,1.59788,3.4249,5.17043,1.43867,1.34452,NN_Adam
0,0,0,0,0,-230.044,-130.663,503.132,0.51645,1.79089,0.273129,2.24199,0.906681,DE_Adam
0,0,0,0,0,29.9907,188.321,165.057,1.41233,3.18557,3.79025,0.591969,1.68825,NN_Adam
0,0,0,0,0,-282.229,45.4089,352.753,2.98195,0.732056,1.47098,5.61947,0.988303,NN_Adam
0,0,0,0,0,327.287,308.526,118.16,0.755749,6.23479,5.27776,3.08093,5.4464,GA_Adam
0,0,0,0,0,192.018,-475.585,183.996,5.09581,0.36193,6.26747,0.926995,1.80074,GA_Adam
0,0,0,0,0,-473.046,-217.483,219.96,3.57247,6.11932,0.264608,1.86975,0.384745,SGO_Adam
0,0,0,0,0,386.297,-119.38,231.323,2.84169,2.50395,1.28156,0.583265,2.71482,DE_Adam
0,0,0,0,0,-125.843,208.924,198.852,2.11263,4.41025,2.02799,2.38158,0.486989,NN_Adam
0,0,0,0,0,-97.5044,-226.327,2.14323,1.16394,2.19413,2.36788,0.832261,0.324958,GA_Adam
0,0,0,0,0,206.571,-57.7947,201.196,2.86859,3.45275,3.37785,4.02009,6.22657,SGO_Adam
0,0,0,0,0,55.062,-328.797,302.564,1.73664,3.78494,5.06303,1.21253,1.34452,NN_Adam
0,0,0,0,0,-359.461,109.841,412.113,2.84468,0.117877,0.163415,2.58365,2.06914,SGO_Adam
0,0,0,0,0,141.43,-188.864,69.4791,2.2134,4.82455,3.59261,2.75217,2.21858,PSO_Adam
0,0,0,0,0,-255.993,-217.885,20.0834,3.84665,0.133947,0.388972,5.91067,0.954884,GA_Adam
0,0,0,0,0,272.488,-154.683,244.919,2.62519,1.76995,2.09626,0.682071,1.09903,PSO_Adam
0,0,0,0,0,64.869,140.409,74.5981,4.27935,5.39735,3.0683,2.82293,0.353671,TLBO_Adam
0,0,0,0,0,-356.979,-4.9182,98.8949,0.0136694,2.92516,5.78831,3.17498,3.84344,NN_Adam
0,0,0,0,0,175.739,-50.0281,148.308,2.8643,3.70321,2.88733,4.20583,6.22657,NN_Adam
0,0,0,0,0,-172.281,188.652,283.813,2.31026,0.772375,3.65593,4.23904,6.17791,NN_Adam
0,0,0,0,0,-365.342,376.389,164.745,2.34101,6.08832,0.633914,1.08735,0.999488,GA_Adam
0,0,0,0,0,177.594,-335.883,499.059,5.19871,0.497727,0.242763,1.86513,5.13599,SGO_Adam
0,0,0,0,0,235.653,-352.86,212.229,5.30118,0.741611,6.26104,0.219163,2.87431,NN_Adam
0,0,0,0,0,143.243,419.853,173.626,1.24172,0.0713728,1.0012,0.0041849,1.38371,SGO_Adam
0,0,0,0,0,-234.63,210.601,346.198,2.40988,1.03281,4.28352,3.48891,6.17791,NN_Adam
0,0,0,0,0,386.403,136.306,254.353,0.338964,5.44369,1.5399,1.54338,2.76285,NN_Adam
0,0,0,0,0,-260.551,119.695,397.973,2.71073,0.715595,1.46469,5.85192,0.988303,NN_Adam
0,0,0,0,0,-86.672,-187.506,490.23,1.1377,1.23092,1.40372,1.42756,6.01895,SGO_Adam
0,0,0,0,0,-22.8747,-262.461,177.513,1.4837,1.37284,1.93893,1.87077,6.03257,DE_Adam
0,0,0,0,0,26.0035,258.65,91.1627,1.47048,2.00467,3.62165,1.67535,1.68825,NN_Adam
0,0,0,0,0,-301.007,-89.0134,404.043,0.287368,1.76041,1.47268,0.909717,1.88987,SGO_Adam
0,0,0,0,0,-141.484,295.86,85.5543,2.01655,4.55514,1.56992,2.27467,0.164514,NN_Adam
0,0,0,0,0,237.128,-31.2662,236.815,3.01035,3.34521,3.72175,3.80879,6.22657,NN_Adam
0,0,0,0,0,-169.432,300.891,250.332,2.08355,5.12849,1.7751,1.82274,0.486989,NN_Adam
0,0,0,0,0,184.275,-238.108,188.18,2.2293,4.2784,4.03706,2.39574,0.247987,GA_Adam
0,0,0,0,0,342.369,-37.4015,249.023,3.0324,2.29672,1.78943,0.171165,2.71482,NN_Adam
0,0,0,0,0,-373.884,-80.5917,359.67,0.212185,2.07738,0.658445,1.86588,1.88987,NN_Adam
0,0,0,0,0,-120.405,99.5157,564.495,2.45076,0.435589,1.17858,1.57965,3.33779,NN_Adam
0,0,0,0,0,202.448,-330.86,111.144,2.11984,3.50828,0.442758,0.190859,4.79934,NN_Adam
0,0,0,0,0,507.896,48.3358,209.557,0.0946632,6.02325,0.859035,1.09233,2.89142,SGO_Adam
0,0,0,0,0,-105.25,-372.426,117.641,1.29524,2.34603,0.899068,2.08513,1.72265,PSO_Adam
0,0,0,0,0,-106.656,300,531.496,1.91216,0.917474,0.543122,0.734331,5.36892,NN_Adam
0,0,0,0,0,-108.286,180.241,319.616,2.11151,0.811491,3.64907,4.46419,6.17791,NN_Adam
0,0,0,0,0,24.3839,126.663,81.4448,4.52218,5.54499,2.87617,2.92729,0.353671,NN_Adam
0,0,0,0,0,262.889,283.297,158.907,0.822644,6.06816,5.39525,3.53817,5.4464,NN_Adam
0,0,0,0,0,-72.942,131.509,127.71,2.07695,0.400272,1.07207,4.63223,0.914063,SGO_Adam
0,0,0,0,0,82.427,300.335,206.898,1.30287,0.042874,2.24095,5.34284,4.84654,NN_Adam
0,0,0,0,0,-81.9241,-45.7084,92.6387,0.508698,0.0726148,2.4987,2.83052,5.50527,NN_Adam
0,0,0,0,0,311.169,-314.397,54.3626,2.35093,3.6758,6.09708,1.07282,0.758087,SGO_Adam
0,0,0,0,0,365.695,-304.718,384.661,5.5885,0.344286,0.359119,1.33424,2.71482,GA_Adam
0,0,0,0,0,188.965,434.549,279.331,1.16063,0.854181,5.12551,2.13333,2.83862,NN_Adam
0,0,0,0,0,70.6032,-176.739,281.108,1.95077,2.48376,4.3583,4.30197,2.27078,SGO_Adam
0,0,0,0,0,378.796,-147.266,66.4048,2.77056,3.35855,0.723737,0.341586,3.16442,SGO_Adam
0,0,0,0,0,-304.461,14.1598,565.165,3.09486,0.803902,0.0666825,1.90823,0.390971,DE_Adam
0,0,0,0,0,148.033,-72.7395,311.159,5.82627,4.93722,3.07797,0.829755,0.955645,TLBO_Adam
0,0,0,0,0,-11.725,-386.605,118.302,1.54027,2.34345,0.899413,2.08737,1.72265,NN_Adam
0,0,0,0,0,-229.421,364.064,117.541,2.13304,0.181227,0.631761,6.24432,6.07848,NN_Adam
0,0,0,0,0,321.398,-57.274,261.582,2.96526,2.24227,1.8951,0.0628649,2.71482,NN_Adam
0,0,0,0,0,118.042,-142.153,409.517,2.26374,3.67912,4.36673,1.65265,1.61524,NN_Adam
0,0,0,0,0,253.522,-318.378,426.26,5.38473,1.17667,5.21332,2.05705,0.586595,SGO_Adam
0,0,0,0,0,-287.922,42.6147,83.3168,6.13601,2.75669,6.00711,3.45614,3.84344,NN_Adam
0,0,0,0,0,-59.7395,-333.345,203.457,1.39322,1.78026,1.62839,1.58063,6.03257,NN_Adam
0,0,0,0,0,91.6456,241.265,154.564,1.20769,0.27439,2.2588,4.78163,4.84654,NN_Adam
0,0,0,0,0,-167.993,188.809,90.8669,2.29778,4.17701,1.70503,2.61126,0.164514,NN_Adam
0,0,0,0,0,68.4709,410.487,183.858,1.4054,0.139551,1.10274,6.0677,1.38371,NN_Adam
0,0,0,0,0,-269.928,179.142,502.474,2.55562,0.72645,0.901703,0.514347,2.39757,SGO_Adam
0,0,0,0,0,-158.442,87.2041,590.579,2.63834,0.638747,0.792834,1.6879,3.33779,NN_Adam
0,0,0,0,0,84.5732,480.859,51.3612,1.39652,6.20572,0.43117,0.574043,5.82413,SGO_Adam
0,0,0,0,0,138.6,-463.193,354.118,5.0028,0.139006,0.274465,1.80528,2.3339,SGO_Adam
0,0,0,0,0,-476.052,-117.361,166.718,3.38299,5.99233,1.09289,0.61609,0.721104,NN_Adam
0,0,0,0,0,-265.731,16.0744,100.526,6.22261,2.63776,6.08136,3.56429,3.84344,NN_Adam
0,0,0,0,0,34.0692,-336.213,436.537,1.67173,3.00633,5.27483,1.97965,1.34452,NN_Adam
0,0,0,0,0,204.678,-471.55,206.75,5.12168,6.21459,0.697951,0.899096,1.80074,NN_Adam
0,0,0,0,0,-465.049,146.785,129.88,2.83561,0.407851,6.1668,0.708886,4.41349,DE_Adam
0,0,0,0,0,-291.219,-251.831,410.361,0.712944,2.27766,0.255924,1.85902,1.46502,NN_Adam
0,0,0,0,0,-175.891,110.615,81.1635,2.58015,3.94201,1.68282,2.85742,0.164514,NN_Adam
0,0,0,0,0,57.9371,-253.071,137.592,1.79578,1.50287,2.40354,1.13558,5.01784,NN_Adam
0,0,0,0,0,-63.9514,288.024,223.808,1.78914,0.13849,2.35158,5.24172,4.84654,NN_Adam
0,0,0,0,0,-2.54252,367.276,226.2,1.57753,0.0107004,1.79435,5.79776,4.84654,NN_Adam
0,0,0,0,0,92.5264,-106.825,256.011,2.28457,2.18406,4.71338,4.55245,2.27078,NN_Adam
0,0,0,0,0,-306.966,153.097,73.5323,2.67884,0.211694,0.627428,5.76336,1.75357,NN_Adam
0,0,0,0,0,-132.218,33.7482,495.962,2.89173,2.49697,4.93796,1.0736,5.93834,NN_Adam
0,0,0,0,0,272.176,-152.043,127.797,2.63215,1.99768,2.19144,0.723394,0.246225,SGO_Adam
0,0,0,0,0,429.651,-29.2777,304.381,3.07325,3.13696,5.57572,1.96184,5.89801,SGO_Adam
0,0,0,0,0,-296.927,-417.118,79.4857,4.09356,6.06409,0.581856,0.821607,0.291986,GA_Adam
0,0,0,0,0,159.645,431.249,182.775,1.21586,0.0373054,0.974939,0.159547,1.38371,NN_Adam
0,0,0,0,0,447.464,-70.126,250.247,2.98578,3.14645,5.74589,1.93779,5.89801,NN_Adam
0,0,0,0,0,-443.567,-272.837,104.098,3.69292,5.94235,0.681638,1.06196,0.98026,GA_Adam
0,0,0,0,0,-46.7581,-172.614,485.54,1.30609,1.05933,1.50767,1.50463,6.01895,NN_Adam
0,0,0,0,0,-102.736,244.89,157.913,1.96793,4.33621,1.96206,2.33652,0.486989,NN_Adam
0,0,0,0,0,79.3334,457.99,78.3901,1.39916,0.0449931,0.50007,0.291785,5.82413,NN_Adam
0,0,0,0,0,25.6493,-259.957,336.819,1.66885,3.84452,4.90557,1.00448,1.34452,NN_Adam
0,0,0,0,0,-16.7977,30.7375,262.881,5.21211,2.68397,1.38045,4.58316,0.0907237,NN_Adam
0,0,0,0,0,198.995,-110.482,80.2315,2.63403,3.75246,3.63927,4.07422,6.22657,NN_Adam
0,0,0,0,0,217.946,-349.313,325.445,5.27002,0.542263,0.796462,0.079355,5.34562,SGO_Adam
0,0,0,0,0,-79.8116,-192.713,535.428,1.17819,1.45743,1.11716,1.29769,6.01895,NN_Adam
0,0,0,0,0,77.6817,-228.088,48.0181,1.89892,4.81541,3.66567,2.76543,2.21858,NN_Adam
0,0,0,0,0,256.92,-95.5496,64.246,2.78553,3.85967,4.03973,3.65606,6.22657,NN_Adam
0,0,0,0,0,383.291,-16.8381,31.9718,3.09755,2.58263,0.933598,1.94236,5.88884,SGO_Adam
0,0,0,0,0,-328.093,44.0419,182.089,3.00802,0.484184,0.901216,5.57304,1.75357,NN_Adam
0,0,0,0,0,-346.643,22.9354,264.249,3.07532,0.585679,1.03056,5.74248,1.75357,NN_Adam
0,0,0,0,0,-65.9681,384.515,40.0088,4.88218,2.68752,0.58311,2.25139,2.53861,NN_Adam
0,0,0,0,0,-118.658,378.908,255.241,1.87419,5.38541,1.57204,1.62727,0.486989,NN_Adam
0,0,0,0,0,456.425,2.18104,81.0228,3.14611,2.95864,0.301205,1.82016,5.88884,NN_Adam
0,0,0,0,0,-190.219,456.705,354.189,1.96539,0.320339,0.0829322,1.67295,6.00367,SGO_Adam
0,0,0,0,0,-8.91161,-318.353,15.601,1.54275,2.45254,1.96626,0.77498,1.73232,PSO_Adam
0,0,0,0,0,-322.892,-110.028,490.76,0.328357,2.37255,0.0212676,1.59666,1.88987,NN_Adam
0,0,0,0,0,-501.144,138.696,90.2547,2.87149,5.90254,0.678289,1.09367,4.41349,NN_Adam
0,0,0,0,0,293.995,-96.7434,65.053,2.82353,3.80565,4.32324,3.43069,6.22657,NN_Adam
0,0,0,0,0,163.739,-75.3499,256.347,5.85158,4.63082,3.3324,0.528628,0.955645,NN_Adam
0,0,0,0,0,-142.667,156.372,273.297,2.3103,1.04706,2.83156,4.36567,6.17791,NN_Adam
0,0,0,0,0,-12.1166,-134.438,238.141,1.48087,0.89111,3.30582,0.0983327,3.18951,SGO_Adam
0,0,0,0,0,-187.986,-223.859,319.579,0.872143,2.08925,1.94485,6.24326,5.67876,SGO_Adam
0,0,0,0,0,348.258,-155.223,53.8255,2.72222,3.43609,0.808482,0.128397,3.16442,NN_Adam
0,0,0,0,0,-296.684,206.198,522.472,2.5339,0.65724,0.484878,1.24141,2.39757,NN_Adam
0,0,0,0,0,-254.54,109.146,442.731,2.73617,0.723416,1.42976,6.07882,0.988303,NN_Adam
0,0,0,0,0,-152.163,201.016,38.9233,2.21859,4.08658,1.61363,2.5892,0.164514,NN_Adam
0,0,0,0,0,-534.566,47.021,87.2958,3.05381,6.10172,0.052097,1.63445,1.99764,SGO_Adam
0,0,0,0,0,-414.72,99.8973,237.118,2.90494,5.85468,1.72537,0.386345,5.86949,GA_Adam
0,0,0,0,0,84.2864,-195.454,157.698,5.11893,1.37142,5.48507,5.87459,5.26321,NN_Adam
0,0,0,0,0,-134.541,284.224,141.131,2.01289,4.56008,1.81419,2.14902,0.486989,NN_Adam
0,0,0,0,0,220.432,229.484,52.1389,0.805397,4.68911,1.04299,2.7669,4.54565,SGO_Adam
0,0,0,0,0,-114.794,-210.812,181.4,4.21374,5.4998,3.3081,5.63582,1.26648,DE_Adam
0,0,0,0,0,199.414,-414.351,259.218,5.16088,0.623965,0.153593,0.450545,2.87431,NN_Adam
0,0,0,0,0,319.913,-147.944,369.662,2.70837,2.75937,0.557381,0.348264,2.38395,PSO_Adam
0,0,0,0,0,391.338,-47.2884,80.9461,3.02121,2.47311,0.908675,1.97047,5.88884,NN_Adam
0,0,0,0,0,-89.4623,-422.492,79.9944,1.36197,2.75563,0.491116,2.00087,1.72265,NN_Adam
0,0,0,0,0,244.485,114.041,53.3338,0.436262,4.61199,2.89995,0.0304012,1.59582,SGO_Adam
0,0,0,0,0,307.455,349.078,272.054,0.848562,6.25453,1.13942,0.49871,5.73413,NN_Adam
0,0,0,0,0,43.0372,98.8119,85.0197,4.30152,5.65555,2.72023,3.03544,0.353671,NN_Adam
0,0,0,0,0,-66.1418,317.598,257.498,1.77612,0.141429,2.04962,5.56482,4.84654,NN_Adam
0,0,0,0,0,-3.20749,73.4277,171.943,1.6143,4.26686,1.62084,3.61655,1.6879,PSO_Adam
0,0,0,0,0,-172.418,-165.297,137.279,3.90587,5.36684,3.36951,5.52741,1.26648,NN_Adam
0,0,0,0,0,-144.295,130.225,489.861,2.4073,2.28649,4.9364,1.19846,5.93834,NN_Adam
0,0,0,0,0,229.055,414.836,356.697,1.06595,0.749035,5.55404,2.036,2.83862,NN_Adam
0,0,0,0,0,-48.9701,164.113,297.628,1.86063,0.445081,4.05371,4.80149,6.17791,NN_Adam
0,0,0,0,0,43.6813,185.198,181.698,1.33903,3.22016,3.8107,0.615072,1.68825,NN_Adam
0,0,0,0,0,-194.397,-323,51.1378,1.02887,2.43414,1.2428,1.6625,6.08012,SGO_Adam
0,0,0,0,0,-199.607,-86.766,182.913,3.55154,2.00223,2.96086,3.00974,3.28783,PSO_Adam
0,0,0,0,0,4.19072,-158.679,130.683,4.73876,1.28549,5.36074,5.71618,5.26321,NN_Adam
0,0,0,0,0,38.3268,381.224,55.7981,1.4705,1.00183,4.81593,1.2012,1.11678,NN_Adam
0,0,0,0,0,-156.984,402.099,190.17,1.943,5.32894,1.45973,1.56457,0.486989,NN_Adam
0,0,0,0,0,-206.243,-360.312,177.057,1.05044,2.44622,0.513553,2.19676,1.4549,NN_Adam
0,0,0,0,0,-350.545,-161.98,60.6138,0.432746,2.4642,1.08701,1.80037,0.996245,DE_Adam
0,0,0,0,0,261.338,56.2431,80.5109,0.211874,4.62786,2.97057,0.0583924,1.59582,NN_Adam
0,0,0,0,0,92.2835,26.3696,105.462,3.41986,6.01883,2.53984,2.93396,0.353671,NN_Adam
0,0,0,0,0,118.568,305.841,342.378,1.20085,1.75849,4.1635,2.36145,2.83862,NN_Adam
0,0,0,0,0,47.4833,34.3111,19.3657,3.76716,5.88858,2.73002,3.2407,0.353671,NN_Adam
0,0,0,0,0,-48.2705,208.771,91.4873,1.79797,2.72227,3.48985,1.11668,1.68825,NN_Adam
0,0,0,0,0,231.372,-296.465,57.1969,2.23341,3.60773,0.525499,0.138397,4.79934,NN_Adam
0,0,0,0,0,18.2894,421.112,353.898,1.52706,0.848405,0.177721,0.430213,5.90084,GA_Adam
0,0,0,0,0,41.7048,291.226,228.959,1.42842,0.130992,2.38234,5.25886,4.84654,NN_Adam
0,0,0,0,0,394.419,-249.082,230.945,2.57816,2.88669,0.0721609,1.66002,0.428259,SGO_Adam
0,0,0,0,0,105.398,424.753,102.463,1.32757,0.162435,0.550152,0.0450977,5.82413,NN_Adam
0,0,0,0,0,117.438,409.134,360.71,1.29112,0.0981321,6.23898,2.59123,2.53824,SGO_Adam
0,0,0,0,0,-402.937,-291.503,301.457,3.76775,0.0639761,0.688668,1.06032,3.41488,NN_Adam
0,0,0,0,0,132.813,-325.06,263.034,5.10019,1.00797,0.0678603,6.11429,2.87431,NN_Adam
0,0,0,0,0,148.443,-90.7917,105.349,2.59248,3.84662,2.76086,4.31498,6.22657,NN_Adam
0,0,0,0,0,-203.236,-230.763,12.7025,3.99022,0.138461,0.336451,5.81209,0.954884,NN_Adam
0,0,0,0,0,-111.923,39.9537,501.476,2.79871,2.54201,4.94714,1.06912,5.93834,NN_Adam
0,0,0,0,0,-301.276,252.422,468.673,2.44401,0.809043,0.357998,0.806889,2.03274,NN_Adam
0,0,0,0,0,-373.525,146.576,390.456,2.76752,0.0571834,0.193001,2.5012,2.06914,NN_Adam
0,0,0,0,0,-417.797,111.495,43.6203,2.88063,5.72844,1.40896,0.112277,4.41349,NN_Adam
0,0,0,0,0,-387.565,-249.798,292.895,3.71405,6.25273,1.16073,0.571467,3.41488,NN_Adam
0,0,0,0,0,-373.742,39.7738,486.531,3.03543,0.365851,0.834293,1.18473,1.11345,GA_Adam
0,0,0,0,0,-69.6464,390.854,431.191,1.74708,1.02821,0.00215011,0.70494,1.23374,SGO_Adam
0,0,0,0,0,-265.386,-170.326,167.225,3.71229,5.55481,2.68492,5.88905,1.26648,NN_Adam
0,0,0,0,0,-307.906,183.251,415.734,2.60471,0.0719584,0.263009,2.60632,2.06914,NN_Adam
0,0,0,0,0,166.478,-378.837,191.908,5.12628,0.745774,6.21682,0.160146,2.87431,NN_Adam
0,0,0,0,0,-91.8025,-185.361,282.447,4.25284,3.0554,3.44018,1.8027,0.341132,SGO_Adam
0,0,0,0,0,-91.637,-208.71,297.008,4.29832,2.75426,3.66082,1.78435,0.341132,NN_Adam
0,0,0,0,0,-258.654,-219.352,360.609,0.703221,2.15522,1.42869,0.415925,1.46502,NN_Adam
0,0,0,0,0,97.1874,51.641,224.183,0.48844,4.79945,1.67244,3.27537,1.14695,NN_Adam
0,0,0,0,0,276.639,260.315,130.823,0.754852,5.98639,5.36299,3.58554,5.4464,NN_Adam
0,0,0,0,0,188.16,234.356,111.404,0.894188,4.76276,1.12982,2.86311,4.54565,NN_Adam
0,0,0,0,0,-512.033,-80.3507,79.6248,3.29713,5.91626,0.661303,1.03928,0.721104,NN_Adam
0,0,0,0,0,309.829,-171.113,81.4188,2.63688,3.50333,0.783299,6.16591,3.16442,NN_Adam
0,0,0,0,0,-155.232,351.905,468.687,1.98611,0.541496,0.793957,0.768201,5.36892,NN_Adam
0,0,0,0,0,-161.952,-19.6341,308.883,3.26219,1.26087,2.30155,4.61642,0.988303,NN_Adam
0,0,0,0,0,-178.264,145.835,122.499,2.45564,4.15341,1.76981,2.72007,0.164514,NN_Adam
0,0,0,0,0,-283.876,205.48,77.8097,2.51502,0.208497,0.647518,5.79024,1.75357,NN_Adam
0,0,0,0,0,-337.763,332.073,99.7469,2.36452,6.05449,0.978332,0.320879,0.999488,NN_Adam
0,0,0,0,0,437.6,-18.5989,264.4,3.09888,3.19784,5.51272,2.10987,5.89801,NN_Adam
0,0,0,0,0,75.3266,89.9867,107.688,4.01523,5.5892,2.73049,2.95826,0.353671,NN_Adam
0,0,0,0,0,-388.699,-198.655,8.12603,0.47242,3.08022,0.297893,1.90067,0.996245,NN_Adam
0,0,0,0,0,-203.903,49.4977,178.931,6.04508,1.06519,2.80357,0.907372,0.906191,NN_Adam
0,0,0,0,0,11.7957,-127.77,488.641,1.66277,0.812433,1.60979,1.58897,6.01895,NN_Adam
0,0,0,0,0,168.276,477.617,161.408,1.23198,6.19356,0.732715,0.682402,1.38371,NN_Adam
0,0,0,0,0,-212.514,-319.717,253.917,0.984063,2.20668,0.481593,2.38515,1.4549,NN_Adam
0,0,0,0,0,360.792,-229.775,226.498,2.57435,2.44243,0.456931,2.05721,0.428259,NN_Adam
0,0,0,0,0,225.203,-154.765,126.755,2.53943,1.73224,2.41754,0.837463,0.246225,NN_Adam
0,0,0,0,0,210.621,107.708,136.705,0.472535,4.5892,3.22548,0.0784988,1.59582,NN_Adam
0,0,0,0,0,-298.746,163.056,478.097,2.64184,0.701494,0.914307,0.412642,2.39757,NN_Adam
0,0,0,0,0,482.872,76.6161,137.079,0.157109,5.82398,1.17838,0.712688,2.89142,NN_Adam
0,0,0,0,0,-238.167,-294.31,250.75,0.890173,3.81208,5.02645,1.54203,0.721104,GA_Adam
0,0,0,0,0,-313.65,325.958,144.3,2.33674,6.13808,1.1657,0.0952872,0.999488,NN_Adam
0,0,0,0,0,-208.465,52.0975,545.287,2.89656,1.97165,5.17161,1.49207,5.93834,NN_Adam
0,0,0,0,0,-7.64419,-317.504,119.955,1.54651,2.02969,1.15256,2.35841,1.72265,NN_Adam
0,0,0,0,0,320.419,-254.056,18.2675,2.47091,3.8823,6.09217,0.805023,0.758087,NN_Adam
0,0,0,0,0,-3.99106,165.79,39.2315,4.7361,5.30077,3.22787,2.86398,0.353671,NN_Adam
0,0,0,0,0,103.489,-413.21,35.1955,1.81596,3.18458,0.830894,0.703924,1.63146,SGO_Adam
0,0,0,0,0,171.299,348.339,48.9956,1.11356,0.956648,4.82573,1.24549,1.11678,NN_Adam
0,0,0,0,0,-196.451,-367.786,146.322,1.08011,2.51147,0.531441,2.17376,1.4549,NN_Adam
0,0,0,0,0,-256.078,51.4411,208.704,6.08486,1.42221,2.4599,0.831815,0.906191,NN_Adam
0,0,0,0,0,286.789,132.823,50.4956,0.433672,4.8052,2.58431,0.171402,1.59582,NN_Adam
0,0,0,0,0,-108.783,77.797,123.344,2.52067,0.329545,1.0948,4.55221,0.914063,NN_Adam
0,0,0,0,0,-8.75993,461.142,184.999,1.58975,0.386119,0.365863,0.274239,0.458874,NN_Adam
0,0,0,0,0,-220.359,-25.9833,564.613,3.25858,1.82852,5.24687,1.68758,5.93834,NN_Adam
0,0,0,0,0,89.0631,-249.495,433.259,1.91351,3.31268,5.24335,1.13802,1.90659,NN_Adam
0,0,0,0,0,512.13,-127.6,68.0385,6.03895,5.91946,0.165654,1.78144,1.50097,TLBO_Adam
0,0,0,0,0,-118.692,15.5887,600.783,3.01092,0.730234,0.829999,1.72061,3.33779,NN_Adam
0,0,0,0,0,-191.496,-171.699,43.9429,3.87224,0.319048,0.153782,5.61048,0.954884,NN_Adam
0,0,0,0,0,-11.3833,162.901,126.801,1.64048,3.1867,3.87345,0.275056,1.68825,NN_Adam
0,0,0,0,0,-124.899,-172.312,535.359,0.943487,1.45964,1.002,1.49339,6.01895,NN_Adam
0,0,0,0,0,-300.553,239.2,112.258,2.46922,0.209053,0.767059,5.91278,1.75357,NN_Adam
0,0,0,0,0,-281.39,-129.309,246.775,3.57223,5.72789,2.61503,6.08457,1.26648,NN_Adam
0,0,0,0,0,268.017,-128.687,39.9292,2.69373,3.92063,4.2562,3.43727,6.22657,NN_Adam
0,0,0,0,0,-368.994,250.98,377.672,2.54425,0.034161,0.383657,2.05429,2.06914,NN_Adam
0,0,0,0,0,-202.28,-248.536,374.452,0.887568,2.03959,1.53798,0.397782,5.67876,NN_Adam
0,0,0,0,0,325.459,-145.849,160.236,2.72009,2.16754,1.86097,0.730968,0.246225,NN_Adam
0,0,0,0,0,456.165,71.6908,197.794,0.155718,5.92052,1.41684,0.462702,2.89142,NN_Adam
0,0,0,0,0,-145.255,-3.38214,170.174,0.0231692,0.588044,3.36768,0.592688,0.906191,NN_Adam
0,0,0,0,0,-353.199,-93.2483,210.853,3.39951,0.638849,0.528144,5.9083,0.458783,NN_Adam
0,0,0,0,0,-151.176,277.793,131.14,2.06914,4.53928,1.80216,2.14659,0.486989,NN_Adam
0,0,0,0,0,94.1084,-475.957,278.769,4.90748,6.10741,0.309463,2.14082,2.3339,NN_Adam
0,0,0,0,0,221.793,404.5,1.97513,1.06893,0.374912,5.09807,1.88208,1.11678,NN_Adam
0,0,0,0,0,189.917,-127.417,96.2912,2.55058,3.723,3.58943,4.06589,6.22657,NN_Adam
0,0,0,0,0,77.7015,427.681,145.965,1.39075,0.0249648,1.02788,6.20421,1.38371,NN_Adam
0,0,0,0,0,159.496,135.078,254.435,0.702519,5.04692,1.50886,2.89116,0.786399,PSO_Adam
0,0,0,0,0,357.566,-132.567,48.0939,2.78643,3.43497,0.823824,0.138856,3.16442,NN_Adam
0,0,0,0,0,-313.563,189.664,506.104,2.59751,0.58008,0.668746,1.05766,2.39757,NN_Adam
0,0,0,0,0,-353.165,175.999,345.378,2.67887,6.17303,0.18731,2.72184,2.06914,NN_Adam
0,0,0,0,0,-406.799,-77.5998,132.875,3.32979,0.219433,0.722702,6.10502,0.721104,NN_Adam
0,0,0,0,0,-23.9719,-138.503,397.249,1.39944,0.566751,1.85035,1.93022,6.01895,NN_Adam
0,0,0,0,0,96.3715,-396.702,286.109,4.95049,5.81519,0.597442,2.5184,2.3339,NN_Adam
0,0,0,0,0,226.445,10.0833,78.4144,0.0444439,4.44462,3.23426,6.21621,1.59582,NN_Adam
0,0,0,0,0,-190.107,238.089,485.761,2.24445,1.21628,0.292027,0.335615,2.03274,NN_Adam
0,0,0,0,0,290.201,448.075,147.901,0.99588,6.12342,0.418288,1.27056,4.74385,SGO_Adam
0,0,0,0,0,-224.578,139.232,30.0072,2.58639,4.19495,1.4904,2.61363,0.164514,NN_Adam
0,0,0,0,0,-313.102,-38.4597,93.0229,0.122111,2.76886,5.98691,3.34184,3.84344,NN_Adam
0,0,0,0,0,-343.821,256.697,110.935,2.50021,6.28161,0.945767,6.17855,1.75357,NN_Adam
0,0,0,0,0,-119.257,-321.112,402.114,1.21505,2.71063,5.32953,2.68681,2.04068,NN_Adam
0,0,0,0,0,-291.066,199.889,92.9528,2.53975,0.233553,0.699894,5.77094,1.75357,NN_Adam
0,0,0,0,0,406.103,-201.277,428.71,5.82302,0.484307,0.0873055,1.67698,0.881721,SGO_Adam
0,0,0,0,0,328.979,-123.762,253.945,2.78165,2.32557,1.708,0.204332,2.71482,NN_Adam
0,0,0,0,0,313.606,414.451,159.864,0.922733,6.03491,0.734735,1.02765,0.378545,GA_Adam
0,0,0,0,0,54.8848,322.145,61.5419,1.40189,1.23185,4.69079,0.922628,1.11678,NN_Adam
0,0,0,0,0,-339.51,-167.042,46.8092,0.45712,2.47534,1.09809,1.83474,0.996245,NN_Adam
0,0,0,0,0,30.706,11.1496,167.419,0.348252,4.47065,1.63208,3.77944,1.6879,NN_Adam
0,0,0,0,0,-230.52,249.736,13.9695,2.31605,0.0406149,0.544545,5.88038,1.75357,NN_Adam
0,0,0,0,0,174.94,-110.999,130.331,2.57584,3.67053,3.22399,4.17431,6.22657,NN_Adam
0,0,0,0,0,-63.2126,-31.238,302.455,0.458944,2.61231,1.59029,4.76362,0.0907237,NN_Adam
0,0,0,0,0,-271.935,283.775,2.95242,2.33464,6.12532,0.753768,6.14007,1.75357,NN_Adam
0,0,0,0,0,345.839,-185.514,198.149,2.64903,2.27525,0.629167,2.27867,0.428259,NN_Adam
0,0,0,0,0,6.81005,132.779,121.162,1.51909,3.09364,4.06904,0.00825152,1.68825,NN_Adam
0,0,0,0,0,-293.264,-75.5012,150.769,0.25181,2.61567,5.88935,3.47709,3.84344,NN_Adam
0,0,0,0,0,-309.903,335.658,360.169,2.3162,0.421651,0.626228,0.673909,0.572269,NN_Adam
0,0,0,0,0,-113.086,-303.174,183.182,1.21367,1.72868,1.69612,1.66016,6.03257,NN_Adam
0,0,0,0,0,-228.908,88.653,416.177,2.77202,0.757158,1.69086,5.76491,0.988303,NN_Adam
0,0,0,0,0,35.5904,468.972,403.883,1.495,0.468792,0.0511588,1.63302,5.90084,NN_Adam
0,0,0,0,0,51.1562,312.066,204.348,1.40821,0.0121066,2.22288,5.38282,4.84654,NN_Adam
0,0,0,0,0,-247.238,-97.9434,417.603,0.376998,1.53389,1.74695,0.764535,1.88987,NN_Adam
0,0,0,0,0,128.375,-26.2292,143.777,2.94009,4.12297,2.53274,3.98027,6.22657,NN_Adam
0,0,0,0,0,-246.73,280.221,166.544,2.29264,0.523295,0.479494,5.94114,6.07848,NN_Adam
0,0,0,0,0,-263.239,-4.98347,375.437,3.16039,0.813222,1.51696,5.60606,0.988303,NN_Adam
0,0,0,0,0,216.304,-279.353,353.86,5.37114,0.704593,0.965765,6.05451,5.34562,NN_Adam
0,0,0,0,0,31.7736,485.037,1.77831,1.50516,6.08329,0.374125,0.709761,5.82413,NN_Adam
0,0,0,0,0,-29.7368,343.009,271.189,1.65706,0.137182,1.88526,5.74601,4.84654,NN_Adam
0,0,0,0,0,-130.001,-447.078,409.869,4.42935,0.448039,0.0802042,1.66947,0.165034,GA_Adam
0,0,0,0,0,-237.751,-59.7968,197.788,3.38798,1.85885,3.16111,2.97587,3.28783,NN_Adam
0,0,0,0,0,-482.342,99.0306,85.5025,2.93888,5.77557,1.06831,0.739899,4.41349,NN_Adam
0,0,0,0,0,139.056,-319.824,317.266,5.12238,1.07763,0.146512,6.18674,2.87431,NN_Adam
0,0,0,0,0,-50.6728,-398.823,488.456,4.58553,0.567295,0.153796,1.73841,0.415395,DE_Adam
0,0,0,0,0,488.067,-187.872,221.605,5.91569,6.15519,0.228028,1.85155,2.70961,SGO_Adam
0,0,0,0,0,281.893,-62.1904,166.261,2.92434,3.62406,4.01087,3.54797,6.22657,NN_Adam
0,0,0,0,0,1.6705,-242.404,295.712,1.57732,4.05732,4.88127,0.773104,1.34452,NN_Adam
0,0,0,0,0,-35.3242,89.3644,181.721,1.94727,4.43348,1.60769,3.49954,1.6879,NN_Adam
0,0,0,0,0,71.86,-194.904,166.422,5.06558,1.40394,5.51554,5.83335,5.26321,NN_Adam
0,0,0,0,0,260.43,-387.833,411.557,5.30371,0.529046,0.0148017,1.58925,0.586595,NN_Adam
0,0,0,0,0,-12.2923,-261.078,399.006,1.52362,3.55374,4.92843,1.28481,1.34452,NN_Adam
0,0,0,0,0,30.3495,-401.96,327.442,1.6461,3.06079,5.34361,2.34518,1.34452,NN_Adam
0,0,0,0,0,-393.807,-100.306,370.578,0.249357,2.35911,0.260871,1.87446,1.88987,NN_Adam
0,0,0,0,0,-353.91,291.778,200.003,2.45201,6.18392,1.20658,0.220137,0.999488,NN_Adam
0,0,0,0,0,209.986,-417.032,114.231,2.03688,2.97398,0.26535,1.68187,4.79934,NN_Adam
0,0,0,0,0,-74.0167,178.827,317.817,1.96313,0.688135,3.66332,4.65455,6.17791,NN_Adam
0,0,0,0,0,151.95,-117.191,348.299,5.62594,5.34076,2.72902,0.893776,0.955645,NN_Adam
0,0,0,0,0,-62.6182,413.914,103.238,4.86238,2.63032,0.508277,2.15761,2.53861,NN_Adam
0,0,0,0,0,63.6183,519.132,108.611,1.44891,5.87078,0.295179,1.8707,5.82413,NN_Adam
0,0,0,0,0,-169.845,26.5395,93.7114,2.98654,0.182519,1.27598,4.69227,0.914063,NN_Adam
0,0,0,0,0,-197.486,-104.815,358.129,0.487706,1.04156,2.15925,1.10803,1.88987,NN_Adam
0,0,0,0,0,286.475,-46.1838,4.14449,2.98171,3.88507,4.43226,3.49593,6.22657,NN_Adam
0,0,0,0,0,-230.824,-208.364,66.651,3.87533,0.300986,0.421595,5.69228,0.954884,NN_Adam
0,0,0,0,0,-38.3348,-420.894,448.232,4.62151,0.34244,0.262022,1.88143,0.415395,NN_Adam
0,0,0,0,0,-309.29,-57.7472,62.0188,0.18446,2.83968,6.04337,3.28677,3.84344,NN_Adam
0,0,0,0,0,-500.374,109.751,147.038,2.92551,6.13809,0.708216,0.777104,4.41349,NN_Adam
0,0,0,0,0,-205.775,487.421,83.168,1.96995,0.0575607,5.83629,1.86059,5.31042,GA_Adam
0,0,0,0,0,-168.305,-253.732,154.649,4.12642,5.59958,2.76377,5.71673,1.26648,NN_Adam
0,0,0,0,0,-198.588,479.086,291.675,1.96371,0.208505,0.0666983,1.65181,6.00367,NN_Adam
0,0,0,0,0,-258.42,103.951,104.681,5.90074,2.67268,6.00161,3.5418,3.84344,NN_Adam
0,0,0,0,0,-69.846,-172.766,568.897,1.18651,1.53283,0.909653,1.29412,6.01895,NN_Adam
0,0,0,0,0,-60.8563,-225.425,295.61,4.44853,2.67127,3.62744,1.91275,0.341132,NN_Adam
0,0,0,0,0,-144.751,-263.92,494.073,1.0689,1.88311,0.471314,1.85903,6.01895,NN_Adam
0,0,0,0,0,442.667,-150.063,340.247,5.9563,6.23456,0.394884,2.01784,5.4841,NN_Adam
0,0,0,0,0,-519.905,3.73639,224.885,3.13405,6.22248,0.606197,1.10406,0.322384,GA_Adam
0,0,0,0,0,58.4556,-279.642,446.153,1.77676,3.20254,5.30685,1.30028,1.90659,NN_Adam
0,0,0,0,0,-323.59,-229.686,36.489,0.617166,2.60855,1.00792,1.72068,0.996245,NN_Adam
0,0,0,0,0,302.211,244.297,18.3223,3.82117,2.75777,0.56802,2.22655,4.3676,NN_Adam
0,0,0,0,0,431.287,-110.465,90.2976,2.89081,2.97231,0.813387,0.934348,3.16442,NN_Adam
0,0,0,0,0,-165.213,-328.171,295.393,1.10418,2.09369,0.476991,2.41534,1.4549,NN_Adam
0,0,0,0,0,97.4504,-176.363,28.1388,2.07545,4.98953,3.45677,2.93499,2.21858,NN_Adam
0,0,0,0,0,-303.123,247.677,374.188,2.4564,6.09908,0.597653,2.33896,2.06914,NN_Adam
0,0,0,0,0,-104.302,125.335,634.18,2.26453,1.14741,0.178943,1.65948,3.33779,NN_Adam
0,0,0,0,0,-450.453,120.924,388.892,2.8793,0.237572,0.222807,1.84252,2.06914,NN_Adam
0,0,0,0,0,412.942,70.047,221.775,0.167952,5.36528,1.53334,1.53894,2.76285,NN_Adam
0,0,0,0,0,213.752,-312.334,124.675,2.17088,3.51402,0.430816,0.118994,4.79934,NN_Adam
0,0,0,0,0,-63.0571,-55.2555,570.624,3.86105,0.588312,0.976162,1.94965,3.33779,NN_Adam
0,0,0,0,0,42.1284,-193.724,130.28,4.92653,1.24051,5.4539,5.83155,5.26321,NN_Adam
0,0,0,0,0,-232.649,38.5286,432.765,2.97743,0.766716,1.69675,5.83479,0.988303,NN_Adam
0,0,0,0,0,103.279,497.032,214.739,1.36566,6.10706,0.858242,0.932971,1.38371,NN_Adam
0,0,0,0,0,-156.425,397.693,382.503,1.94536,0.0203151,0.329074,2.24826,6.00367,NN_Adam
0,0,0,0,0,-39.7249,38.2359,247.653,5.51675,2.85793,1.23158,4.63959,0.0907237,NN_Adam
0,0,0,0,0,-417.694,48.2521,303.264,3.02618,5.99122,1.61501,0.575404,5.86949,NN_Adam
0,0,0,0,0,-219.156,-153.317,79.5257,3.75199,0.423105,0.268187,5.54154,0.954884,NN_Adam
0,0,0,0,0,453.018,-199.947,114.86,5.86739,5.69526,0.374076,2.17327,5.00623,NN_Adam
0,0,0,0,0,297.602,-41.5151,62.7763,3.00283,3.81872,4.2621,3.4913,6.22657,NN_Adam
0,0,0,0,0,418.628,-133.624,71.8833,2.83252,2.97508,0.875184,0.920754,3.16442,NN_Adam
0,0,0,0,0,-106.692,-443.068,197.661,4.47584,0.595266,0.0263287,0.392411,0.191397,NN_Adam
0,0,0,0,0,-47.7287,-153.429,166.051,4.41075,1.41356,5.53562,5.60431,5.26321,NN_Adam
0,0,0,0,0,-21.5783,106.589,175.579,1.77048,4.3954,1.57447,3.47486,1.6879,NN_Adam
0,0,0,0,0,-122.807,163.084,433.882,2.21616,2.40676,4.79,1.01376,5.93834,NN_Adam
0,0,0,0,0,-331.573,243.441,348.808,2.50812,6.05021,0.568454,2.32787,2.06914,NN_Adam
0,0,0,0,0,-137.552,-164.493,178.596,4.01588,5.31821,3.47836,5.71587,1.26648,NN_Adam
0,0,0,0,0,101.249,-57.0478,315.338,5.76986,4.8689,3.29623,0.779227,0.955645,NN_Adam
0,0,0,0,0,-264.094,-368.546,102.706,4.09042,6.27172,0.786162,0.114686,0.291986,NN_Adam
0,0,0,0,0,123.365,-32.4554,119.196,2.88407,4.22047,2.48112,4.04299,6.22657,NN_Adam
0,0,0,0,0,437.805,114.196,165.313,0.2551,5.85509,1.50498,0.326229,2.89142,NN_Adam
0,0,0,0,0,-109.045,-32.2205,267.73,0.28728,2.89249,1.72066,4.73361,0.0907237,NN_Adam
0,0,0,0,0,283.323,-137.995,234.192,2.68823,1.78064,2.09803,0.712019,1.09903,NN_Adam
0,0,0,0,0,44.483,462.195,256.14,1.47471,0.659295,0.0351912,0.536972,2.05852,NN_Adam
0,0,0,0,0,-179.841,9.77421,258.921,3.08732,1.15953,2.18175,4.49705,0.988303,NN_Adam
0,0,0,0,0,-6.99444,408.863,386.357,1.58776,0.880135,0.232382,0.452379,5.90084,NN_Adam
0,0,0,0,0,417.578,213.364,178.412,3.61392,2.90449,0.143658,1.74479,4.04251,NN_Adam
0,0,0,0,0,168.764,456.896,352.205,1.21692,0.178348,0.200575,1.81948,2.53824,NN_Adam
0,0,0,0,0,-41.7341,-169.849,141.039,4.4713,1.29566,5.45962,5.71684,5.26321,NN_Adam
0,0,0,0,0,130.628,328.313,326.425,1.19197,1.62616,4.2697,2.31285,2.83862,NN_Adam
0,0,0,0,0,69.3615,134.871,158.577,1.09519,4.37398,1.4907,3.34221,1.14695,NN_Adam
0,0,0,0,0,-83.3352,356.046,421.757,1.80052,1.20003,6.19984,0.495056,1.23374,NN_Adam
0,0,0,0,0,256.678,-293.349,369.943,5.43093,0.541731,0.979664,0.086774,5.34562,NN_Adam
0,0,0,0,0,-151.315,488.623,125.377,1.87084,6.00122,6.1725,2.30516,5.31042,NN_Adam
0,0,0,0,0,405.14,2.96844,89.7955,3.14878,2.57503,0.625669,2.16541,5.88884,NN_Adam
0,0,0,0,0,-210.062,268.684,123.945,2.23395,0.569894,0.209706,5.88778,6.07848,NN_Adam
0,0,0,0,0,32.5793,-144.299,359.069,1.79277,0.516739,1.9309,2.03626,6.01895,NN_Adam
0,0,0,0,0,-319.668,44.6308,279.664,3.00272,0.663464,1.11693,5.6224,1.75357,NN_Adam
0,0,0,0,0,-261.008,-213.301,414.257,0.68506,2.09944,1.16224,0.692194,1.46502,NN_Adam
0,0,0,0,0,164.513,142.197,123.378,0.712616,4.48841,3.35414,6.25944,1.59582,NN_Adam
0,0,0,0,0,237.07,202.401,260.025,0.706533,5.40059,1.03347,2.77347,0.0620472,SGO_Adam
0,0,0,0,0,54.9431,-184.902,257.105,1.85956,2.51391,4.41057,4.35821,2.27078,NN_Adam
0,0,0,0,0,-62.5899,34.0135,202.11,5.78554,3.21525,1.03899,4.63973,0.0907237,NN_Adam
0,0,0,0,0,95.4234,-339.993,539.831,4.98597,0.807629,0.0654239,1.65002,5.13599,NN_Adam
0,0,0,0,0,94.7192,-282.416,123.814,1.89418,1.77949,2.13348,1.17914,5.01784,NN_Adam
0,0,0,0,0,-101.858,427.305,296.077,1.80467,5.77049,1.18368,1.60599,0.486989,NN_Adam
0,0,0,0,0,367.291,237.084,91.5479,3.71459,2.79,0.369059,2.06473,4.3676,NN_Adam
0,0,0,0,0,-140.629,72.8783,56.4441,2.66331,3.7225,1.51753,3.14994,0.164514,NN_Adam
0,0,0,0,0,383.618,365.593,235.281,0.761295,0.0374472,0.114157,1.70846,5.73413,NN_Adam
0,0,0,0,0,-78.4532,-441.261,289.237,4.53629,0.698841,0.165843,0.424723,0.191397,NN_Adam
0,0,0,0,0,170.703,-389.977,88.1031,1.98321,2.7051,0.492254,2.08211,4.79934,NN_Adam
0,0,0,0,0,114.881,-153.287,407.311,2.21387,3.68112,4.37422,1.67014,1.61524,NN_Adam
0,0,0,0,0,-122.163,271.869,402.818,1.99293,1.49368,6.07882,0.15042,1.23374,NN_Adam
0,0,0,0,0,320.266,-19.1926,127.023,3.08167,3.6951,4.28436,3.35555,6.22657,NN_Adam
0,0,0,0,0,-264.441,-145.659,376.064,0.503415,1.6476,1.71161,0.855293,1.88987,NN_Adam
0,0,0,0,0,-396.664,-114.799,281.887,3.42323,0.4632,0.854634,6.23183,0.458783,NN_Adam
0,0,0,0,0,113.367,99.8813,46.878,3.86369,5.42784,3.11982,2.85715,0.353671,NN_Adam
0,0,0,0,0,289.847,364.483,277.779,0.898749,6.26585,1.12267,0.524358,5.73413,NN_Adam
0,0,0,0,0,-250.82,210.033,137.772,2.44416,0.373999,0.833903,5.56282,1.75357,NN_Adam
0,0,0,0,0,251.732,156.923,159.783,0.556986,4.89141,2.80711,0.30275,1.59582,NN_Adam
0,0,0,0,0,92.469,-231.789,438.402,1.95026,3.31377,5.217,1.10361,1.90659,NN_Adam
0,0,0,0,0,355.14,-312.175,336.078,5.56183,0.281339,0.689585,0.75967,2.71482,NN_Adam
0,0,0,0,0,-278.019,217.437,102.491,2.47776,0.25474,0.725406,5.75358,1.75357,NN_Adam
0,0,0,0,0,-183.746,56.0361,406.939,2.84536,0.932749,1.90519,5.46823,0.988303,NN_Adam
0,0,0,0,0,-263.087,-51.8467,197.171,3.33579,1.73009,3.31149,2.9264,3.28783,NN_Adam
0,0,0,0,0,-25.7126,-62.2387,279.025,1.17897,2.73724,1.52226,4.68039,0.0907237,NN_Adam
0,0,0,0,0,15.9691,223.636,295.579,1.49941,0.573003,3.86623,4.52055,6.17791,NN_Adam
0,0,0,0,0,-335.173,347.541,2.87342,2.33794,5.89866,0.685545,0.650977,1.75357,NN_Adam
0,0,0,0,0,-89.4453,117.92,392.078,2.21962,2.74633,4.73678,0.647763,5.93834,NN_Adam
0,0,0,0,0,-0.920088,-76.312,182.103,1.55838,0.667808,3.85317,6.13842,3.18951,NN_Adam
0,0,0,0,0,201.099,-87.3837,271.594,5.87309,4.91852,3.01285,0.631883,0.955645,NN_Adam
0,0,0,0,0,-13.8314,115.996,369.986,1.68943,2.91199,4.76038,0.436297,5.93834,NN_Adam
0,0,0,0,0,346.105,93.4196,169.861,0.263564,4.86286,1.79075,1.82498,2.76285,NN_Adam
0,0,0,0,0,-66.0625,-140.151,50.1581,4.27158,0.940075,5.1225,6.01932,5.26321,NN_Adam
0,0,0,0,0,-264.454,270.847,252.511,2.34426,0.659255,0.606922,6.01284,6.07848,NN_Adam
0,0,0,0,0,-92.6339,-130.631,243.061,4.095,3.54307,2.6394,2.56878,0.341132,NN_Adam
0,0,0,0,0,-254.409,-183.423,480.484,0.624501,1.97412,0.293039,2.03168,0.906681,NN_Adam
0,0,0,0,0,152.308,96.1659,60.5507,3.70473,5.26992,3.2729,2.72756,0.353671,NN_Adam
0,0,0,0,0,-51.2589,259.351,202.135,1.76577,0.31,2.67339,4.80847,4.84654,NN_Adam
0,0,0,0,0,168.329,-390.467,58.3629,1.97772,2.78956,0.48873,2.03807,4.79934,NN_Adam
0,0,0,0,0,174.494,391.212,157.357,1.15103,0.0711238,1.03617,6.1539,1.38371,NN_Adam
0,0,0,0,0,35.3237,318.999,188.18,1.46046,6.26177,2.16619,5.38684,4.84654,NN_Adam
0,0,0,0,0,193.187,30.3712,178.568,3.29744,3.56092,3.09562,4.12906,6.22657,NN_Adam
0,0,0,0,0,-275.078,82.5428,502.356,2.84974,0.776988,1.08942,0.275332,0.988303,NN_Adam
0,0,0,0,0,-298.413,188.148,117.743,2.57883,0.291362,0.758383,5.73222,1.75357,NN_Adam
0,0,0,0,0,-219.303,-74.511,187.173,3.46904,1.92366,3.05937,2.98512,3.28783,NN_Adam
0,0,0,0,0,410.668,30.1667,270.836,3.21469,3.24394,5.19712,2.42831,5.89801,NN_Adam
0,0,0,0,0,-306.483,32.4852,387.63,3.03598,0.660255,1.39702,5.9174,0.988303,NN_Adam
0,0,0,0,0,10.4518,-336.294,311.47,1.60169,3.73729,5.07533,1.25658,1.34452,NN_Adam
0,0,0,0,0,237.286,-201.098,505.676,5.57998,0.394947,0.271503,2.3421,0.596705,SGO_Adam
0,0,0,0,0,402.101,-214.301,133.187,5.79338,5.51762,0.543752,2.39512,5.00623,NN_Adam
0,0,0,0,0,205.905,215.069,161.889,0.806939,4.89886,1.20321,2.82783,4.54565,NN_Adam
0,0,0,0,0,80.5455,52.476,79.9893,3.71896,6.03895,2.63836,2.9101,0.353671,NN_Adam
0,0,0,0,0,-229.222,-437.664,319.876,4.22975,0.0408289,0.265858,1.87971,1.21809,SGO_Adam
0,0,0,0,0,-299.124,-293.678,305.565,0.776024,3.20396,5.39063,2.07992,0.721104,NN_Adam
0,0,0,0,0,-211.042,187.808,39.3424,2.41438,4.28274,1.51116,2.51982,0.164514,NN_Adam
0,0,0,0,0,-291.451,-121.313,408.563,0.394477,1.76999,1.42762,0.945334,1.88987,NN_Adam
0,0,0,0,0,8.14508,-174.466,267.975,1.61743,2.40846,4.33767,4.4478,2.27078,NN_Adam
0,0,0,0,0,229.677,406.053,37.8956,1.056,0.473846,5.01803,1.96573,1.11678,NN_Adam
0,0,0,0,0,-20.2743,-388.545,89.6882,1.51854,2.43193,0.895025,2.04534,1.72265,NN_Adam
0,0,0,0,0,20.3042,-406.668,487.349,4.76229,0.628401,0.090283,1.68018,0.415395,NN_Adam
0,0,0,0,0,-214.998,-246.508,388.034,0.853177,2.04265,1.4201,0.51541,5.67876,NN_Adam
0,0,0,0,0,-179.902,187.664,392.894,2.33489,2.2153,4.73477,1.0811,5.93834,NN_Adam
0,0,0,0,0,-429.713,-65.9561,16.129,3.2938,5.13326,0.821111,2.15127,0.82735,GA_Adam
0,0,0,0,0,114.244,405.93,170.717,1.29629,0.201772,0.900999,6.12269,1.38371,NN_Adam
0,0,0,0,0,168.976,-494.523,222.325,5.04145,6.2135,0.568442,1.1706,1.80074,NN_Adam
0,0,0,0,0,74.7836,60.4781,295.289,0.679603,5.14749,1.91388,2.83166,1.14695,NN_Adam
0,0,0,0,0,161.782,-338.823,62.9065,2.01604,3.6082,0.50936,0.129661,4.79934,NN_Adam
0,0,0,0,0,-371.928,179.048,50.8788,2.69274,6.1362,0.960416,6.13165,1.75357,NN_Adam
0,0,0,0,0,18.812,398,222.972,1.5234,0.938057,6.04035,0.202878,2.05852,NN_Adam
0,0,0,0,0,327.585,-17.288,83.9831,3.08865,3.74474,4.42566,3.32015,6.22657,NN_Adam
0,0,0,0,0,70.0307,-265.962,34.2436,1.82804,4.58854,3.91575,2.80045,2.21858,NN_Adam
0,0,0,0,0,-240.505,476.094,165.488,2.03824,6.10967,0.171259,1.78248,5.31042,NN_Adam
0,0,0,0,0,197.385,-26.7394,202.292,3.00673,3.4591,3.19814,4.08575,6.22657,NN_Adam
0,0,0,0,0,-79.7057,-480.692,361.235,4.54804,0.254745,0.153758,1.75566,0.165034,NN_Adam
0,0,0,0,0,-520.095,24.2334,255.054,3.09498,6.2702,0.191596,1.79898,0.322384,NN_Adam
0,0,0,0,0,-94.6929,426.495,37.5757,4.93047,2.96145,0.338676,1.97376,2.53861,NN_Adam
0,0,0,0,0,-148.213,-176.769,575.276,0.8726,1.92084,0.268006,1.60583,6.01895,NN_Adam
0,0,0,0,0,-263.257,-112.343,123.379,0.40323,2.64146,5.95738,3.53243,3.84344,NN_Adam
0,0,0,0,0,-229.109,-36.2337,275.838,3.29814,0.705239,2.41879,4.8492,0.988303,NN_Adam
0,0,0,0,0,-9.05076,35.4641,330.634,4.96235,2.35785,1.58909,4.81564,0.0907237,NN_Adam
0,0,0,0,0,-506.503,-63.3289,251.329,3.26577,6.22566,0.707038,1.06712,0.322384,NN_Adam
0,0,0,0,0,-68.1943,286.521,566.035,1.80424,0.84729,0.551656,1.06779,5.36892,NN_Adam
0,0,0,0,0,-234.333,295.09,378.087,2.24192,1.06497,0.101292,0.27233,2.03274,NN_Adam
0,0,0,0,0,391.471,-68.8697,137.275,2.9673,2.34967,0.856747,2.04296,5.88884,NN_Adam
0,0,0,0,0,475.085,-146.425,262.11,5.98384,6.09429,0.334444,2.03413,2.70961,NN_Adam
0,0,0,0,0,-436.141,223.657,78.5418,2.66752,6.05518,0.776925,0.522392,1.75357,NN_Adam
0,0,0,0,0,-27.386,278.876,302.261,1.66867,0.676354,4.20586,4.04638,6.17791,NN_Adam
0,0,0,0,0,247.516,-468.245,205.066,5.19861,6.17596,0.18616,1.79042,1.80074,NN_Adam
0,0,0,0,0,-114.518,-494.838,208.397,4.48494,6.13876,0.834989,0.86912,0.191397,NN_Adam
0,0,0,0,0,-336.652,221.328,224.103,2.55971,0.0314147,1.48996,6.04067,0.999488,NN_Adam
0,0,0,0,0,-355.777,-328.473,2.45436,3.88688,6.10733,0.350848,0.691206,0.444879,GA_Adam
0,0,0,0,0,-265.122,403.613,144.433,2.15182,6.27412,0.761535,0.373602,6.07848,NN_Adam
0,0,0,0,0,191.564,-371.625,274.869,5.18817,0.783508,0.17002,0.18154,2.87431,NN_Adam
0,0,0,0,0,-76.0297,-5.66328,533.024,3.21588,0.40826,1.10767,2.13692,3.33779,NN_Adam
0,0,0,0,0,253.184,-305.784,19.1135,2.26219,3.54704,0.577039,0.376951,4.79934,NN_Adam
0,0,0,0,0,-132.559,6.25945,407.362,3.09435,1.13138,2.14918,5.26544,0.988303,NN_Adam
0,0,0,0,0,-219.544,127.4,261.125,2.61578,0.636988,3.48668,4.39444,6.17791,NN_Adam
0,0,0,0,0,-124.666,263.687,456.823,2.01232,1.47456,6.17336,0.313293,1.23374,NN_Adam
0,0,0,0,0,510.768,7.09923,241.102,0.0139746,6.10146,0.325912,1.9183,2.89142,NN_Adam
0,0,0,0,0,242.985,-28.2229,250.459,3.02583,3.30691,3.8089,3.74496,6.22657,NN_Adam
0,0,0,0,0,-252.56,-314.76,11.4572,0.89408,2.74665,0.95448,1.61372,6.08012,NN_Adam
0,0,0,0,0,136.722,340.924,195.296,1.18923,6.12071,1.94238,5.8002,4.84654,NN_Adam
0,0,0,0,0,-236.476,-229.772,209.221,0.771009,4.17144,4.93517,1.10901,0.721104,NN_Adam
0,0,0,0,0,-507.189,-77.9005,284.852,3.29393,0.0491449,0.191181,1.79819,0.322384,NN_Adam
0,0,0,0,0,-220.195,-427.258,34.7399,4.2364,6.07254,0.615795,0.506944,0.291986,NN_Adam
0,0,0,0,0,113.466,-28.5409,245.82,6.03656,4.61608,3.77969,0.141673,0.955645,NN_Adam
0,0,0,0,0,-113.636,322.91,77.7106,1.90911,4.61328,1.52812,2.21127,0.164514,NN_Adam
0,0,0,0,0,247.527,-157.284,20.6902,2.57515,3.94534,4.30196,3.44386,6.22657,NN_Adam
0,0,0,0,0,47.7363,-374.03,210.947,4.83929,5.55044,0.52918,2.88448,2.3339,NN_Adam
0,0,0,0,0,-130.206,237.448,534.07,2.07229,1.05825,0.6653,0.423672,5.36892,NN_Adam
0,0,0,0,0,262.392,-376.181,328.252,5.32126,0.365055,0.71572,0.520498,5.34562,NN_Adam
0,0,0,0,0,-3.30237,-139.336,198.84,1.54707,0.947181,3.37435,0.154625,3.18951,NN_Adam
0,0,0,0,0,-153.782,23.0134,565.323,2.99277,0.478856,0.913961,1.92789,3.33779,NN_Adam
0,0,0,0,0,-289.72,-34.7559,480.094,0.119102,2.7847,6.08297,0.8605,1.88987,NN_Adam
0,0,0,0,0,-209.778,-74.2747,546.306,3.48183,1.93065,5.14139,1.59798,5.93834,NN_Adam
0,0,0,0,0,-261.443,-244.338,288.301,0.75145,3.15817,4.83386,2.95649,0.721104,NN_Adam
0,0,0,0,0,19.4347,-120.82,454.386,1.73008,0.648908,1.7341,1.73959,6.01895,NN_Adam
0,0,0,0,0,169.746,437.449,117.389,1.2004,6.22604,0.8276,0.242774,1.38371,NN_Adam
0,0,0,0,0,24.3078,-218.661,354.298,1.68145,3.83852,4.83433,0.916179,1.34452,NN_Adam
0,0,0,0,0,-63.3723,367.596,385.341,1.74144,1.18413,6.16443,0.397552,1.23374,NN_Adam
0,0,0,0,0,-127.582,214.163,431.204,2.1077,2.20219,4.79189,1.19035,5.93834,NN_Adam
0,0,0,0,0,-218.124,-137.183,261.211,3.7027,5.67526,2.93923,6.02592,1.26648,NN_Adam
0,0,0,0,0,224.173,-407.996,406.885,5.21476,0.400607,0.115507,1.71104,0.586595,NN_Adam
0,0,0,0,0,-199.577,-189.597,488.669,0.759628,1.79082,0.327771,2.24059,0.906681,NN_Adam
0,0,0,0,0,402.534,12.2343,143.361,3.17184,2.43929,0.600488,2.24248,5.88884,NN_Adam
0,0,0,0,0,-150.317,283.66,43.7025,2.05771,4.45121,1.52587,2.28858,0.164514,NN_Adam
0,0,0,0,0,219.86,-123.725,62.359,2.62877,3.85744,3.8853,3.82098,6.22657,NN_Adam
0,0,0,0,0,-357.322,185.744,144.913,2.66215,0.142055,1.00177,5.96842,1.75357,NN_Adam
0,0,0,0,0,-166.915,265.302,16.7552,2.13226,4.38299,1.49978,2.29416,0.164514,NN_Adam
0,0,0,0,0,-170.757,3.66113,562.058,3.12005,0.452735,0.901666,1.92709,3.33779,NN_Adam
0,0,0,0,0,-140.293,-381.571,177.571,1.21832,2.40637,0.526787,2.26322,1.4549,NN_Adam
0,0,0,0,0,-82.078,468.126,394.444,1.7443,0.431826,0.0643781,1.64909,1.23374,NN_Adam
0,0,0,0,0,268.641,30.8426,206.533,3.25585,3.41072,3.96009,3.71099,6.22657,NN_Adam
0,0,0,0,0,177.145,-361.613,470.087,5.16785,0.385887,0.276644,1.89678,5.13599,NN_Adam
0,0,0,0,0,377.556,-211.352,201.174,2.63112,2.5013,0.464006,2.03604,0.428259,NN_Adam
0,0,0,0,0,490.983,34.7326,286.842,0.0705762,6.14474,0.371167,1.97881,2.89142,NN_Adam
0,0,0,0,0,134.121,-11.1361,18.931,6.20034,2.64669,3.55969,0.571677,4.42808,NN_Adam
0,0,0,0,0,-165.081,276.269,85.8966,2.10924,4.52452,1.58317,2.30099,0.164514,NN_Adam
0,0,0,0,0,33.7875,494.855,297.355,1.50257,0.0813783,0.707301,0.975472,2.05852,NN_Adam
0,0,0,0,0,222.602,-415.809,120.883,2.06227,3.07058,0.100773,1.69386,4.79934,NN_Adam
0,0,0,0,0,-369.435,-26.3541,370.765,0.0710834,2.01278,0.666554,1.92491,1.88987,NN_Adam
0,0,0,0,0,-302.259,52.7212,231.934,2.96881,0.641854,1.04021,5.45993,1.75357,NN_Adam
0,0,0,0,0,-175.432,-140.075,21.7477,3.81535,0.218308,0.0801515,5.56389,0.954884,NN_Adam
0,0,0,0,0,-337.775,351.559,340.922,2.33621,0.102848,0.255252,1.85703,0.572269,NN_Adam
0,0,0,0,0,-390.789,-328.997,74.8681,3.84123,6.03868,0.606937,0.818819,0.444879,NN_Adam
0,0,0,0,0,154.727,402.668,298.843,1.20353,1.07878,4.74513,2.38203,2.83862,NN_Adam
0,0,0,0,0,-206.952,-384.326,33.7146,4.2181,6.28208,0.48009,0.15415,0.291986,NN_Adam
0,0,0,0,0,369.023,-314.74,301.129,5.57687,0.110224,0.802403,0.797849,2.71482,NN_Adam
0,0,0,0,0,-91.3058,-327.052,298.868,1.29843,1.96249,0.537819,2.55003,1.4549,NN_Adam
0,0,0,0,0,-42.0165,-271.44,486.799,1.41705,2.98697,5.23695,1.70782,1.34452,NN_Adam
0,0,0,0,0,44.043,258.433,266.078,1.40164,0.268171,2.66283,5.15365,4.84654,NN_Adam
0,0,0,0,0,-22.6074,332.518,295.034,1.63836,0.172902,1.94128,5.76625,4.84654,NN_Adam
0,0,0,0,0,284.759,-240.849,334.409,5.58108,0.582164,1.02221,6.09851,5.34562,NN_Adam
0,0,0,0,0,272.571,-6.3332,123.475,3.11821,3.70618,3.91969,3.70715,6.22657,NN_Adam
0,0,0,0,0,-201.353,-341.955,47.0995,1.03844,2.56162,1.12497,1.58113,6.08012,NN_Adam
0,0,0,0,0,117.935,56.5712,232.122,0.447156,4.86257,1.6335,3.19509,1.14695,NN_Adam
0,0,0,0,0,-474.394,-210.866,274.47,3.55983,0.0748698,0.15008,1.75093,0.384745,NN_Adam
0,0,0,0,0,-505.759,-101.577,115.136,3.33957,5.94944,0.770638,0.956497,0.721104,NN_Adam
0,0,0,0,0,-391.677,39.9929,303.626,3.03957,5.92824,1.83954,0.442169,5.86949,NN_Adam
0,0,0,0,0,319.599,-274.111,45.8306,2.43256,3.79747,6.09377,0.852617,0.758087,NN_Adam
0,0,0,0,0,434.355,-94.5433,103.79,2.92717,2.93881,0.842632,0.902406,3.16442,NN_Adam
0,0,0,0,0,264.118,258.516,153.182,0.774551,5.98044,5.4615,3.62328,5.4464,NN_Adam
0,0,0,0,0,-290.754,287.626,360.931,2.36136,0.569102,0.792809,0.200498,0.572269,NN_Adam
0,0,0,0,0,-32.9961,28.1177,314.008,5.57739,2.46428,1.57104,4.75412,0.0907237,NN_Adam
0,0,0,0,0,430.889,177.107,106.488,3.53152,3.00723,0.1773,1.78564,4.04251,NN_Adam
0,0,0,0,0,-39.0906,-378.008,297.964,1.4675,3.60954,5.14606,1.55752,1.34452,NN_Adam
0,0,0,0,0,-419.977,-259.415,214.169,3.69481,5.88763,0.463341,2.0744,0.384745,NN_Adam
0,0,0,0,0,-56.1318,-17.4891,135.41,0.302151,6.10939,2.16869,3.23602,5.50527,NN_Adam
0,0,0,0,0,360.735,-196.176,122.621,5.78512,5.30356,0.674956,2.60229,5.00623,NN_Adam
0,0,0,0,0,342.71,204.978,65.424,3.68047,2.66983,0.500457,2.29049,4.3676,NN_Adam
0,0,0,0,0,126.787,367.965,352.069,1.23877,6.22317,0.113567,2.77581,2.53824,NN_Adam
0,0,0,0,0,69.5873,308.457,13.1166,1.34871,1.06076,4.65075,1.01844,1.11678,NN_Adam
0,0,0,0,0,-5.96537,173.59,334.814,1.60497,0.763281,3.95078,4.57889,6.17791,NN_Adam
0,0,0,0,0,-15.776,505.057,215.936,1.60185,6.16367,0.845744,0.834012,0.458874,NN_Adam
0,0,0,0,0,-181.291,422.058,188.057,1.97641,5.48938,1.30863,1.45789,0.486989,NN_Adam
0,0,0,0,0,-262.209,67.9599,231.824,6.02938,1.45133,2.36535,0.825124,0.906191,NN_Adam
0,0,0,0,0,303.699,-109.247,139.631,2.79602,1.99613,2.10325,0.788683,0.246225,NN_Adam
0,0,0,0,0,27.591,-493.477,128.725,4.768,0.327654,6.28279,0.704458,5.80573,GA_Adam
0,0,0,0,0,-492.23,-180.581,59.0245,3.49316,5.87114,0.193,1.80495,5.9272,SGO_Adam
0,0,0,0,0,-479.787,123.617,43.7863,2.88934,5.71856,0.940984,0.86736,4.41349,NN_Adam
0,0,0,0,0,177.05,-146.761,168.256,2.44929,3.539,3.51206,4.00153,6.22657,NN_Adam
0,0,0,0,0,-293.103,-368.627,190.126,0.898924,2.94622,0.0903018,1.68087,1.4549,NN_Adam
0,0,0,0,0,104.679,-309.611,263.448,5.03839,1.09671,0.0205749,6.01945,2.87431,NN_Adam
0,0,0,0,0,163.327,-168.025,78.757,2.34195,4.81606,3.56607,2.75477,2.21858,NN_Adam
0,0,0,0,0,111.991,-20.6077,194.054,6.10077,4.35717,4.03225,6.10582,0.955645,NN_Adam
0,0,0,0,0,-324.087,168.928,171.092,2.661,0.269647,1.11149,5.71247,1.75357,NN_Adam
0,0,0,0,0,175.129,146.254,0.180079,3.83718,4.94031,3.72292,2.75333,0.353671,NN_Adam
0,0,0,0,0,128.938,-406.444,127.443,1.87781,2.61284,0.478388,2.12236,4.79934,NN_Adam
0,0,0,0,0,-222.215,423.604,234.62,2.05361,5.76912,1.11897,1.37633,0.486989,NN_Adam
0,0,0,0,0,-291.075,378.067,214.73,2.22674,0.0531203,0.902721,0.379089,6.07848,NN_Adam
0,0,0,0,0,40.0426,351.027,461.737,1.45704,0.316464,1.25598,0.647134,0.374479,SGO_Adam
0,0,0,0,0,-212.423,-344.163,267.553,1.01767,2.3031,0.404474,2.24374,1.4549,NN_Adam
0,0,0,0,0,-350.275,35.0781,223.388,3.04162,0.504357,0.982706,5.70845,1.75357,NN_Adam
0,0,0,0,0,-288.745,250.502,233.843,2.4268,0.621237,0.582391,6.01265,6.07848,NN_Adam
0,0,0,0,0,-119.511,179.338,196.378,2.1584,4.24125,2.07697,2.5332,0.486989,NN_Adam
0,0,0,0,0,-279.138,146.975,312.186,2.65692,0.924201,4.16538,3.63973,6.17791,NN_Adam
0,0,0,0,0,106.747,-2.80863,97.9361,3.11524,5.99945,2.64376,2.83383,0.353671,NN_Adam
0,0,0,0,0,274.161,-267.164,440.197,5.5106,1.26886,5.07552,2.19034,0.586595,NN_Adam
0,0,0,0,0,215.234,-270.865,463.535,5.3835,1.38006,4.9447,2.34693,0.586595,NN_Adam
0,0,0,0,0,165.729,-266.912,257.328,5.26796,1.14318,6.24388,5.97988,2.87431,NN_Adam
0,0,0,0,0,-78.9709,-22.8792,97.0675,0.281942,0.163226,2.381,2.9352,5.50527,NN_Adam
0,0,0,0,0,-373.503,124.162,122.312,2.82028,0.200034,0.80499,5.95548,1.75357,NN_Adam
0,0,0,0,0,-187.792,122.375,276.512,2.56377,0.796859,2.87003,4.59506,6.17791,NN_Adam
0,0,0,0,0,-30.0296,-29.7346,222.659,0.780461,2.96941,1.32057,4.47791,0.0907237,NN_Adam
0,0,0,0,0,-132.848,-443.519,302.07,4.42104,0.608563,0.249646,0.547832,0.191397,NN_Adam
0,0,0,0,0,345.986,-61.2555,132.77,2.96612,2.13934,1.03301,2.2422,5.88884,NN_Adam
0,0,0,0,0,57.9614,-51.8378,319.922,5.55345,4.89812,3.41075,0.761415,0.955645,NN_Adam
0,0,0,0,0,35.4919,191.595,124.443,1.38711,3.10135,3.66593,0.651555,1.68825,NN_Adam
0,0,0,0,0,-35.039,-201.216,359.217,1.39813,3.8356,4.80623,0.883783,1.34452,NN_Adam
0,0,0,0,0,-98.042,-227.806,333.229,4.30595,2.46483,3.86292,1.91799,0.341132,NN_Adam
0,0,0,0,0,36.627,205.818,267.129,1.39463,0.270036,3.95479,4.77381,6.17791,NN_Adam
0,0,0,0,0,-128.045,-283.275,240.034,1.14597,1.55444,1.68821,1.69318,6.03257,NN_Adam
0,0,0,0,0,-264.144,-25.8811,360.499,3.2393,0.802534,1.52523,5.54365,0.988303,NN_Adam
0,0,0,0,0,148.462,-277.075,404.767,2.0626,3.33926,5.30902,1.24891,1.90659,NN_Adam
0,0,0,0,0,-40.2472,182.913,382.515,1.78703,0.99627,4.30707,4.14452,6.17791,NN_Adam
0,0,0,0,0,-36.0423,-204.523,459.933,1.39615,1.12762,1.51925,1.54173,6.01895,NN_Adam
0,0,0,0,0,127.214,-285.442,193.622,1.98993,4.19858,4.12034,2.39229,0.247987,NN_Adam
0,0,0,0,0,494.424,38.6583,205.366,0.0778207,5.91685,1.07779,0.977371,2.89142,NN_Adam
0,0,0,0,0,365.842,307.384,136.995,0.698542,0.016669,5.43236,2.81857,5.4464,NN_Adam
0,0,0,0,0,420.406,63.3154,129.612,3.29094,2.58447,0.53081,2.08969,5.88884,NN_Adam
0,0,0,0,0,-416.325,54.1361,110.828,3.01202,0.050611,0.900673,6.11622,1.75357,NN_Adam
0,0,0,0,0,-179.942,-350.105,29.0031,1.09589,2.61404,1.06966,1.64759,6.08012,NN_Adam
0,0,0,0,0,254.622,95.9042,10.6957,0.359902,4.59755,2.76026,0.0123541,1.59582,NN_Adam
0,0,0,0,0,396.039,113.967,12.6219,3.42173,3.1413,0.993841,0.675028,0.917386,SGO_Adam
0,0,0,0,0,-297.633,273.687,157.007,2.39791,0.375267,0.586565,6.08162,6.07848,NN_Adam
0,0,0,0,0,-255.657,251.895,281.781,2.36343,0.740794,0.680048,5.93784,6.07848,NN_Adam
0,0,0,0,0,131.662,-77.5359,141.319,2.60912,3.86371,2.56093,4.20548,6.22657,NN_Adam
0,0,0,0,0,-275.002,190.629,93.4053,2.53531,0.272858,0.671691,5.68174,1.75357,NN_Adam
0,0,0,0,0,63.9287,-238.907,480.2,1.83203,3.09639,5.28964,1.30301,1.90659,NN_Adam
0,0,0,0,0,-32.7552,435.428,180.247,1.64571,0.50804,0.251494,0.139933,0.458874,NN_Adam
0,0,0,0,0,260.09,409.608,87.107,1.0048,0.504768,5.09635,2.02152,1.11678,NN_Adam
0,0,0,0,0,431.178,-182.344,65.061,2.74149,3.26833,0.0290634,1.60631,3.16442,NN_Adam
0,0,0,0,0,-453.138,231.823,285.922,2.66853,0.0700056,0.554539,1.17336,0.885108,SGO_Adam
0,0,0,0,0,21.4847,61.7331,93.9336,4.37735,5.86561,2.40468,3.27487,0.353671,NN_Adam
0,0,0,0,0,25.3594,-295.401,174.614,1.65617,1.584,1.82484,1.73856,6.03257,NN_Adam
0,0,0,0,0,352.71,282.426,104.278,0.675121,6.21796,5.27461,3.05065,5.4464,NN_Adam
0,0,0,0,0,280.526,134.15,76.4941,0.446139,4.80241,2.66817,0.191645,1.59582,NN_Adam
0,0,0,0,0,-19.5953,404.23,451.361,1.61899,0.516966,0.722989,0.808868,1.23374,NN_Adam
0,0,0,0,0,21.6561,216.166,257.871,1.47098,0.227455,3.95333,4.75722,6.17791,NN_Adam
0,0,0,0,0,-332.196,36.0076,524.781,3.03343,0.565955,0.144533,2.11316,0.390971,NN_Adam
0,0,0,0,0,41.3806,502.811,32.7267,1.48851,5.77255,0.757513,0.987865,5.82413,NN_Adam
0,0,0,0,0,-35.1857,213.804,292.443,1.73381,0.508454,3.91131,4.59228,6.17791,NN_Adam
0,0,0,0,0,-424.219,150.509,191.343,2.80032,5.80704,1.57029,0.455197,5.86949,NN_Adam
0,0,0,0,0,-21.0985,-373.98,199.84,1.5143,2.01347,1.43733,1.47432,6.03257,NN_Adam
0,0,0,0,0,-104.505,422.75,62.5985,4.95459,2.86526,0.365633,2.03572,2.53861,NN_Adam
0,0,0,0,0,-429.145,262.089,95.1721,2.59327,6.0135,0.788194,0.687367,1.75357,NN_Adam
0,0,0,0,0,-109.496,-243.797,529.204,1.14835,1.8353,0.387151,1.87542,6.01895,NN_Adam
0,0,0,0,0,274.593,260.046,182.266,0.758118,6.04939,5.54563,3.53788,5.4464,NN_Adam
0,0,0,0,0,52.1555,465.73,262.864,1.45921,0.639404,0.0598252,0.574322,2.05852,NN_Adam
0,0,0,0,0,-91.1181,5.28523,219.245,6.22522,3.16951,1.14798,4.71739,0.0907237,NN_Adam
0,0,0,0,0,-420.845,-200.037,318.109,3.58512,0.0156533,1.03859,0.753388,3.41488,NN_Adam
0,0,0,0,0,-430.738,-198.082,156.168,3.57241,5.71373,0.339536,2.40357,0.384745,NN_Adam
0,0,0,0,0,-233.465,-160.366,399.77,0.601549,1.5748,1.72248,0.837611,1.88987,NN_Adam
0,0,0,0,0,-340.515,166.248,47.3463,2.68713,6.23166,0.894219,5.92486,1.75357,NN_Adam
0,0,0,0,0,-62.8485,278.524,93.3477,1.79251,4.33339,1.70115,2.42325,0.164514,NN_Adam
0,0,0,0,0,-190.999,-349.822,36.156,1.07085,2.61514,1.05241,1.63382,6.08012,NN_Adam
0,0,0,0,0,-69.6071,-314.095,150.983,1.35264,1.79742,1.70911,1.6767,6.03257,NN_Adam
0,0,0,0,0,82.6526,487.514,208.397,1.40269,6.04229,1.04688,0.768702,1.38371,NN_Adam
0,0,0,0,0,43.2982,420.251,96.6345,1.46778,0.290566,0.331028,0.0258496,5.82413,NN_Adam
0,0,0,0,0,-137.687,203.784,119.674,2.16483,4.22756,1.74581,2.64746,0.164514,NN_Adam
0,0,0,0,0,-62.2134,-3.8671,582.127,3.20325,0.689686,0.947243,1.88649,3.33779,NN_Adam
0,0,0,0,0,-148.316,159.12,276.601,2.32097,0.969894,2.90868,4.41425,6.17791,NN_Adam
0,0,0,0,0,-203.921,-281.393,175.127,4.08524,5.68959,2.39466,5.97601,1.26648,NN_Adam
0,0,0,0,0,495.505,-122.566,191.869,6.04073,5.94097,0.368056,1.98865,2.70961,NN_Adam
0,0,0,0,0,-156.308,426.056,167.551,1.92231,5.39595,1.34687,1.49134,0.486989,NN_Adam
0,0,0,0,0,-187.073,338.802,451.311,2.07518,0.515809,0.879913,0.626412,5.36892,NN_Adam
0,0,0,0,0,-279.32,-91.6912,86.045,0.317073,2.73784,6.03726,3.42928,3.84344,NN_Adam
0,0,0,0,0,359.736,245.207,124.32,3.73968,2.69981,0.365727,2.11933,4.3676,NN_Adam
0,0,0,0,0,-286.303,-79.3318,298.446,3.41175,5.85077,2.54359,6.22374,1.26648,NN_Adam
0,0,0,0,0,123.47,84.3053,16.257,3.74054,5.42664,3.21549,2.8775,0.353671,NN_Adam
0,0,0,0,0,-36.3494,-434.692,204.863,4.6288,0.699844,6.24431,0.298175,0.191397,NN_Adam
0,0,0,0,0,20.6462,-137.854,358.502,1.71944,0.465773,1.93111,2.0812,6.01895,NN_Adam
0,0,0,0,0,63.5613,256.278,197.716,1.32753,0.338601,2.49268,4.82816,4.84654,NN_Adam
0,0,0,0,0,9.40984,116.855,149.177,1.49022,3.26564,4.22823,6.13936,1.68825,NN_Adam
0,0,0,0,0,205.981,-351.15,450.873,5.24273,0.269405,0.341155,1.97813,5.13599,NN_Adam
0,0,0,0,0,122.717,-404.726,19.7277,1.86489,3.13205,0.901622,0.78705,1.63146,NN_Adam
0,0,0,0,0,-204.211,-312.435,185.821,4.13342,5.73147,2.18707,6.15038,1.26648,NN_Adam
0,0,0,0,0,-48.9081,-41.0629,134.623,0.698711,6.17857,2.18418,3.18388,5.50527,NN_Adam
0,0,0,0,0,292.421,-30.4632,225.627,3.03753,2.2975,2.20371,6.04282,2.71482,NN_Adam
0,0,0,0,0,-182.906,-296.101,333.211,1.01735,1.99562,0.450452,2.45826,1.4549,NN_Adam
0,0,0,0,0,-229.692,91.8466,353.861,2.76115,0.695307,1.93935,5.41357,0.988303,NN_Adam
0,0,0,0,0,12.0725,62.0265,203.425,1.37855,4.48879,1.80746,3.45799,1.6879,NN_Adam
0,0,0,0,0,-134.698,-26.3349,619.162,3.33454,0.919414,0.443177,1.85963,3.33779,NN_Adam
0,0,0,0,0,-167.532,-24.7996,575.314,3.28847,0.535703,0.851331,1.85303,3.33779,NN_Adam
0,0,0,0,0,-88.77,-17.4326,400.897,3.33548,1.30489,2.35634,5.09953,0.988303,NN_Adam
0,0,0,0,0,387.514,-341.012,129.463,5.56136,6.02546,6.19059,2.24035,0.00805729,SGO_Adam
0,0,0,0,0,-193.715,94.144,455.982,2.68906,2.29595,4.85624,1.12751,5.93834,NN_Adam
0,0,0,0,0,-51.4946,119.183,382.508,1.97851,2.83794,4.75034,0.539268,5.93834,NN_Adam
0,0,0,0,0,-1.30356,-202.379,171.85,4.70586,1.44279,5.51302,5.81424,5.26321,NN_Adam
0,0,0,0,0,-473.173,65.6579,387.102,3.00379,0.373887,0.0997553,1.69163,2.06914,NN_Adam
0,0,0,0,0,-364.656,142.415,222.778,2.76901,5.7792,2.03148,0.115387,5.86949,NN_Adam
0,0,0,0,0,-236.289,67.2301,238.354,6.00581,1.31221,2.535,0.730355,0.906191,NN_Adam
0,0,0,0,0,99.9442,128.59,240.825,0.910043,4.89744,1.61557,3.05047,0.786399,NN_Adam
0,0,0,0,0,-269.95,186.702,248.937,2.53616,0.818166,0.5583,5.75532,6.07848,NN_Adam
0,0,0,0,0,234.258,464.866,279.811,1.10396,0.143092,0.100552,1.69431,2.83862,NN_Adam
0,0,0,0,0,67.2445,-223.716,219.272,1.86265,2.7291,4.63349,4.15705,2.27078,NN_Adam
0,0,0,0,0,-295.334,-170.829,422.879,0.524177,1.96455,1.09646,1.05643,1.88987,NN_Adam
0,0,0,0,0,338.397,272.664,193.505,3.81965,2.71488,0.972368,0.78156,4.04251,NN_Adam
0,0,0,0,0,250.732,-238.044,241.299,2.38186,3.90963,4.46306,2.22185,0.247987,NN_Adam
0,0,0,0,0,-39.0506,-145.631,298.122,1.30839,2.25786,4.23487,4.48761,2.27078,NN_Adam
0,0,0,0,0,-374.286,298.855,156.629,2.46759,6.06842,1.09561,0.402883,0.999488,NN_Adam
0,0,0,0,0,139.002,-7.18259,255.393,6.23152,4.63923,3.59952,0.301072,0.955645,NN_Adam
0,0,0,0,0,-166.101,-493.884,209.816,4.38791,6.18248,0.628533,1.08982,0.191397,NN_Adam
0,0,0,0,0,111.959,304,328.385,1.21793,1.7923,4.0863,2.36832,2.83862,NN_Adam
0,0,0,0,0,226.349,-210.658,403.303,5.53361,1.67939,4.29966,2.58981,0.586595,NN_Adam
0,0,0,0,0,96.1222,-291.831,548.42,5.03038,0.626493,0.221798,2.01567,5.13599,NN_Adam
0,0,0,0,0,-230.852,102.943,5.80338,2.72217,4.11922,1.45345,2.63467,0.164514,NN_Adam
0,0,0,0,0,-329.616,-275.562,203.266,3.83779,5.7794,1.74698,0.342024,1.08158,NN_Adam
0,0,0,0,0,-410.357,89.5676,311.766,2.92652,6.00384,1.59064,0.620911,5.86949,NN_Adam
0,0,0,0,0,395.924,-340.34,76.7098,5.57351,5.84403,0.241613,1.8701,0.00805729,NN_Adam
0,0,0,0,0,320.214,-300.806,146.604,5.52878,5.59905,0.310956,2.68465,0.00805729,NN_Adam
0,0,0,0,0,-366.752,188.795,237.583,2.666,0.0141808,1.4678,6.15822,0.999488,NN_Adam
0,0,0,0,0,247.727,-345.422,448.264,5.33429,0.917492,5.68155,1.93158,0.586595,NN_Adam
0,0,0,0,0,-177.043,-468.788,118.458,4.35121,6.10975,0.764814,0.616784,0.191397,NN_Adam
0,0,0,0,0,427.23,-107.606,36.0176,2.89426,3.05381,0.762398,1.08226,3.16442,NN_Adam
0,0,0,0,0,300.819,-283.618,427.757,5.52692,1.08369,5.29276,2.12433,0.586595,NN_Adam
0,0,0,0,0,-375.839,385.893,142.446,2.34292,6.16112,0.0934325,1.68323,0.999488,NN_Adam
0,0,0,0,0,-84.9042,-221.15,557.087,1.20375,1.79671,0.35491,1.82348,6.01895,NN_Adam
0,0,0,0,0,-145.997,60.4687,383.202,2.74852,1.10387,2.0965,5.16076,0.988303,NN_Adam
0,0,0,0,0,-139.142,-184.469,160.713,4.06592,5.31239,3.38359,5.68113,1.26648,NN_Adam
0,0,0,0,0,-295.729,317.924,325.196,2.31988,0.473468,0.744617,0.264184,0.572269,NN_Adam
0,0,0,0,0,174.855,336.514,46.527,1.09144,0.984243,4.79756,1.21297,1.11678,NN_Adam
0,0,0,0,0,-228.148,-6.05273,36.0123,0.0264451,2.80029,6.20875,3.59547,3.84344,NN_Adam
0,0,0,0,0,-0.737236,281.82,286.233,1.57329,0.614722,4.15105,4.10164,6.17791,NN_Adam
0,0,0,0,0,-136.474,-289.201,342.5,1.12978,1.87495,0.469914,2.59374,1.4549,NN_Adam
0,0,0,0,0,-18.2464,64.9674,31.6901,4.9862,5.87097,2.70598,3.2077,0.353671,NN_Adam
0,0,0,0,0,-346.212,310.935,102.401,2.4098,6.03065,1.07604,0.24368,0.999488,NN_Adam
0,0,0,0,0,28.6222,-285.506,275.57,1.67064,4.03244,4.96683,0.900639,1.34452,NN_Adam
0,0,0,0,0,-164.486,-323.575,418.714,1.09981,2.6553,5.61903,2.36271,2.04068,NN_Adam
0,0,0,0,0,11.4398,279.596,130.916,1.52959,2.02429,3.68361,1.75959,1.68825,NN_Adam
0,0,0,0,0,-17.743,197.22,374.291,1.66037,0.952784,4.28976,4.14985,6.17791,NN_Adam
0,0,0,0,0,-421.606,-68.7,467.836,3.30304,0.661418,0.017811,1.59275,6.25163,SGO_Adam
0,0,0,0,0,313.191,-88.6507,35.5923,2.86542,3.8581,4.50223,3.26187,6.22657,NN_Adam
0,0,0,0,0,-55.531,269.448,314.476,1.77397,0.706961,4.25457,4.03111,6.17791,NN_Adam
0,0,0,0,0,284.064,-407.497,302.956,5.32135,0.052045,0.698319,1.07967,5.34562,NN_Adam
0,0,0,0,0,276.682,-91.4044,50.794,2.82226,3.83029,4.24652,3.55526,6.22657,NN_Adam
0,0,0,0,0,451.027,-245.226,72.241,5.78502,5.76069,0.285721,1.9648,5.00623,NN_Adam
0,0,0,0,0,216.053,288.77,69.5868,0.928408,4.87083,1.03452,2.56305,4.54565,NN_Adam
0,0,0,0,0,-57.9774,-531.354,178.805,4.60366,6.16361,0.151573,1.75165,0.191397,NN_Adam
0,0,0,0,0,171.748,121.099,15.2391,3.75548,5.06165,3.57092,2.74993,0.353671,NN_Adam
0,0,0,0,0,129.481,175.824,12.9119,4.07758,5.00761,3.62596,2.7469,0.353671,NN_Adam
0,0,0,0,0,-382.37,301.077,239.198,2.47449,6.22375,0.981525,0.620051,0.999488,NN_Adam
0,0,0,0,0,-112.839,267.595,352.756,1.96972,1.52207,5.98345,6.27465,1.23374,NN_Adam
0,0,0,0,0,-233.128,360.88,289.422,2.14436,0.461759,0.753215,0.10823,0.572269,NN_Adam
0,0,0,0,0,-343.791,-49.8712,415.46,0.143836,1.96259,0.539012,2.00386,1.88987,NN_Adam
0,0,0,0,0,-21.4673,514.934,65.0776,1.61218,5.81262,0.709888,1.12919,5.82413,NN_Adam
0,0,0,0,0,-207.669,195.589,182.076,2.38566,0.562679,0.985801,5.30898,1.75357,NN_Adam
0,0,0,0,0,-79.7301,328.788,317.146,1.8084,0.183432,1.87584,5.89852,4.84654,NN_Adam
0,0,0,0,0,457.371,24.5519,279.326,0.0534258,5.92106,0.569666,2.1857,2.89142,NN_Adam
0,0,0,0,0,-290.829,-51.8817,149.968,0.176376,2.58974,5.92041,3.50396,3.84344,NN_Adam
0,0,0,0,0,-154.721,308.689,57.2076,2.03536,4.58449,1.52327,2.16013,0.164514,NN_Adam
0,0,0,0,0,484.682,-123.238,336.926,6.03415,0.23753,0.122276,1.71928,5.4841,NN_Adam
0,0,0,0,0,370.362,364.169,158.941,0.776918,5.94941,0.265256,1.97623,5.4464,NN_Adam
0,0,0,0,0,-10.3072,-185.011,7.96659,4.65669,0.724242,5.22426,6.18446,5.26321,NN_Adam
0,0,0,0,0,224.599,474.517,44.7484,1.12822,6.22901,5.91537,1.81413,1.11678,NN_Adam
0,0,0,0,0,-359.557,-271.196,49.3201,0.646165,3.02954,0.263287,1.86973,0.996245,NN_Adam
0,0,0,0,0,-30.1647,-183.136,427.774,1.40709,0.908953,1.67305,1.71909,6.01895,NN_Adam
0,0,0,0,0,-323.081,-206.299,151.21,3.70966,5.49547,2.17733,0.0941078,1.26648,NN_Adam
0,0,0,0,0,105.402,-26.8581,64.4798,2.89203,5.99551,2.79009,2.78859,0.353671,NN_Adam
0,0,0,0,0,458.544,-86.2978,118.234,2.95473,3.01405,0.439754,1.29048,3.16442,NN_Adam
0,0,0,0,0,-56.5286,78.0903,246.802,5.33866,3.00681,1.33995,4.73801,0.0907237,NN_Adam
0,0,0,0,0,-63.413,416.841,338.62,1.72166,5.8804,1.17574,1.61079,0.486989,NN_Adam
0,0,0,0,0,-153.548,290.951,393.762,2.05639,1.39462,6.05207,0.268941,1.23374,NN_Adam
0,0,0,0,0,-201.824,-124.219,610.949,3.69327,1.07952,0.0630829,1.64811,5.93834,NN_Adam
0,0,0,0,0,-393.198,-16.176,245.895,3.18259,0.477192,0.857056,6.02301,0.458783,NN_Adam
0,0,0,0,0,349.891,185.617,62.7982,3.62928,2.66242,0.514035,2.30272,4.3676,NN_Adam
0,0,0,0,0,-400.298,-7.44901,357.863,0.0185562,2.26694,0.368268,1.95505,1.88987,NN_Adam
0,0,0,0,0,-307.959,189.628,79.5269,2.58964,0.180183,0.689098,5.83544,1.75357,NN_Adam
0,0,0,0,0,114.286,-454.738,290.213,4.95857,6.03741,0.442983,2.163,2.3339,NN_Adam
0,0,0,0,0,-127.198,-275.131,261.777,1.1375,1.4845,1.68384,1.71011,6.03257,NN_Adam
0,0,0,0,0,-269.129,309.036,330.908,2.28683,0.660088,0.604869,0.120498,0.572269,NN_Adam
0,0,0,0,0,212.607,78.2903,245.659,0.352574,5.02435,1.476,2.85886,0.786399,NN_Adam
0,0,0,0,0,-336.758,85.8472,190.621,2.89194,0.441884,0.960075,5.65312,1.75357,NN_Adam
0,0,0,0,0,-421.673,226.902,241.451,2.64777,6.25666,1.01785,0.512339,0.885108,NN_Adam
0,0,0,0,0,-84.0078,65.9467,210.979,5.61763,3.25605,1.16302,4.75854,0.0907237,NN_Adam
0,0,0,0,0,-271.989,345.362,248.039,2.23786,0.168349,1.07874,0.0766767,6.07848,NN_Adam
0,0,0,0,0,151.207,-17.7693,28.2406,6.16594,2.70312,3.5326,0.65792,4.42808,NN_Adam
0,0,0,0,0,-344.817,58.0194,418.966,2.97473,0.100023,0.213581,2.67078,2.06914,NN_Adam
0,0,0,0,0,298.395,-410.027,314.455,5.34145,0.162408,0.145949,1.74725,5.34562,NN_Adam
0,0,0,0,0,-443.85,244.883,214.445,2.63727,6.16161,0.828898,0.855609,0.885108,NN_Adam
0,0,0,0,0,-399.539,-278.985,316.738,3.75093,0.0464645,0.781159,1.03732,3.41488,NN_Adam
0,0,0,0,0,-411.32,81.7531,288.542,2.94525,5.92623,1.67649,0.55429,5.86949,NN_Adam
0,0,0,0,0,139.598,491.741,256.941,1.29372,6.21553,0.683246,1.15096,1.38371,NN_Adam
0,0,0,0,0,-19.4613,-240.868,163.056,1.49001,1.2781,2.00544,1.97575,6.03257,NN_Adam
0,0,0,0,0,-369.913,157.881,240.095,2.73826,5.83376,1.91865,0.221497,5.86949,NN_Adam
0,0,0,0,0,-161.657,177.098,249.783,2.31057,0.840703,3.04476,4.33855,6.17791,NN_Adam
0,0,0,0,0,-277.403,53.4617,257.138,6.09261,1.50558,2.24656,0.808088,0.906191,NN_Adam
0,0,0,0,0,-443.576,-123.073,78.9693,3.41197,6.24551,0.677012,0.215592,0.721104,NN_Adam
0,0,0,0,0,-332.884,29.6419,298.043,3.05262,0.617907,1.18441,5.72295,1.75357,NN_Adam
0,0,0,0,0,500.808,113.753,224.954,0.223208,6.16282,0.738906,1.03529,2.89142,NN_Adam
0,0,0,0,0,-41.3926,257.323,91.3759,1.73013,4.20116,1.72645,2.54718,0.164514,NN_Adam
0,0,0,0,0,-524.124,73.2898,48.8542,3.00261,5.97856,0.0901777,1.67956,1.99764,NN_Adam
0,0,0,0,0,373.723,-164.833,262.263,2.72624,2.47997,1.158,0.675609,2.71482,NN_Adam
0,0,0,0,0,-69.237,-26.255,597.053,3.504,0.761686,0.871653,1.79886,3.33779,NN_Adam
0,0,0,0,0,20.941,-360.501,239.366,4.77032,5.59768,0.580767,2.89968,2.3339,NN_Adam
0,0,0,0,0,153.604,-414.167,180.742,5.06743,0.605172,0.019603,0.285579,2.87431,NN_Adam
0,0,0,0,0,-234.216,-4.29952,221.025,3.15992,1.93717,3.1276,3.04911,3.28783,NN_Adam
0,0,0,0,0,269.446,8.46512,97.9862,3.17282,3.74323,3.95425,3.74813,6.22657,NN_Adam
0,0,0,0,0,133.627,-241.867,418.565,2.07548,3.36837,5.22695,1.14281,1.90659,NN_Adam
0,0,0,0,0,-284.857,239.187,28.6334,2.443,6.24402,0.758127,5.95306,1.75357,NN_Adam
0,0,0,0,0,-267.58,-251.74,23.2082,3.89633,0.0785814,0.47982,6.03024,0.954884,NN_Adam
0,0,0,0,0,-125.885,183.681,331.157,2.17134,0.871058,3.88136,4.27308,6.17791,NN_Adam
0,0,0,0,0,-90.4032,-242.319,25.2714,1.21356,2.12633,2.36471,0.814835,0.324958,NN_Adam
0,0,0,0,0,-17.4894,-93.394,134.893,1.38564,0.840827,3.76777,0.0727908,3.18951,NN_Adam
0,0,0,0,0,-19.9172,69.8268,209.882,1.8486,4.57997,1.79332,3.40057,1.6879,NN_Adam
0,0,0,0,0,157.467,256.929,234.842,1.02085,0.102377,2.33407,5.34639,4.84654,NN_Adam
0,0,0,0,0,-276.147,103.771,77.9512,5.92342,2.76005,6.04993,3.40967,3.84344,NN_Adam
0,0,0,0,0,-19.3951,-351.019,78.0011,1.51552,2.30536,1.0189,2.21093,1.72265,NN_Adam
0,0,0,0,0,125.138,-433.892,426.122,4.99311,0.416518,0.14122,1.74204,2.3339,NN_Adam
0,0,0,0,0,258.138,267.492,226.231,0.803087,6.13462,5.64337,3.50186,5.4464,NN_Adam
0,0,0,0,0,83.2881,-78.2459,176.907,2.38733,3.86026,2.35274,4.07468,6.22657,NN_Adam
0,0,0,0,0,156.354,-282.776,360.782,2.07574,3.51864,5.28006,1.11712,1.90659,NN_Adam
0,0,0,0,0,91.3931,-27.7141,246.18,5.98854,4.66466,3.88856,0.0656386,0.955645,NN_Adam
0,0,0,0,0,27.1951,-293.02,501.207,1.66318,2.72561,5.44239,1.97913,1.90659,NN_Adam
0,0,0,0,0,-501.563,-31.4759,279.077,3.20405,6.20442,0.743501,1.18984,0.322384,NN_Adam
0,0,0,0,0,487.703,218.318,139.431,0.420566,6.0674,0.165001,1.76984,2.32665,NN_Adam
0,0,0,0,0,-365.702,320.275,50.4156,2.42216,5.88733,0.901344,0.576138,0.999488,NN_Adam
0,0,0,0,0,-310.608,132.693,478.865,2.73768,0.697289,0.935786,0.402835,2.39757,NN_Adam
0,0,0,0,0,383.007,-262.193,90.3408,5.68279,5.4759,0.501692,2.33289,5.00623,NN_Adam
0,0,0,0,0,-509.281,40.6139,291.463,3.0617,0.058324,0.198702,1.79671,0.322384,NN_Adam
0,0,0,0,0,44.2312,76.8578,173.423,1.04875,4.28403,1.61944,3.5454,1.6879,NN_Adam
0,0,0,0,0,-289.671,57.7719,485.635,2.94468,0.756513,1.12634,0.184911,0.988303,NN_Adam
0,0,0,0,0,-260.459,147.194,445.283,2.62726,0.663832,1.34939,6.22085,0.988303,NN_Adam
0,0,0,0,0,-306.157,331.652,410.369,2.31595,0.319576,0.596758,1.17143,0.572269,NN_Adam
0,0,0,0,0,146.783,-237.267,129.777,2.12477,1.63626,2.24038,1.21878,5.01784,NN_Adam
0,0,0,0,0,-191.901,-473.397,38.5458,4.32699,6.01426,0.468956,0.923196,0.291986,NN_Adam
0,0,0,0,0,451.593,-25.9906,99.3893,3.08405,2.87363,0.30778,1.92374,5.88884,NN_Adam
0,0,0,0,0,-108.882,178.157,239.574,2.11931,4.45055,2.15991,2.39702,0.486989,NN_Adam
0,0,0,0,0,-304.84,74.4201,71.88,6.0436,2.85852,5.93203,3.35284,3.84344,NN_Adam
0,0,0,0,0,315.061,274.945,151.419,0.717107,6.1331,5.39628,3.32987,5.4464,NN_Adam
0,0,0,0,0,428.569,83.1796,152.008,3.33325,2.61249,0.457437,2.03311,5.88884,NN_Adam
0,0,0,0,0,-137.749,253.294,135.41,2.06862,4.39392,1.87795,2.26365,0.486989,NN_Adam
0,0,0,0,0,-37.7692,-452.386,233.965,4.62902,0.667149,0.0269877,0.422363,0.191397,NN_Adam
0,0,0,0,0,145.396,213.437,78.7911,0.972539,4.56898,1.06606,3.09157,4.54565,NN_Adam
0,0,0,0,0,-194.627,-96.8381,270.314,3.60299,5.62989,3.15124,6.03389,1.26648,NN_Adam
0,0,0,0,0,115.352,472.886,261.801,1.3315,6.09206,1.05001,0.905604,1.38371,NN_Adam
0,0,0,0,0,87.4513,-435.749,188.006,4.91033,0.601628,0.0441813,0.29568,2.87431,NN_Adam
0,0,0,0,0,178.825,-268.228,359.318,2.15866,3.5282,5.27357,1.11202,1.90659,NN_Adam
0,0,0,0,0,80.4279,-284.877,452.668,1.84577,3.14001,5.32584,1.41829,1.90659,NN_Adam
0,0,0,0,0,-305.1,-195.296,129.149,3.71091,5.39458,2.33789,6.25831,1.26648,NN_Adam
0,0,0,0,0,-20.7411,-148.799,588.332,1.43224,1.47372,0.884218,1.27485,6.01895,NN_Adam
0,0,0,0,0,-109.535,49.9606,291.779,5.85519,2.7328,1.8811,4.80148,0.0907237,NN_Adam
0,0,0,0,0,-161.804,176.715,587.616,2.31202,0.924992,0.688744,0.94758,5.36892,NN_Adam
0,0,0,0,0,126.223,367.352,390.878,1.23966,0.0571701,0.156395,2.60598,2.53824,NN_Adam
0,0,0,0,0,-157.232,-98.3983,603.163,3.7005,0.876889,0.212876,2.09353,5.93834,NN_Adam
0,0,0,0,0,114.908,-173.382,444.612,2.15594,3.41042,4.58802,1.76437,1.61524,NN_Adam
0,0,0,0,0,182.434,340.413,347.525,1.07859,1.36288,4.55954,2.39128,2.83862,NN_Adam
0,0,0,0,0,-353.006,370.608,158.841,2.33155,6.03088,0.837115,0.875459,0.999488,NN_Adam
0,0,0,0,0,288.383,-250.595,318.081,5.56755,0.528222,1.02909,6.10179,5.34562,NN_Adam
0,0,0,0,0,364.96,315.347,278.087,0.712434,0.00875109,0.948749,0.70211,5.73413,NN_Adam
0,0,0,0,0,-99.351,-347.121,31.5019,1.2919,2.44021,1.20992,1.82151,6.08012,NN_Adam
0,0,0,0,0,-400.215,337.798,91.3469,2.44048,5.94472,0.597287,1.13242,0.999488,NN_Adam
0,0,0,0,0,-151.534,469.214,151.675,1.88305,5.94401,6.23228,2.47805,5.31042,NN_Adam
0,0,0,0,0,306.096,-158.212,175.626,2.66404,2.07953,1.95576,0.683595,0.246225,NN_Adam
0,0,0,0,0,-314.066,-81.7585,398.161,0.254578,1.80717,1.41693,0.949334,1.88987,NN_Adam
0,0,0,0,0,-138.197,274.824,518.209,2.03661,0.964374,0.621279,0.509252,5.36892,NN_Adam
0,0,0,0,0,382.507,73.7451,127.827,3.332,2.40188,0.689644,2.26475,5.88884,NN_Adam
0,0,0,0,0,327.035,358.486,95.171,0.830998,6.24029,5.46183,2.70283,5.4464,NN_Adam
0,0,0,0,0,-331.119,-125.816,51.1845,0.362838,2.34923,1.19269,1.95406,0.996245,NN_Adam
0,0,0,0,0,71.0337,310.014,126.762,1.34542,1.46729,4.7922,0.687607,1.11678,NN_Adam
0,0,0,0,0,131.737,-384.133,16.5458,1.90094,3.11285,1.07634,0.604846,1.63146,NN_Adam
0,0,0,0,0,-425.708,90.185,147.398,2.93263,0.0745916,0.94658,6.21317,1.75357,NN_Adam
0,0,0,0,0,-223.97,-380.345,82.5774,4.18006,6.25345,0.785168,0.0389154,0.291986,NN_Adam
0,0,0,0,0,169.475,227.974,49.0004,0.931148,4.60407,0.982837,2.98183,4.54565,NN_Adam
0,0,0,0,0,17.4501,-295.182,165.031,1.62978,1.60444,1.82951,1.74509,6.03257,NN_Adam
0,0,0,0,0,84.4383,204.108,271.285,1.17851,0.351316,3.88915,4.68705,6.17791,NN_Adam
0,0,0,0,0,228.112,4.01327,156.344,3.15872,3.56771,3.48985,4.03393,6.22657,NN_Adam
0,0,0,0,0,-173.428,138.866,421.777,2.46609,2.35428,4.7584,1.0464,5.93834,NN_Adam
0,0,0,0,0,6.0799,438.601,181.165,1.55677,0.495837,0.269671,0.146341,0.458874,NN_Adam
0,0,0,0,0,-5.63506,91.4434,42.4117,4.7739,5.76183,2.7813,3.10225,0.353671,NN_Adam
0,0,0,0,0,210.086,447.682,131.564,1.13197,6.1733,0.777227,0.516505,1.38371,NN_Adam
0,0,0,0,0,-188.573,397.674,417.331,2.01364,0.231643,0.295061,1.91844,6.00367,NN_Adam
0,0,0,0,0,-299.107,289.129,288.583,2.37291,0.528277,0.729026,0.00956685,0.572269,NN_Adam
0,0,0,0,0,10.6074,-348.128,185.377,1.60099,1.87444,1.54938,1.6251,6.03257,NN_Adam
0,0,0,0,0,-36.8559,-72.8307,203.932,1.10227,0.686294,3.75586,6.13196,3.18951,NN_Adam
0,0,0,0,0,-371.644,-52.0809,436.466,0.139178,2.30875,0.178264,1.78573,1.88987,NN_Adam
0,0,0,0,0,80.8891,-29.1978,77.2623,2.79489,6.03259,2.58812,3.00649,0.353671,NN_Adam
0,0,0,0,0,-226.085,-351.237,188.404,0.998795,2.44036,0.500384,2.17558,1.4549,NN_Adam
0,0,0,0,0,161.507,195.917,71.382,0.881303,4.53725,1.05448,3.10992,4.54565,NN_Adam
0,0,0,0,0,-482.855,112.386,353.739,2.91287,0.344135,0.0625267,1.6468,2.06914,NN_Adam
0,0,0,0,0,-30.6604,-177.865,325.715,1.3996,4.04219,4.7203,0.71107,1.34452,NN_Adam
0,0,0,0,0,126.842,322.382,28.3684,1.19593,1.03344,4.71079,1.11317,1.11678,NN_Adam
0,0,0,0,0,-364.531,125.301,440.332,2.81043,0.23905,0.168743,2.36698,2.06914,NN_Adam
0,0,0,0,0,-328.499,-258.106,93.2459,3.80749,5.60169,1.78462,0.107207,1.08158,NN_Adam
0,0,0,0,0,194.955,-353.019,451.232,5.21689,0.248722,0.37306,1.98811,5.13599,NN_Adam
0,0,0,0,0,167.199,488.42,200.146,1.24087,6.17512,0.703877,0.947779,1.38371,NN_Adam
0,0,0,0,0,-300.106,207.732,57.869,2.53558,0.128428,0.630324,5.90299,1.75357,NN_Adam
0,0,0,0,0,-326.373,-286.307,191.906,3.86175,5.76061,1.71877,0.358482,1.08158,NN_Adam
0,0,0,0,0,399.767,-179.921,106.304,5.86024,5.39728,0.55811,2.49844,5.00623,NN_Adam
0,0,0,0,0,175.892,246.537,139.369,0.950935,4.84474,1.1692,2.83031,4.54565,NN_Adam
0,0,0,0,0,-433.343,142.93,250.094,2.82274,5.94144,1.4297,0.646743,5.86949,NN_Adam
0,0,0,0,0,256.588,161.024,124.014,0.560169,4.83354,2.76814,0.252987,1.59582,NN_Adam
0,0,0,0,0,-195.951,224.699,14.9974,2.28773,0.103526,0.435836,5.72107,1.75357,NN_Adam
0,0,0,0,0,-413.137,-344.036,153.936,3.8356,6.17517,0.279272,1.40193,3.41488,NN_Adam
0,0,0,0,0,-95.4495,-342.517,233.253,1.2988,1.84447,1.51657,1.50594,6.03257,NN_Adam
0,0,0,0,0,-461.141,-90.2787,77.0043,3.3348,6.16489,0.744877,0.297376,0.721104,NN_Adam
0,0,0,0,0,50.7989,-317.033,191.064,1.72948,1.69571,1.71828,1.64263,6.03257,NN_Adam
0,0,0,0,0,-316.509,255.807,402.015,2.46174,6.26587,0.517902,2.16008,2.06914,NN_Adam
0,0,0,0,0,-339.726,-63.9907,320.757,0.186069,1.8369,0.875632,2.14676,1.88987,NN_Adam
0,0,0,0,0,-149.828,-164.862,423.146,0.832988,1.11166,1.58259,1.64696,0.873547,NN_Adam
0,0,0,0,0,-383.686,368.619,82.7086,2.37619,5.98479,0.140782,1.73971,0.999488,NN_Adam
0,0,0,0,0,-101.637,90.1874,190.62,5.55703,3.39396,1.26779,4.81771,0.0907237,NN_Adam
0,0,0,0,0,-423.132,-20.7558,36.3691,3.19049,5.09529,0.873895,2.2346,0.82735,NN_Adam
0,0,0,0,0,336.895,-411.237,150.454,5.3984,6.09332,0.48846,1.23932,6.0557,NN_Adam
0,0,0,0,0,-250.701,-145.377,251.253,3.6669,5.70803,2.74865,6.04334,1.26648,NN_Adam
0,0,0,0,0,-463.521,52.394,287.156,3.029,6.0021,0.490296,2.15516,0.322384,NN_Adam
0,0,0,0,0,71.8169,-225.504,567.969,5.0205,0.642231,0.318144,2.17109,5.13599,NN_Adam
0,0,0,0,0,108.191,-336.352,338.597,5.02353,1.07267,0.186055,6.25237,2.87431,NN_Adam
0,0,0,0,0,257.613,352.003,321.562,0.938851,0.00833672,1.30017,0.460369,5.73413,NN_Adam
0,0,0,0,0,-45.3694,-134.82,313.929,1.24598,2.21281,4.20817,4.46277,2.27078,NN_Adam
0,0,0,0,0,225.541,-72.2429,2.39196,2.83172,3.95998,4.05602,3.83792,6.22657,NN_Adam
0,0,0,0,0,16.7123,188.726,178.569,1.48244,3.21994,3.81187,0.598636,1.68825,NN_Adam
0,0,0,0,0,-277.572,342.858,305.074,2.25129,0.439365,0.729892,0.252999,0.572269,NN_Adam
0,0,0,0,0,-62.0972,-239.745,489.289,1.31726,3.05104,5.08711,1.70503,1.34452,NN_Adam
0,0,0,0,0,-315.267,179.858,226.694,2.62294,0.0926111,1.71469,5.7387,0.999488,NN_Adam
0,0,0,0,0,3.28263,286.144,348.114,1.55887,0.829537,4.42219,3.80015,6.17791,NN_Adam
0,0,0,0,0,204.158,193.042,241.466,0.757188,5.25237,1.12336,2.89214,0.0620472,NN_Adam
0,0,0,0,0,-90.5596,94.7654,233.296,5.47505,3.13984,1.28531,4.86486,0.0907237,NN_Adam
0,0,0,0,0,-368.696,-124.02,269.518,3.4661,0.594438,0.73576,6.06937,0.458783,NN_Adam
0,0,0,0,0,-29.4441,-93.6712,614.96,1.26626,1.44783,0.768047,1.24825,6.01895,NN_Adam
0,0,0,0,0,253.361,-97.7777,136.978,2.77254,1.63012,2.38499,0.981754,0.246225,NN_Adam
0,0,0,0,0,-87.1887,12.1972,355.42,6.14418,2.32713,1.81968,5.00901,0.0907237,NN_Adam
0,0,0,0,0,-299.56,163.761,320.875,2.64121,0.888849,4.38707,3.45776,6.17791,NN_Adam
0,0,0,0,0,-296.062,224.645,476.81,2.49215,0.775637,0.572387,0.647245,2.03274,NN_Adam
0,0,0,0,0,-164.538,-125.706,479.364,0.652303,1.19035,1.43534,1.4915,0.873547,NN_Adam
0,0,0,0,0,117.777,-57.2097,177.77,2.68967,3.76725,2.43869,4.13634,6.22657,NN_Adam
0,0,0,0,0,-34.5492,129.171,393.72,1.83213,2.78976,4.77573,0.585836,5.93834,NN_Adam
0,0,0,0,0,-459.721,239.693,82.1204,2.6609,5.92501,0.661378,1.03111,1.75357,NN_Adam
0,0,0,0,0,-336.327,-157.369,283.556,3.57917,0.646443,0.798174,5.97846,0.458783,NN_Adam
0,0,0,0,0,-185.938,-280.088,361.658,0.984594,1.94353,0.42383,2.45532,1.4549,NN_Adam
0,0,0,0,0,80.8004,-245.299,600.158,5.03054,1.00692,0.0843396,1.67337,5.13599,NN_Adam
0,0,0,0,0,145.933,-327.248,523.345,5.13181,0.599279,0.215008,1.82541,5.13599,NN_Adam
0,0,0,0,0,235.44,-195.933,66.9803,2.4475,3.8804,4.23399,3.38939,6.22657,NN_Adam
0,0,0,0,0,3.44425,-261.645,125.729,1.58374,1.52244,1.98703,1.82937,6.03257,NN_Adam
0,0,0,0,0,-388.724,-25.6591,238.986,3.2073,0.471509,0.86897,5.98352,0.458783,NN_Adam
0,0,0,0,0,-193.54,-457.388,317.671,4.31205,0.0534092,0.248873,1.86493,1.21809,NN_Adam
0,0,0,0,0,119.548,-417.805,383.114,4.99096,0.0309449,0.35609,2.16067,2.3339,NN_Adam
0,0,0,0,0,456.222,-216.327,285.23,5.84003,6.24331,0.271352,1.88786,2.70961,NN_Adam
0,0,0,0,0,291.607,423.235,229.218,0.967339,6.15123,0.731876,1.09231,5.73413,NN_Adam
0,0,0,0,0,-497.775,-113.935,204.62,3.36638,6.09529,0.831764,0.951544,0.721104,NN_Adam
0,0,0,0,0,-160.34,-468.827,59.3084,4.38265,6.09415,0.597121,0.620622,0.291986,NN_Adam
0,0,0,0,0,-50.4879,229.638,235.246,1.78684,0.710349,2.62467,4.57912,4.84654,NN_Adam
0,0,0,0,0,-61.6452,-244.452,243.861,4.46523,2.56015,3.57322,1.86756,0.341132,NN_Adam
0,0,0,0,0,-340.542,54.6748,543.801,2.98245,0.767648,0.113229,1.70692,0.390971,NN_Adam
0,0,0,0,0,308.558,-381.524,247.597,5.39222,6.21362,0.952537,0.719638,5.34562,NN_Adam
0,0,0,0,0,-323.507,-19.0027,310.1,0.0585864,1.72223,0.970961,2.24438,1.88987,NN_Adam
0,0,0,0,0,-235.271,-19.4839,61.9714,0.0823697,2.72635,6.15617,3.63018,3.84344,NN_Adam
0,0,0,0,0,482.634,-208.904,162.08,5.87464,6.00382,0.260101,1.87179,5.00623,NN_Adam
0,0,0,0,0,-116.271,-68.2619,236.349,0.530703,3.09056,1.77974,4.71227,0.0907237,NN_Adam
0,0,0,0,0,-426.588,58.0471,72.1181,3.00622,6.21575,0.852455,6.24232,1.75357,NN_Adam
0,0,0,0,0,-228.29,-409.752,318.167,4.20397,6.14861,0.41188,2.08635,1.21809,NN_Adam
0,0,0,0,0,303.823,130.943,57.4589,0.406532,4.86021,2.49533,0.243511,1.59582,NN_Adam
0,0,0,0,0,-336.296,-177.074,206.136,3.62605,5.58228,2.17888,0.206504,1.26648,NN_Adam
0,0,0,0,0,232.023,329.912,131.124,0.95776,6.0495,5.37011,3.43387,5.4464,NN_Adam
0,0,0,0,0,-347.083,-343.642,7.1253,3.92172,5.84574,0.729514,0.730968,0.444879,NN_Adam
0,0,0,0,0,218.66,364.742,69.8661,1.03056,0.830802,4.61469,1.97463,1.11678,NN_Adam
0,0,0,0,0,19.8434,407.969,259.117,1.52213,0.931318,6.14676,0.252673,2.05852,NN_Adam
0,0,0,0,0,-180.004,-1.18782,268.05,3.14797,1.1671,2.2162,4.51993,0.988303,NN_Adam
0,0,0,0,0,-38.7161,-127.519,340.352,1.2752,2.19646,4.16853,4.36679,2.27078,NN_Adam
0,0,0,0,0,-136.025,466.917,108.042,1.854,5.84194,6.20455,2.539,5.31042,NN_Adam
0,0,0,0,0,368.619,-24.1707,43.8886,3.07595,2.48165,0.978293,2.05078,5.88884,NN_Adam
0,0,0,0,0,-241.566,188.306,357.877,2.47942,1.04992,4.3053,3.51106,6.17791,NN_Adam
0,0,0,0,0,-34.1929,-417.612,454.11,4.63064,0.363878,0.256622,1.873,0.415395,NN_Adam
0,0,0,0,0,-32.7799,506.837,228.903,1.63513,6.01521,0.42211,1.90503,0.458874,NN_Adam
0,0,0,0,0,372.528,-347.118,73.2609,5.53306,5.71169,0.354349,1.96899,0.00805729,NN_Adam
0,0,0,0,0,-15.8474,490.222,310.27,1.6031,0.0655199,0.752449,1.00588,2.05852,NN_Adam
0,0,0,0,0,271.332,308.164,215.487,0.848791,6.20556,5.57371,3.30046,5.4464,NN_Adam
0,0,0,0,0,-523.356,111.39,114.217,2.93183,6.04689,0.141468,1.7405,4.41349,NN_Adam
0,0,0,0,0,-308.66,-247.132,382.527,0.674907,2.29732,0.722113,1.19804,1.46502,NN_Adam
0,0,0,0,0,-439.904,97.0355,27.3963,2.92428,5.70379,1.25174,0.320289,4.41349,NN_Adam
0,0,0,0,0,-302.199,-188.841,431.299,0.558232,2.10688,0.844562,1.1447,1.88987,NN_Adam
0,0,0,0,0,110.843,-261.853,583.179,5.11277,0.882283,0.136619,1.73587,5.13599,NN_Adam
0,0,0,0,0,-242.559,-229.693,229.27,0.758029,4.08745,4.93902,1.17166,0.721104,NN_Adam
0,0,0,0,0,-70.173,-371.071,7.16241,1.38362,2.61612,1.11736,1.69179,6.08012,NN_Adam
0,0,0,0,0,-345.692,45.2668,35.9576,6.15273,3.04134,5.90249,3.10403,3.84344,NN_Adam
0,0,0,0,0,324.025,316.636,90.7598,0.773657,6.20894,5.2596,3.02308,5.4464,NN_Adam
0,0,0,0,0,75.8841,495.5,294.471,1.41874,0.0749875,0.64737,1.06394,2.05852,NN_Adam
0,0,0,0,0,310.277,6.07354,110.667,3.16111,3.72202,4.23401,3.4437,6.22657,NN_Adam
0,0,0,0,0,-13.0471,388.037,302.835,1.60428,0.0777506,1.61562,6.20519,4.84654,NN_Adam
0,0,0,0,0,-13.4488,-256.747,262.945,1.51837,4.1599,4.91354,0.737752,1.34452,NN_Adam
0,0,0,0,0,151.222,232.563,120.768,0.993859,4.71734,1.16264,2.96335,4.54565,NN_Adam
0,0,0,0,0,173.252,-84.0472,244.61,5.83126,4.61107,3.30255,0.508181,0.955645,NN_Adam
0,0,0,0,0,521.59,-97.3052,62.1443,6.0987,5.97747,0.112759,1.70697,1.50097,NN_Adam
0,0,0,0,0,-221.393,-121.409,215.214,3.64289,5.51879,3.11415,5.87758,1.26648,NN_Adam
0,0,0,0,0,107.624,-171.789,286.503,2.13029,2.57472,4.30488,4.20559,2.27078,NN_Adam
0,0,0,0,0,282.487,-413.268,147.848,5.31166,5.97136,0.98511,0.731992,6.0557,NN_Adam
0,0,0,0,0,-16.9027,326.029,351.935,1.62248,0.791436,4.6464,3.53509,6.17791,NN_Adam
0,0,0,0,0,-145.314,-203.659,272.992,4.09263,2.57655,3.70267,1.77557,0.341132,NN_Adam
0,0,0,0,0,-277.229,-199.296,18.7208,3.76482,0.11368,0.415905,5.92824,0.954884,NN_Adam
0,0,0,0,0,239.383,-164.492,234.103,2.53943,1.60887,2.25676,0.746916,1.09903,NN_Adam
0,0,0,0,0,-165.157,-60.0542,433.855,3.49024,0.931319,1.9134,5.60987,0.988303,NN_Adam
0,0,0,0,0,62.642,183.045,322.051,1.24103,0.703078,3.85566,4.57214,6.17791,NN_Adam
0,0,0,0,0,-345.097,268.881,420.726,2.47954,0.238511,0.294578,1.92276,2.06914,NN_Adam
0,0,0,0,0,-172.113,197.431,518.243,2.28762,1.29678,0.363849,0.324489,2.03274,NN_Adam
0,0,0,0,0,-10.6298,-245.478,511.709,1.52723,2.89803,5.23817,1.7181,1.34452,NN_Adam
0,0,0,0,0,-101.266,-352.765,31.5607,1.29114,2.47023,1.17081,1.8144,6.08012,NN_Adam
0,0,0,0,0,-218.458,74.6191,303.708,2.8123,0.819092,1.94323,5.06181,0.988303,NN_Adam
0,0,0,0,0,-368.969,171.82,180.099,2.70561,0.189308,1.05638,6.00139,1.75357,NN_Adam
0,0,0,0,0,275.535,410.06,281.365,0.979033,6.27151,0.835135,0.918554,5.73413,NN_Adam
0,0,0,0,0,-451.5,-269.293,234.114,3.67934,6.24,0.18044,1.78696,0.384745,NN_Adam
0,0,0,0,0,89.7218,-320.81,41.5627,1.8434,4.32378,4.33331,2.59692,2.21858,NN_Adam
0,0,0,0,0,-93.0479,-207.495,369.759,4.29043,2.51385,3.91366,1.96909,0.341132,NN_Adam
0,0,0,0,0,239.099,-282.059,511.927,5.41548,1.0499,5.73768,1.92878,0.586595,NN_Adam
0,0,0,0,0,398.985,-285.692,296.324,5.66161,0.0835738,0.772185,0.874146,2.71482,NN_Adam
0,0,0,0,0,422.516,-176.328,103.463,5.88774,5.48607,0.481959,2.4112,5.00623,NN_Adam
0,0,0,0,0,297.405,-204.329,440.98,5.681,1.36878,4.89021,2.32648,0.586595,NN_Adam
0,0,0,0,0,-46.5848,11.8227,138.894,6.03451,6.14567,2.07704,3.31844,5.50527,NN_Adam
0,0,0,0,0,222.985,-223.628,530.495,5.4962,0.527182,0.246671,2.12448,0.596705,NN_Adam
0,0,0,0,0,358.245,-225.85,70.1249,5.72052,5.28259,0.543008,2.57583,5.00623,NN_Adam
0,0,0,0,0,108.888,64.8378,127.482,3.67861,5.51723,2.77004,2.86743,0.353671,NN_Adam
0,0,0,0,0,132.848,199.669,13.9453,4.125,4.90616,3.76069,2.67418,0.353671,NN_Adam
0,0,0,0,0,-102.485,-9.36038,280.519,0.0910113,2.80199,1.73983,4.72961,0.0907237,NN_Adam
0,0,0,0,0,300.582,278.363,243.623,0.746921,0.0425941,5.50693,3.28208,5.4464,NN_Adam
0,0,0,0,0,319.164,-190.907,55.4819,2.60241,3.46435,0.820987,0.0473406,3.16442,NN_Adam
0,0,0,0,0,0.779226,-55.6783,318.121,1.58471,2.50112,1.40954,4.85825,0.0907237,NN_Adam
0,0,0,0,0,127.371,-15.6007,104.417,3.01971,4.2643,2.48917,4.07562,6.22657,NN_Adam
0,0,0,0,0,193.889,-179.608,435.514,5.53578,1.79335,4.23944,2.72339,0.586595,NN_Adam
0,0,0,0,0,-117.125,244.23,128.455,2.01773,4.28685,1.87894,2.37782,0.486989,NN_Adam
0,0,0,0,0,-130.692,394.363,448.727,1.89077,0.409254,0.721325,1.01246,5.36892,NN_Adam
0,0,0,0,0,147.368,-102.04,77.9919,2.53591,3.85686,2.89523,4.37401,6.22657,NN_Adam
0,0,0,0,0,-423.86,-16.4712,281.244,3.18031,0.376986,0.923045,0.0249831,0.458783,NN_Adam
0,0,0,0,0,-214.748,7.68894,409.49,3.10555,0.792215,1.91463,5.60027,0.988303,NN_Adam
0,0,0,0,0,414.419,-85.0074,193.025,2.93918,2.58051,1.16543,0.779735,2.71482,NN_Adam
0,0,0,0,0,-203.31,-138.118,410.717,0.59638,1.40569,1.9087,0.733036,1.88987,NN_Adam
0,0,0,0,0,209.478,-239.719,137.797,2.28876,4.3092,4.12482,2.46673,0.247987,NN_Adam
0,0,0,0,0,-85.554,-53.1768,630.888,3.69745,1.05493,0.365329,1.85447,3.33779,NN_Adam
0,0,0,0,0,64.3186,-188.646,529.053,5.04059,0.411118,0.535788,2.44849,5.13599,NN_Adam
0,0,0,0,0,-373.477,-334.565,225.782,3.87204,0.360379,0.231373,0.740582,3.41488,NN_Adam
0,0,0,0,0,-128.501,-249.008,426.642,1.09408,1.59459,0.743797,2.24682,6.01895,NN_Adam
0,0,0,0,0,312.646,245.201,284.506,0.665015,0.11376,5.5855,3.25958,5.4464,NN_Adam
0,0,0,0,0,-467.728,83.291,219.49,2.96502,5.90119,1.30001,0.75811,5.86949,NN_Adam
0,0,0,0,0,169.977,-370.362,349.322,5.14258,0.555409,0.824305,0.136054,5.34562,NN_Adam
0,0,0,0,0,-136.749,-403.515,466.622,4.3856,0.598086,0.0695612,1.65528,0.165034,NN_Adam
0,0,0,0,0,21.1021,-200.361,304.369,1.6758,2.55739,4.31331,4.13785,2.27078,NN_Adam
0,0,0,0,0,-47.3385,-272.6,295.532,4.54031,2.30993,3.91182,1.82743,0.341132,NN_Adam
0,0,0,0,0,-369.358,-91.1889,192.252,3.38348,0.568511,0.494893,5.98855,0.458783,NN_Adam
0,0,0,0,0,-259.411,420.628,193.233,2.12315,0.0105163,0.780216,0.540075,6.07848,NN_Adam
0,0,0,0,0,321.533,-215.583,488.97,5.69251,1.05185,5.63284,1.95919,0.586595,NN_Adam
0,0,0,0,0,216.311,265.576,46.5698,0.887212,4.77371,1.00534,2.65577,4.54565,NN_Adam
0,0,0,0,0,-74.8041,322.148,427.118,1.79882,1.31743,6.2245,0.318713,1.23374,NN_Adam
0,0,0,0,0,-415.44,250.155,99.1361,2.59943,5.95849,1.01088,0.487559,1.75357,NN_Adam
0,0,0,0,0,-300.883,-152.087,387.761,0.467873,1.85056,1.35903,1.01931,1.88987,NN_Adam
0,0,0,0,0,343.553,-258.312,176.931,5.63842,5.63545,0.350593,2.71396,0.00805729,NN_Adam
0,0,0,0,0,269.054,-276.832,425.247,5.48318,1.28791,4.99484,2.20858,0.586595,NN_Adam
0,0,0,0,0,202.173,252.432,247.217,0.895267,0.0813539,2.12886,5.54803,4.84654,NN_Adam
0,0,0,0,0,-341.898,-167.104,424.862,0.454561,2.30147,0.20621,1.8159,1.88987,NN_Adam
0,0,0,0,0,-102.273,-28.1855,143.741,0.26884,5.71945,2.56912,2.90502,5.50527,NN_Adam
0,0,0,0,0,-40.4333,518.582,231.33,1.64844,6.15853,0.247211,1.85922,0.458874,NN_Adam
0,0,0,0,0,8.51611,-233.823,246.02,1.6071,4.29634,4.85499,0.621896,1.34452,NN_Adam
0,0,0,0,0,255.008,-244.203,76.8882,2.37773,3.75925,4.60284,3.1022,6.22657,NN_Adam
0,0,0,0,0,-387.616,-61.9978,123.132,3.30015,0.265419,0.677793,5.9845,0.721104,NN_Adam
0,0,0,0,0,-70.8141,-70.8301,189.78,0.785426,0.800362,3.66651,6.23669,3.18951,NN_Adam
0,0,0,0,0,-57.0578,9.91656,368.371,6.11111,2.21217,1.75468,5.01386,0.0907237,NN_Adam
0,0,0,0,0,88.4182,-205.029,4.11168,1.97769,4.86371,3.66281,2.92194,2.21858,NN_Adam
0,0,0,0,0,122.511,-75.0598,224.853,2.59193,3.56837,2.76553,3.99065,6.22657,NN_Adam
0,0,0,0,0,150.898,-181.262,89.047,2.26494,4.79162,3.56219,2.74188,2.21858,NN_Adam
0,0,0,0,0,-489.524,26.8491,209.213,3.08664,6.10047,1.04623,0.650355,0.322384,NN_Adam
0,0,0,0,0,211.554,-199.322,109.454,2.38576,3.80853,4.03317,3.51425,6.22657,NN_Adam
0,0,0,0,0,7.50501,227.526,102.408,1.53762,2.59141,3.47278,1.33027,1.68825,NN_Adam
0,0,0,0,0,-163.201,218.424,415.451,2.21233,2.11429,4.7846,1.22317,5.93834,NN_Adam
0,0,0,0,0,-123.722,-330.961,104.934,1.21281,2.23186,1.01144,2.23417,1.72265,NN_Adam
0,0,0,0,0,-478.011,-217.078,124.671,3.56782,5.92235,0.261302,1.88206,0.384745,NN_Adam
0,0,0,0,0,70.902,-519.873,195.66,4.84779,6.14174,0.600884,1.15992,5.80573,NN_Adam
0,0,0,0,0,-126.197,442.553,39.7408,4.99012,3.21843,0.112692,1.70807,2.53861,NN_Adam
0,0,0,0,0,-177.612,-290.932,403.82,1.02254,2.72108,5.30737,2.68422,2.04068,NN_Adam
0,0,0,0,0,-56.2888,-259.102,304.957,4.49831,2.39085,3.87411,1.84238,0.341132,NN_Adam
0,0,0,0,0,-101.246,87.3664,561.19,2.42945,0.426668,1.21947,1.63388,3.33779,NN_Adam
0,0,0,0,0,295.966,418.667,213.991,0.955218,6.10704,0.791428,1.02932,5.73413,NN_Adam
0,0,0,0,0,-341.285,383.21,43.7499,2.29818,5.86773,0.625686,1.0386,1.75357,NN_Adam
0,0,0,0,0,-306.682,118.818,262.357,2.77187,0.84268,4.02359,3.64592,6.17791,NN_Adam
0,0,0,0,0,340.408,396.339,80.6619,0.86112,5.85305,0.234115,1.88004,5.4464,NN_Adam
0,0,0,0,0,416.394,-21.7813,293.207,3.089,3.24895,5.301,2.16894,5.89801,NN_Adam
0,0,0,0,0,-197.077,-402.719,254.907,1.11568,2.6138,0.254938,1.8737,1.4549,NN_Adam
0,0,0,0,0,-127.69,184.851,500.315,2.17526,1.28105,0.703944,6.25116,5.36892,NN_Adam
0,0,0,0,0,-87.611,274.626,512.877,1.87933,1.05591,0.632074,0.344634,5.36892,NN_Adam
0,0,0,0,0,246.239,-18.2711,192.979,3.06748,3.46124,3.71633,3.86602,6.22657,NN_Adam
0,0,0,0,0,-259.267,211.694,402.133,2.45655,1.12426,4.63515,3.09198,6.17791,NN_Adam
0,0,0,0,0,-132.973,-424.168,46.7557,4.40831,6.27059,0.541459,0.170063,0.291986,NN_Adam
0,0,0,0,0,-375.619,133.079,222.707,2.80093,5.77929,1.97899,0.169354,5.86949,NN_Adam
0,0,0,0,0,-383.139,-232.609,65.0937,0.545495,2.95393,0.289036,1.9315,0.996245,NN_Adam
0,0,0,0,0,126.174,-423.725,250.643,5.00161,5.81268,0.501211,2.43512,2.3339,NN_Adam
0,0,0,0,0,210.117,427.197,196.985,1.11346,0.00697898,0.937274,0.344806,1.38371,NN_Adam
0,0,0,0,0,320.307,429.331,197.256,0.929775,6.25536,0.105126,1.69771,5.73413,NN_Adam
0,0,0,0,0,109.065,-125.045,176.197,2.28783,3.55148,2.63707,4.30935,6.22657,NN_Adam
0,0,0,0,0,-22.003,-471.474,370.865,4.66596,0.158268,0.260348,1.87894,0.165034,NN_Adam
0,0,0,0,0,263.285,143.46,226.712,0.498846,5.10591,2.68444,0.480088,1.59582,NN_Adam
0,0,0,0,0,35.0011,316.493,384.072,1.4605,0.86044,4.75632,3.43949,6.17791,NN_Adam
0,0,0,0,0,-241.235,125.111,555.439,2.66289,0.832349,0.838129,0.723008,0.988303,NN_Adam
0,0,0,0,0,71.1929,-245.584,474.008,1.85275,3.11582,5.29301,1.30774,1.90659,NN_Adam
0,0,0,0,0,-277.715,-207.166,385.49,0.640804,2.13498,1.25573,0.617187,1.46502,NN_Adam
0,0,0,0,0,371.17,-344.897,222.24,5.53431,6.18522,0.813074,0.864502,5.34562,NN_Adam
0,0,0,0,0,92.4142,-163.683,271.305,2.08495,2.47226,4.38492,4.34747,2.27078,NN_Adam
0,0,0,0,0,109.576,175.12,265.307,1.01161,0.249991,4.00158,4.77934,6.17791,NN_Adam
0,0,0,0,0,-483.589,84.519,209.808,2.96835,5.92867,1.13235,0.892897,5.86949,NN_Adam
0,0,0,0,0,-374.743,277.157,346.552,2.5047,6.26547,0.364209,2.02638,2.06914,NN_Adam
0,0,0,0,0,203.531,488.541,176.044,1.17582,6.14461,0.521311,1.18814,1.38371,NN_Adam
0,0,0,0,0,5.59313,-252.101,227.763,1.5928,4.32416,4.88921,0.660758,1.34452,NN_Adam
0,0,0,0,0,-92.7729,517.751,79.6274,1.74805,5.89325,0.205817,1.82937,5.31042,NN_Adam
0,0,0,0,0,-418.52,99.3234,367.183,2.90848,6.18012,0.516603,2.14684,2.06914,NN_Adam
0,0,0,0,0,-212.643,-185.646,331.596,0.717544,2.06414,1.95516,6.20271,5.67876,NN_Adam
0,0,0,0,0,-18.2464,284.804,101.449,1.63465,4.34273,1.72946,2.40685,0.164514,NN_Adam
0,0,0,0,0,194.143,397.581,70.3414,1.11642,0.716533,4.71778,2.05653,1.11678,NN_Adam
0,0,0,0,0,150.522,207.718,231.529,0.943605,0.432023,2.62814,4.83333,4.84654,NN_Adam
0,0,0,0,0,7.4694,328.753,366.293,1.54807,0.815547,4.723,3.45744,6.17791,NN_Adam
0,0,0,0,0,-121.305,-326.887,60.8239,1.21539,2.2842,1.24466,1.95927,6.08012,NN_Adam
0,0,0,0,0,-66.4452,314.632,209.087,1.77892,0.00117,2.19068,5.43964,4.84654,NN_Adam
0,0,0,0,0,-202.587,-413.963,182.11,1.11563,2.78417,0.236431,1.85525,1.4549,NN_Adam
0,0,0,0,0,211.541,-229.166,558.402,5.45777,0.711609,0.21889,1.83046,0.596705,NN_Adam
0,0,0,0,0,414.803,325.623,199.394,0.665107,6.12901,0.208508,1.83636,5.73413,NN_Adam
0,0,0,0,0,153.392,-416.001,294.56,5.06552,5.94505,0.530097,2.29908,2.3339,NN_Adam
0,0,0,0,0,-16.3249,329.731,460.43,1.62026,0.28679,1.44061,0.51994,0.374479,NN_Adam
0,0,0,0,0,86.9002,320.251,12.2087,1.30577,1.00767,4.68905,1.08246,1.11678,NN_Adam
0,0,0,0,0,199.397,378.796,263.963,1.08613,1.19867,4.66044,2.12437,2.83862,NN_Adam
0,0,0,0,0,414.543,-89.5135,249.239,2.92875,3.21406,5.32216,2.41815,5.89801,NN_Adam
0,0,0,0,0,67.569,-68.1372,136.608,2.35172,4.08738,2.06446,4.18573,6.22657,NN_Adam
0,0,0,0,0,-229.223,-90.2577,269.632,3.51665,5.68271,2.98125,6.04144,1.26648,NN_Adam
0,0,0,0,0,-274.267,315.822,86.6342,2.28574,0.233341,0.408037,6.26117,6.07848,NN_Adam
0,0,0,0,0,-291.654,-147.158,106.174,0.467199,2.80612,5.86179,3.34026,3.84344,NN_Adam
0,0,0,0,0,18.6297,-497.143,96.4306,4.74966,0.00492082,0.442733,0.594519,5.80573,NN_Adam
0,0,0,0,0,-142.837,13.0227,17.6004,3.05062,3.60145,1.43123,3.13634,0.164514,NN_Adam
0,0,0,0,0,221.343,-339.266,464.576,5.29041,0.355688,0.2941,1.91134,5.13599,NN_Adam
0,0,0,0,0,-480.503,-74.9682,311.744,3.29632,6.22016,0.343876,1.97166,0.322384,NN_Adam
0,0,0,0,0,-389.201,-313.842,64.2795,3.82004,5.88035,0.844679,0.753238,0.444879,NN_Adam
0,0,0,0,0,-269.36,399.338,51.3138,2.164,5.74359,1.08016,0.625818,1.75357,NN_Adam
0,0,0,0,0,-77.5393,110.276,389.419,2.1837,2.80605,4.74856,0.59019,5.93834,NN_Adam
0,0,0,0,0,126.796,-251.512,11.6659,2.03772,4.61417,4.02811,2.71021,2.21858,NN_Adam
0,0,0,0,0,-452.495,229.869,147.191,2.67129,6.01846,0.875971,0.790054,1.75357,NN_Adam
0,0,0,0,0,101.253,-191.003,197.494,5.19962,1.50121,5.59623,5.84423,5.26321,NN_Adam
0,0,0,0,0,-159.718,-415.366,80.9147,4.34524,0.0547797,0.602529,0.105801,0.291986,NN_Adam
0,0,0,0,0,-93.3136,107.421,118.385,2.28603,0.308239,1.09435,4.59632,0.914063,NN_Adam
0,0,0,0,0,51.8038,-357.787,267.61,4.85607,5.67827,0.615569,2.82197,2.3339,NN_Adam
0,0,0,0,0,-141.416,-157.432,268.424,3.98059,2.87287,3.27929,2.16921,0.341132,NN_Adam
0,0,0,0,0,78.4907,-383.79,380.13,4.91392,6.15036,0.523962,2.37182,2.3339,NN_Adam
0,0,0,0,0,-198.349,-198.802,229.292,0.786474,4.29125,4.79842,0.935694,0.721104,NN_Adam
0,0,0,0,0,149.323,235.555,272.995,1.00554,0.184204,2.49387,5.34775,4.84654,NN_Adam
0,0,0,0,0,-418.714,-230.064,378.8,3.64397,0.281451,0.164136,1.76851,3.41488,NN_Adam
0,0,0,0,0,404.616,-284.634,169.266,5.66995,5.90899,0.127349,2.35792,0.00805729,NN_Adam
0,0,0,0,0,-65.0626,145.937,550.795,1.99019,0.343773,1.21763,1.67385,3.33779,NN_Adam
0,0,0,0,0,-41.2386,134.917,474.821,1.86738,6.18944,1.54333,1.98361,3.33779,NN_Adam
0,0,0,0,0,245.571,-112.295,31.452,2.71268,3.96527,4.08637,3.60843,6.22657,NN_Adam
0,0,0,0,0,153.024,-484.849,218.343,5.01806,6.13458,0.83002,0.931302,1.80074,NN_Adam
0,0,0,0,0,381.793,-146.082,161.913,2.77597,2.45355,1.37276,0.876705,0.246225,NN_Adam
0,0,0,0,0,350.317,-62.3763,308.018,2.96517,2.20128,1.54247,0.424432,2.71482,NN_Adam
0,0,0,0,0,34.9476,-517.328,158.632,4.77964,0.240301,0.0770428,0.936792,5.80573,NN_Adam
0,0,0,0,0,-75.9553,203.606,90.4865,1.92784,2.68212,3.46317,1.19551,1.68825,NN_Adam
0,0,0,0,0,323.39,-309.128,421.865,5.52013,0.804265,5.75433,1.91527,0.586595,NN_Adam
0,0,0,0,0,-296.132,124.438,141.626,2.74359,0.488382,0.6074,5.61184,1.75357,NN_Adam
0,0,0,0,0,104.258,-99.6473,78.4702,2.3786,4.16892,2.58355,4.2286,6.22657,NN_Adam
0,0,0,0,0,-9.20484,-165.448,610.934,1.51483,1.83907,0.114096,1.70387,6.01895,NN_Adam
0,0,0,0,0,-356.218,63.7445,172.987,2.96444,0.368612,0.926176,5.73355,1.75357,NN_Adam
0,0,0,0,0,-118.645,-6.50458,24.049,3.19634,3.48355,1.40257,3.25667,0.164514,NN_Adam
0,0,0,0,0,-496.465,207.927,152.367,2.74493,6.1697,0.102603,1.69416,1.75357,NN_Adam
0,0,0,0,0,363.895,-106.28,82.5769,2.85737,3.40138,0.801839,0.0660585,3.16442,NN_Adam
0,0,0,0,0,388.414,-244.516,46.1833,5.7212,5.42175,0.405925,2.38349,5.00623,NN_Adam
0,0,0,0,0,-147.161,-232.992,467.156,1.00732,1.63404,0.681893,2.08613,6.01895,NN_Adam
0,0,0,0,0,203.346,12.1195,220.249,3.20097,3.3959,3.30845,4.02548,6.22657,NN_Adam
0,0,0,0,0,6.99933,-283.325,45.7433,1.59525,2.21284,2.29779,0.643567,1.73232,NN_Adam
0,0,0,0,0,-399.149,-129.184,287.528,3.45451,0.418913,0.896855,0.00789708,0.458783,NN_Adam
0,0,0,0,0,-190.494,-35.3768,517.963,3.3252,2.19074,5.00066,1.3517,5.93834,NN_Adam
0,0,0,0,0,-278.003,-248.12,225.106,0.728441,3.92489,5.07851,1.33753,0.721104,NN_Adam
0,0,0,0,0,210.404,-268.404,219.025,2.23563,4.00014,4.37915,2.27572,0.247987,NN_Adam
0,0,0,0,0,-123.815,9.82553,641.401,3.06235,1.20963,0.147994,1.74772,3.33779,NN_Adam
0,0,0,0,0,-321.469,-98.3471,46.5578,0.296787,2.29338,1.24386,2.03389,0.996245,NN_Adam
0,0,0,0,0,-327.157,-253.602,132.889,3.80093,5.64877,1.87024,0.103938,1.08158,NN_Adam
0,0,0,0,0,34.2833,-178.003,450.703,1.76085,0.950044,1.64051,1.6076,6.01895,NN_Adam
0,0,0,0,0,-213.894,282.051,135.362,2.21937,0.57268,0.2435,5.93542,6.07848,NN_Adam
0,0,0,0,0,499.522,110.616,173.998,0.217882,6.0607,0.833495,0.88448,2.89142,NN_Adam
0,0,0,0,0,-275.799,292.542,99.7145,2.32663,0.308842,0.398365,6.15328,6.07848,NN_Adam
0,0,0,0,0,18.4762,509.532,246.664,1.53431,6.26196,0.698748,0.977552,0.458874,NN_Adam
0,0,0,0,0,-90.9056,227.723,541.111,1.95061,1.11764,0.709054,0.351122,5.36892,NN_Adam
0,0,0,0,0,-31.5157,-169.691,15.8952,4.52865,0.754102,5.19228,6.13715,5.26321,NN_Adam
0,0,0,0,0,315.27,-172.157,173.971,2.64109,2.17353,1.83993,0.687191,0.246225,NN_Adam
0,0,0,0,0,-459.804,-140.418,113.877,3.43773,6.17262,0.818211,0.365582,0.721104,NN_Adam
0,0,0,0,0,-27.5227,317.566,206.624,1.65711,6.27396,2.2298,5.41759,4.84654,NN_Adam
0,0,0,0,0,-129.851,-271.527,175.23,1.12464,1.6149,1.77083,1.77351,6.03257,NN_Adam
0,0,0,0,0,-443.106,-198.927,153.365,3.56341,5.76068,0.310516,2.3239,0.384745,NN_Adam
0,0,0,0,0,9.24528,-394.192,327.093,1.59411,3.06985,5.24982,2.4513,1.34452,NN_Adam
0,0,0,0,0,401.251,118.807,21.5241,3.42928,3.11512,0.96244,0.73034,0.917386,NN_Adam
0,0,0,0,0,-32.9604,-103.65,390.82,1.26284,0.385959,1.84278,2.11331,6.01895,NN_Adam
0,0,0,0,0,-148.999,374.602,5.23394,5.09081,2.885,0.46208,2.14887,2.53861,NN_Adam
0,0,0,0,0,85.4659,-222.603,538.258,5.07896,0.476557,0.396492,2.35567,5.13599,NN_Adam
0,0,0,0,0,192.69,377.065,281.825,1.09834,1.22647,4.66038,2.1563,2.83862,NN_Adam
0,0,0,0,0,61.829,345.267,424.668,1.39363,0.198823,1.51836,0.402073,0.374479,NN_Adam
0,0,0,0,0,213.936,-334.304,431.664,5.28146,0.116521,0.43709,2.13458,5.13599,NN_Adam
0,0,0,0,0,-67.9425,-429.814,220.55,4.55546,0.720405,6.27399,0.291847,0.191397,NN_Adam
0,0,0,0,0,-86.3402,418.176,342.137,1.77427,5.92404,1.13364,1.59067,0.486989,NN_Adam
0,0,0,0,0,-88.5083,-49.9272,249.206,0.513614,3.00473,1.65226,4.64557,0.0907237,NN_Adam
0,0,0,0,0,204.885,-88.725,109.702,2.73276,3.70056,3.48223,4.09608,6.22657,NN_Adam
0,0,0,0,0,52.7884,-418.299,92.2894,1.69619,2.64658,0.583564,2.04669,1.72265,NN_Adam
0,0,0,0,0,225.348,439.381,165.86,1.09663,6.19922,0.845646,0.522835,1.38371,NN_Adam
0,0,0,0,0,-197.067,180.38,354.55,2.40036,2.22327,4.66628,0.998229,5.93834,NN_Adam
0,0,0,0,0,-109.796,-330.206,372.988,1.24952,2.71274,5.32314,2.82702,2.04068,NN_Adam
0,0,0,0,0,299.609,-308.931,354.875,5.48223,0.402092,0.883581,0.366009,5.34562,NN_Adam
0,0,0,0,0,-319.678,393.213,176.369,2.25314,6.01047,0.924967,0.868121,0.999488,NN_Adam
0,0,0,0,0,36.7077,-364.925,482.558,4.81252,0.347587,0.289471,2.13015,0.415395,NN_Adam
0,0,0,0,0,442.886,-197.707,17.7481,5.86315,5.57419,0.225809,2.21197,5.00623,NN_Adam
0,0,0,0,0,-58.567,-220.339,305.228,4.4524,2.69615,3.63125,1.93053,0.341132,NN_Adam
0,0,0,0,0,-243.489,71.846,587.836,2.85453,1.3993,5.64809,1.91485,5.93834,NN_Adam
0,0,0,0,0,251.307,-150.404,35.2496,2.60205,3.91834,4.25188,3.47366,6.22657,NN_Adam
0,0,0,0,0,379.904,126.306,49.7348,3.46265,3.04591,1.19153,0.437804,0.917386,NN_Adam
0,0,0,0,0,4.21164,175.268,78.7981,4.68817,5.2245,3.19164,2.7981,0.353671,NN_Adam
0,0,0,0,0,-92.8111,172.476,367.618,2.06438,1.01562,4.0613,4.19498,6.17791,NN_Adam
0,0,0,0,0,-130.377,-271.593,443.609,1.12299,1.74069,0.622066,2.12148,6.01895,NN_Adam
0,0,0,0,0,-363.69,-160.593,24.0728,0.415624,2.66701,0.942549,1.75975,0.996245,NN_Adam
0,0,0,0,0,-491.65,53.4882,199.317,3.03312,6.07967,1.01675,0.690354,0.322384,NN_Adam
0,0,0,0,0,-6.96344,-398.502,438.949,4.69477,0.154477,0.434532,2.07367,0.415395,NN_Adam
0,0,0,0,0,-138.498,217.903,582.793,2.13678,0.869374,0.649987,1.04792,5.36892,NN_Adam
0,0,0,0,0,126.918,-386.788,68.3335,1.88774,2.66093,0.572849,2.16507,4.79934,NN_Adam
0,0,0,0,0,399.435,-66.7329,256.732,2.97585,3.17538,5.18549,2.64794,5.89801,NN_Adam
0,0,0,0,0,-94.5818,-392.794,290.959,4.47592,0.899828,0.0709345,0.178232,0.191397,NN_Adam
0,0,0,0,0,-305.436,-212.528,436.293,0.607809,2.26693,0.212546,1.81975,1.88987,NN_Adam
0,0,0,0,0,73.146,-394.906,471.953,4.89535,0.395671,0.270278,1.89353,0.415395,NN_Adam
0,0,0,0,0,140.272,344.984,285.255,1.18453,1.54553,4.29416,2.20464,2.83862,NN_Adam
0,0,0,0,0,85.5248,408.838,152.274,1.3642,0.0746809,1.07323,6.06791,1.38371,NN_Adam
0,0,0,0,0,-210.911,-197.211,297.133,0.751649,2.09269,2.0685,6.18901,5.67876,NN_Adam
0,0,0,0,0,-69.2449,66.232,372.78,2.37831,2.97473,4.81837,0.36564,5.93834,NN_Adam
0,0,0,0,0,-92.7508,-382.056,18.8028,1.33238,2.65205,1.05731,1.63401,6.08012,NN_Adam
0,0,0,0,0,-319.305,224.791,268.611,2.52805,0.0892387,1.57608,6.06588,0.999488,NN_Adam
0,0,0,0,0,-93.0894,25.2492,166.891,6.01838,3.5504,1.02183,4.70645,0.0907237,NN_Adam
0,0,0,0,0,-150.377,-33.5631,110.618,0.219494,5.54508,3.01006,2.60255,5.50527,NN_Adam
0,0,0,0,0,-333.51,-39.5404,270.824,0.117829,1.80483,1.00071,2.24135,1.88987,NN_Adam
0,0,0,0,0,24.3157,-146.994,68.3503,4.87596,1.0379,5.11666,5.95133,5.26321,NN_Adam
0,0,0,0,0,321.325,384.288,152.201,0.874204,5.93409,1.01385,0.7898,0.378545,NN_Adam
0,0,0,0,0,390.687,-314.662,332.468,5.60487,0.248141,0.307945,1.37198,2.71482,NN_Adam
0,0,0,0,0,160.388,212.535,121.931,0.924269,4.67086,1.19911,2.99173,4.54565,NN_Adam
0,0,0,0,0,-225.804,341.576,213.05,2.15466,0.205863,1.13937,6.04518,6.07848,NN_Adam
0,0,0,0,0,-78.4662,333.291,165.759,1.80192,6.14745,2.0302,5.54137,4.84654,NN_Adam
0,0,0,0,0,-209.441,361.263,131.985,2.09602,0.234598,0.669086,6.14217,6.07848,NN_Adam
0,0,0,0,0,429.709,-70.8027,67.0693,2.97794,2.95773,0.928583,0.903511,3.16442,NN_Adam
0,0,0,0,0,145.542,-182.064,551.176,5.38665,0.532361,0.400105,2.27282,5.13599,NN_Adam
0,0,0,0,0,321.563,-223.374,227.508,2.53426,2.22824,0.606987,2.26794,0.428259,NN_Adam
0,0,0,0,0,-491.478,144.276,53.1163,2.85585,5.79401,0.723467,1.09251,4.41349,NN_Adam
0,0,0,0,0,-108.799,-1.63309,435.24,3.15693,1.14759,2.09653,5.44126,0.988303,NN_Adam
0,0,0,0,0,-319.917,-150.669,79.9998,0.439924,2.25839,1.16922,2.03754,0.996245,NN_Adam
0,0,0,0,0,42.9595,-102.626,338.142,1.96715,0.254905,1.96174,2.29036,6.01895,NN_Adam
0,0,0,0,0,178.4,40.5772,105.932,0.223546,4.18942,3.56204,6.19476,1.59582,NN_Adam
0,0,0,0,0,-192.581,9.37649,85.6635,3.09285,0.138735,1.36431,4.76695,0.914063,NN_Adam
0,0,0,0,0,-278.108,381.962,281.979,2.19998,0.305717,0.671721,0.484313,0.572269,NN_Adam
0,0,0,0,0,-194.142,304.508,174.884,2.13826,0.632071,0.348555,5.93144,6.07848,NN_Adam
0,0,0,0,0,352.933,-297.607,298.42,5.58247,0.0622199,1.06955,0.52848,2.71482,NN_Adam
0,0,0,0,0,-518.725,89.4835,245.189,2.97072,0.0237214,0.142802,1.74212,5.86949,NN_Adam
0,0,0,0,0,-409.008,188.747,237.963,2.70906,6.20628,1.2941,0.243722,0.885108,NN_Adam
0,0,0,0,0,43.3285,-254.608,95.6801,1.73916,1.6533,2.36413,1.18329,5.01784,NN_Adam
0,0,0,0,0,-99.1367,282.68,501.466,1.908,1.03945,0.617136,0.32203,5.36892,NN_Adam
0,0,0,0,0,-250.89,-252.403,99.1727,3.92992,0.326726,0.525567,5.84333,0.954884,NN_Adam
0,0,0,0,0,61.2611,-248.574,377.997,1.81232,3.64746,4.97686,1.07703,1.34452,NN_Adam
0,0,0,0,0,-81.4857,378.196,164.427,1.78292,6.11305,1.71329,5.87731,4.84654,NN_Adam
0,0,0,0,0,-32.3309,321.762,525.907,1.67088,0.736093,0.766367,0.768271,5.36892,NN_Adam
0,0,0,0,0,-233.447,9.1984,163.633,6.24368,1.26348,2.6174,1.01573,0.906191,NN_Adam
0,0,0,0,0,-47.545,30.1254,507.143,2.57673,0.335368,1.18359,2.26371,3.33779,NN_Adam
0,0,0,0,0,440.71,-5.71623,288.94,3.12839,3.08799,5.6919,1.97152,5.89801,NN_Adam
0,0,0,0,0,32.3811,298.666,64.8769,1.46244,1.34728,4.61273,0.826796,1.11678,NN_Adam
0,0,0,0,0,-154.802,-102.94,258.151,3.72819,5.46905,3.36564,6.05496,1.26648,NN_Adam
0,0,0,0,0,180.119,127.345,258.276,0.615359,5.0863,1.48259,2.84907,0.786399,NN_Adam
0,0,0,0,0,28.5911,328.808,139.786,1.48403,1.46479,4.81957,0.732468,1.11678,NN_Adam
0,0,0,0,0,22.0006,-17.5827,194.149,5.60895,4.71523,1.81175,3.5742,1.6879,NN_Adam
0,0,0,0,0,398.659,-11.7012,147.474,3.11219,2.41286,0.608695,2.26869,5.88884,NN_Adam
0,0,0,0,0,283.256,-44.5759,212.261,2.98529,2.30475,2.29301,5.99943,2.71482,NN_Adam
0,0,0,0,0,46.0261,-316.737,506.243,1.71476,2.48081,5.96214,1.7806,1.90659,NN_Adam
0,0,0,0,0,370.79,-297.31,80.6831,5.60719,5.51459,0.469424,2.25176,5.00623,NN_Adam
0,0,0,0,0,-117.804,308.8,465.879,1.93507,1.30876,6.21473,0.522694,1.23374,NN_Adam
0,0,0,0,0,400.842,-170.036,109.038,5.88182,5.38529,0.578983,2.50495,5.00623,NN_Adam
0,0,0,0,0,-58.9512,-64.6082,624.344,3.9727,1.01461,0.405107,1.94211,3.33779,NN_Adam
0,0,0,0,0,-233.683,296.737,342.973,2.23768,1.05511,0.0603856,0.174206,2.03274,NN_Adam
0,0,0,0,0,-84.5883,185.452,604.841,1.99856,0.919386,0.717301,1.0988,5.36892,NN_Adam
0,0,0,0,0,58.0175,471.212,165.077,1.4481,6.24182,0.931815,0.300185,1.38371,NN_Adam
0,0,0,0,0,-295.119,335.745,236.499,2.29168,0.132274,1.05656,0.119766,6.07848,NN_Adam
0,0,0,0,0,512.818,99.7383,102.687,0.191748,5.90369,0.667377,1.16491,2.89142,NN_Adam
0,0,0,0,0,53.1263,-173.77,55.6529,5.00901,0.96985,5.20654,6.04677,5.26321,NN_Adam
0,0,0,0,0,-88.6171,-260.137,283.789,4.38404,2.3331,3.86132,1.82869,0.341132,NN_Adam
0,0,0,0,0,334.704,-407.024,126.714,5.40038,6.01519,0.588715,1.14879,6.0557,NN_Adam
0,0,0,0,0,394.768,251.169,110.94,3.70819,3.02541,0.154644,1.75865,4.3676,NN_Adam
0,0,0,0,0,160.375,-282.674,120.758,2.08656,1.95351,1.96797,1.14293,5.01784,NN_Adam
0,0,0,0,0,-45.2872,265.326,391.179,1.73981,0.932577,4.59118,3.68801,6.17791,NN_Adam
0,0,0,0,0,-368.65,250.522,288.326,2.54442,0.131465,1.12501,0.279582,0.999488,NN_Adam
0,0,0,0,0,75.7969,242.963,172.239,1.26824,0.368849,2.28134,4.75481,4.84654,NN_Adam
0,0,0,0,0,14.9033,201.732,364.582,1.49692,0.906244,4.25816,4.19251,6.17791,NN_Adam
0,0,0,0,0,-59.639,-530.85,123.58,4.60046,6.04042,0.161992,1.76548,0.191397,NN_Adam
0,0,0,0,0,-175.918,258.625,9.11699,2.16801,4.37319,1.49024,2.286,0.164514,NN_Adam
0,0,0,0,0,-195.307,-438.421,320.342,4.29299,6.22959,0.329442,2.0229,1.21809,NN_Adam
0,0,0,0,0,-283.092,-421.547,324.975,4.12093,0.290506,0.0560453,1.63893,1.21809,NN_Adam
0,0,0,0,0,516.911,-118.415,53.7618,6.05797,5.99241,0.0871327,1.6756,1.50097,NN_Adam
0,0,0,0,0,242.166,364.303,85.7466,0.983823,0.808196,4.67038,2.01725,1.11678,NN_Adam
0,0,0,0,0,-227.763,-139.112,19.2489,3.68973,0.209984,0.196396,5.6836,0.954884,NN_Adam
0,0,0,0,0,-280.901,209.53,61.8298,2.50046,0.159663,0.633482,5.81614,1.75357,NN_Adam
0,0,0,0,0,-133.716,-173.977,301.633,4.05685,2.68553,3.4745,2.18644,0.341132,NN_Adam
0,0,0,0,0,-393.875,-214.599,282.867,3.64031,6.19635,1.31957,0.438462,3.41488,NN_Adam
0,0,0,0,0,-261.311,45.0288,572.896,2.97087,1.44145,5.48942,1.99247,5.93834,NN_Adam
0,0,0,0,0,-432.109,84.447,142.35,2.94848,0.0458032,0.943146,6.25476,1.75357,NN_Adam
0,0,0,0,0,-54.4717,361.805,208.003,1.71964,6.19201,1.89791,5.78561,4.84654,NN_Adam
0,0,0,0,0,155.711,-207.786,489.866,5.35523,0.280669,0.392151,2.59627,5.13599,NN_Adam
0,0,0,0,0,-186.949,18.4979,14.5707,3.04294,3.80353,1.48345,2.9245,0.164514,NN_Adam
0,0,0,0,0,138.301,280.671,63.5823,1.1126,1.28225,4.67541,0.844329,1.11678,NN_Adam
0,0,0,0,0,119.439,-311.03,459.188,1.9373,2.87781,5.43421,1.91747,1.90659,NN_Adam
0,0,0,0,0,467.953,-211.956,162.898,5.85784,5.89219,0.357558,1.97807,5.00623,NN_Adam
0,0,0,0,0,-451.027,-185.945,296.524,3.53255,6.26856,0.874455,0.940034,3.41488,NN_Adam
0,0,0,0,0,-376.894,-130.386,295.147,3.47449,0.475958,0.960264,6.15361,0.458783,NN_Adam
0,0,0,0,0,167.247,-134.822,255.112,5.60468,4.84707,3.11936,0.514249,0.955645,NN_Adam
0,0,0,0,0,488.13,74.1468,323.097,0.150697,0.0559966,0.25844,1.87212,2.89142,NN_Adam
0,0,0,0,0,-44.665,-151.771,471.38,1.28386,0.89643,1.61273,1.59825,6.01895,NN_Adam
0,0,0,0,0,458.728,-121.218,358.019,6.02479,0.0967002,0.291832,1.9112,5.4841,NN_Adam
0,0,0,0,0,-223.245,294.241,476.902,2.21965,0.989703,0.228027,0.697908,2.03274,NN_Adam
0,0,0,0,0,-266.183,-155.334,143.727,3.66988,5.48972,2.74572,5.81813,1.26648,NN_Adam
0,0,0,0,0,-497.25,142.608,94.4056,2.86202,5.87338,0.744476,1.07276,4.41349,NN_Adam
0,0,0,0,0,-331.945,109.666,7.2947,2.82231,6.14994,0.85704,5.84745,1.75357,NN_Adam
0,0,0,0,0,-130.623,140.646,277.93,2.31927,1.18514,2.64588,4.36582,6.17791,NN_Adam
0,0,0,0,0,-158.708,-191.913,97.4489,4.02127,5.31435,3.24828,5.46188,1.26648,NN_Adam
0,0,0,0,0,-49.6486,-77.4649,325.133,1.00079,2.51948,1.73219,4.88843,0.0907237,NN_Adam
0,0,0,0,0,382.031,-157.188,17.7596,2.75115,3.36144,0.7361,0.546202,3.16442,NN_Adam
0,0,0,0,0,-119.602,196.864,213.134,2.11643,4.42702,2.05299,2.4219,0.486989,NN_Adam
0,0,0,0,0,-94.8893,396.261,74.2762,4.94732,2.66912,0.505348,2.22911,2.53861,NN_Adam
0,0,0,0,0,251.596,-160.335,74.84,2.5742,3.85959,4.16647,3.46339,6.22657,NN_Adam
0,0,0,0,0,402.95,-174.606,388.564,5.87407,0.113223,0.236881,2.17756,0.881721,NN_Adam
0,0,0,0,0,-314.809,-17.0801,1.63555,0.0541023,2.98621,6.15275,3.12068,3.84344,NN_Adam
0,0,0,0,0,39.8665,-119.896,103.858,5.03309,1.23887,5.09926,5.79167,5.26321,NN_Adam
0,0,0,0,0,-262.179,418.224,7.49294,2.13064,5.68654,0.826685,0.947923,1.75357,NN_Adam
0,0,0,0,0,-34.3785,231.98,422.814,1.71729,1.01504,4.69443,3.68602,6.17791,NN_Adam
0,0,0,0,0,325.305,18.6019,255.067,3.19854,2.23615,1.92566,0.0664948,2.71482,NN_Adam
0,0,0,0,0,394.276,60.7914,50.4015,3.29442,3.01479,1.23094,0.446435,0.917386,NN_Adam
0,0,0,0,0,-92.0416,312.866,491.29,1.85678,0.959028,0.590639,0.409643,5.36892,NN_Adam
0,0,0,0,0,-231.743,278.975,65.9728,2.26367,0.312206,0.293498,6.01059,6.07848,NN_Adam
0,0,0,0,0,36.3532,51.2851,180.678,0.954256,4.34521,1.68,3.60808,1.6879,NN_Adam
0,0,0,0,0,279.948,-207.892,119.227,2.50272,2.23665,1.91935,0.717588,0.246225,NN_Adam
0,0,0,0,0,-406.28,-72.4095,254.888,3.31784,0.438284,0.832195,6.17265,0.458783,NN_Adam
0,0,0,0,0,52.4734,-454.342,75.5061,1.68542,2.99535,0.263366,1.82139,1.72265,NN_Adam
0,0,0,0,0,-320.294,-186.503,361.12,0.527246,2.02382,1.17886,1.11713,1.88987,NN_Adam
0,0,0,0,0,-446.965,-186.657,129.08,3.53712,5.7083,0.297487,2.34248,0.384745,NN_Adam
0,0,0,0,0,-226.175,-403.276,58.6405,4.20108,6.14423,0.734774,0.259049,0.291986,NN_Adam
0,0,0,0,0,-71.6703,-413.513,187.631,4.5407,0.71601,6.22684,0.18792,0.191397,NN_Adam
0,0,0,0,0,51.7859,400.239,140.488,1.44201,0.0881646,1.0758,5.96444,1.38371,NN_Adam
0,0,0,0,0,-129.324,338.515,433.845,1.93548,1.21848,6.18057,0.547485,1.23374,NN_Adam
0,0,0,0,0,144.045,385.991,168.235,1.21342,0.119272,1.10046,6.02736,1.38371,NN_Adam
0,0,0,0,0,94.2797,433.4,227.918,1.35649,0.114414,1.0902,0.0729405,1.38371,NN_Adam
0,0,0,0,0,296.747,-158.487,120.428,2.65085,2.15461,2.00985,0.735326,0.246225,NN_Adam
0,0,0,0,0,-106.486,232.375,342.562,2.0006,1.65593,5.91874,6.14232,1.23374,NN_Adam
0,0,0,0,0,-284.041,235.505,217.826,2.44915,0.636292,0.550731,5.92793,6.07848,NN_Adam
0,0,0,0,0,-424.118,-194.898,365.732,3.57218,0.0866228,0.314691,1.94584,3.41488,NN_Adam
0,0,0,0,0,80.0644,-528.408,145.809,4.86255,6.11946,0.402826,1.29501,5.80573,NN_Adam
0,0,0,0,0,-73.6676,167.383,142.897,1.98542,0.520056,1.18457,4.73267,0.914063,NN_Adam
0,0,0,0,0,-306.488,-229.693,282.151,0.643028,3.14223,5.04067,2.77775,0.721104,NN_Adam
0,0,0,0,0,17.4101,506.046,107.288,1.53599,5.72596,0.405747,2.01349,5.82413,NN_Adam
0,0,0,0,0,156.224,-223.202,84.5509,2.18098,4.64061,3.82566,2.61338,2.21858,NN_Adam
0,0,0,0,0,-229.497,-144.634,28.6322,3.70384,0.234272,0.231085,5.66465,0.954884,NN_Adam
0,0,0,0,0,-416.285,-46.788,42.9518,3.25339,5.07945,0.895326,2.26336,0.82735,NN_Adam
0,0,0,0,0,47.9329,477.492,170.501,1.4706,6.20849,0.954321,0.368417,1.38371,NN_Adam
0,0,0,0,0,271.692,342.562,243.938,0.900151,6.17432,1.43021,0.170831,5.73413,NN_Adam
0,0,0,0,0,-275.672,238.883,42.0239,2.42717,0.00403851,0.785633,5.87861,1.75357,NN_Adam
0,0,0,0,0,27.4887,-394.743,209.216,4.78181,5.60073,0.476298,2.81579,2.3339,NN_Adam
0,0,0,0,0,-441.436,10.8323,8.87956,3.11677,5.16616,0.788124,2.10695,0.82735,NN_Adam
0,0,0,0,0,-42.9,-122.168,493.054,1.23284,0.836787,1.58368,1.58127,6.01895,NN_Adam
0,0,0,0,0,-186.626,-196.255,71.1507,3.95207,0.404383,0.23259,5.58511,0.954884,NN_Adam
0,0,0,0,0,-210.451,180.824,144.859,2.43147,0.450819,0.932672,5.27536,1.75357,NN_Adam
0,0,0,0,0,-203.479,-174.281,274.423,0.708256,2.1221,2.28123,5.98503,5.67876,NN_Adam
0,0,0,0,0,281.89,248.124,133.562,0.721641,5.9736,5.38219,3.6078,5.4464,NN_Adam
0,0,0,0,0,-326.545,244.633,210.51,2.49856,0.000798245,1.463,6.05803,0.999488,NN_Adam
0,0,0,0,0,-308.406,-233.813,382.325,0.648636,2.19862,0.391438,1.94137,1.46502,NN_Adam
0,0,0,0,0,220.911,428.401,147.378,1.09458,6.18688,0.903039,0.375871,1.38371,NN_Adam
0,0,0,0,0,82.3611,-298.685,190.969,1.83995,1.62748,1.75858,1.69213,6.03257,NN_Adam
0,0,0,0,0,66.6286,-157.773,467.784,1.97031,0.953147,1.599,1.5794,6.01895,NN_Adam
0,0,0,0,0,391.01,-162.548,350.321,5.88906,6.18651,0.299481,2.44035,0.881721,NN_Adam
0,0,0,0,0,276.887,320.847,206.185,0.85864,6.2101,5.57157,3.22273,5.4464,NN_Adam
0,0,0,0,0,260.633,-220.025,438.102,5.58196,1.45302,4.72086,2.45278,0.586595,NN_Adam
0,0,0,0,0,98.856,-278.343,28.747,1.91195,4.46248,4.0736,2.80104,2.21858,NN_Adam
0,0,0,0,0,-334.711,-177.513,143.167,3.62907,5.46661,2.21186,0.065251,1.26648,NN_Adam
0,0,0,0,0,-422.379,-166.232,390.628,3.51672,0.146868,0.31759,1.93587,3.41488,NN_Adam
0,0,0,0,0,-139.42,-347.002,473.711,4.33023,0.313764,0.30139,2.1331,0.165034,NN_Adam
0,0,0,0,0,-358.03,41.2614,349.75,3.02668,5.98453,1.91574,0.502297,5.86949,NN_Adam
0,0,0,0,0,-315.959,345.142,361.754,2.31181,0.277432,0.683657,0.896116,0.572269,NN_Adam
0,0,0,0,0,-339.274,-190.91,280.127,3.65397,0.567913,0.819196,6.07474,0.458783,NN_Adam
0,0,0,0,0,-71.7019,89.3353,344.93,2.24705,2.94712,4.76633,0.298497,5.93834,NN_Adam
0,0,0,0,0,222.953,173.201,93.9445,0.660339,4.69964,2.88699,0.136564,1.59582,NN_Adam
0,0,0,0,0,-230.773,151.299,298.117,2.56116,0.845232,3.90031,4.00554,6.17791,NN_Adam
0,0,0,0,0,39.2046,-378.241,408.859,4.81566,6.23808,0.540224,2.3006,2.3339,NN_Adam
0,0,0,0,0,-183.009,-256.09,230.87,0.950323,4.15322,4.90395,1.06368,0.721104,NN_Adam
0,0,0,0,0,182.976,-392.663,229.032,5.14821,0.717819,0.0436775,0.262067,2.87431,NN_Adam
0,0,0,0,0,-51.7795,198.651,51.8651,1.82538,2.51333,3.32146,1.3903,1.68825,NN_Adam
0,0,0,0,0,-174.927,-340.128,128.096,1.09565,2.38793,0.656559,2.35534,1.4549,NN_Adam
0,0,0,0,0,268.74,166.55,2.07917,0.554377,4.77586,2.44602,0.158344,1.59582,NN_Adam
0,0,0,0,0,-127.731,-309.867,301.998,1.17975,1.93571,0.555312,2.5564,1.4549,NN_Adam
0,0,0,0,0,-62.3587,-224.488,8.20484,1.29977,2.09702,2.45709,0.854892,0.324958,NN_Adam
0,0,0,0,0,-184.663,171.913,591.676,2.39179,0.927885,0.537227,1.13543,5.36892,NN_Adam
0,0,0,0,0,35.6882,-280.902,388.122,1.69694,3.53395,5.07507,1.19443,1.34452,NN_Adam
0,0,0,0,0,-155.656,-140.749,518.346,0.73498,1.37265,1.22812,1.35085,0.873547,NN_Adam
0,0,0,0,0,-147.928,130.844,344.645,2.41727,1.05271,3.64212,4.3026,6.17791,NN_Adam
0,0,0,0,0,236.861,460.621,289.597,1.09579,0.167006,0.0978405,1.68968,2.83862,NN_Adam
0,0,0,0,0,-211.962,234.66,480.844,2.30529,1.17948,0.286697,0.365721,2.03274,NN_Adam
0,0,0,0,0,-188.328,-373.378,24.2118,4.24499,0.0176598,0.458367,0.0548358,0.291986,NN_Adam
0,0,0,0,0,-287.307,164.424,467.304,2.62162,0.647402,1.08643,0.281796,2.39757,NN_Adam
0,0,0,0,0,340.65,-301.375,142.381,5.55866,5.655,0.257699,2.61079,0.00805729,NN_Adam
0,0,0,0,0,-272.697,-142.929,200.353,3.62424,5.60611,2.71931,5.9509,1.26648,NN_Adam
0,0,0,0,0,49.6833,47.2487,68.2468,3.90183,6.1886,2.51553,3.07229,0.353671,NN_Adam
0,0,0,0,0,-119.46,241.223,372.105,2.03039,1.59345,6.02837,6.22952,1.23374,NN_Adam
0,0,0,0,0,-154.78,431.602,210.707,1.91492,5.5527,1.27473,1.48979,0.486989,NN_Adam
0,0,0,0,0,66.0803,-300.053,208.792,1.78743,1.57757,1.74944,1.70456,6.03257,NN_Adam
0,0,0,0,0,244.879,383.285,386.223,1.00207,0.790518,5.5212,2.15563,2.83862,NN_Adam
0,0,0,0,0,333.959,-406.774,193.249,5.39975,6.09183,0.240388,1.84497,6.0557,NN_Adam
0,0,0,0,0,-89.5978,125.519,198.257,5.33226,3.3285,1.36732,4.87989,0.0907237,NN_Adam
0,0,0,0,0,13.9607,14.186,43.8881,3.93493,6.11395,2.4272,3.44019,0.353671,NN_Adam
0,0,0,0,0,387.438,46.3549,111.432,3.26057,2.44,0.699191,2.24813,5.88884,NN_Adam
0,0,0,0,0,167.557,429.598,273.787,1.19864,0.957125,4.96992,2.14551,2.83862,NN_Adam
0,0,0,0,0,62.441,-504.825,228.847,4.83516,6.06044,0.83579,1.13531,5.80573,NN_Adam
0,0,0,0,0,-37.2616,-400.675,305.629,1.47793,3.33745,5.16581,2.10909,1.34452,NN_Adam
0,0,0,0,0,239.714,384.347,177.391,1.01282,0.0127375,1.04243,0.0936434,1.38371,NN_Adam
0,0,0,0,0,372.988,-66.8399,48.9116,2.96418,2.50603,0.946012,2.01315,5.88884,NN_Adam
0,0,0,0,0,520.8,-2.54116,228.992,6.27826,6.15673,0.244225,1.85775,2.89142,NN_Adam
0,0,0,0,0,-380.405,-85.7974,416.904,0.221382,2.37514,0.171524,1.75428,1.88987,NN_Adam
0,0,0,0,0,136.939,290.998,38.1389,1.13066,1.15683,4.65972,0.973546,1.11678,NN_Adam
0,0,0,0,0,-385.12,375.682,149.104,2.36856,6.15656,0.107972,1.70081,0.999488,NN_Adam
0,0,0,0,0,-143.129,347.363,223.716,1.96143,5.16171,1.64044,1.80808,0.486989,NN_Adam
0,0,0,0,0,-3.77163,255.408,436.453,1.58551,1.00688,4.8291,3.50601,6.17791,NN_Adam
0,0,0,0,0,255.696,-451.731,136.792,5.22741,5.87546,0.342011,1.91645,6.0557,NN_Adam
0,0,0,0,0,-234.215,246.36,190.35,2.33069,0.646677,0.520244,5.75771,6.07848,NN_Adam
0,0,0,0,0,-401.805,-226.722,367.929,3.65514,0.0606613,0.349362,1.971,3.41488,NN_Adam
0,0,0,0,0,99.7401,430.716,139.53,1.34313,6.26973,1.01841,6.26733,1.38371,NN_Adam
0,0,0,0,0,-310.476,332.069,114.572,2.32249,6.08428,1.11978,0.122487,0.999488,NN_Adam
0,0,0,0,0,-17.0473,277.467,443.551,1.63199,0.99519,4.92234,3.34723,6.17791,NN_Adam
0,0,0,0,0,37.6679,113.129,164.995,1.24928,3.30753,4.25191,6.17279,1.68825,NN_Adam
0,0,0,0,0,-247.483,436.391,200.217,2.08658,6.27791,0.748037,0.655142,6.07848,NN_Adam
0,0,0,0,0,-9.57649,200.792,337.308,1.61807,0.833461,3.93996,4.39223,6.17791,NN_Adam
0,0,0,0,0,95.0428,-516.168,176.213,4.89427,6.09175,0.630593,1.1371,5.80573,NN_Adam
0,0,0,0,0,-260.259,-252.519,53.4695,3.9117,0.156656,0.543106,5.92632,0.954884,NN_Adam
0,0,0,0,0,-413.736,-88.7353,321.059,3.35255,0.443667,0.872775,0.14697,0.458783,NN_Adam
0,0,0,0,0,335.061,382.076,25.6007,0.850814,5.69591,0.280612,1.90168,5.4464,NN_Adam
0,0,0,0,0,-44.9513,152.793,433.343,1.85656,5.97017,1.53977,2.2271,3.33779,NN_Adam
0,0,0,0,0,-419.747,68.5431,70.8944,2.9796,6.21952,0.865268,6.20346,1.75357,NN_Adam
0,0,0,0,0,-366.315,113.114,123.99,2.84193,0.245441,0.768472,5.90211,1.75357,NN_Adam
0,0,0,0,0,6.09883,263.243,129.547,1.54752,2.19614,3.5721,1.72559,1.68825,NN_Adam
0,0,0,0,0,-38.5174,-12.7743,48.265,3.46213,0.104584,2.24232,3.69414,0.353671,NN_Adam
0,0,0,0,0,59.4645,-79.0315,209.246,2.21586,3.72714,2.3932,3.97912,6.22657,NN_Adam
0,0,0,0,0,-92.6145,147.569,622.585,2.13131,1.00459,0.23596,1.83443,3.33779,NN_Adam
0,0,0,0,0,242.471,-112.559,250.553,2.7068,1.54862,2.41807,0.523176,1.09903,NN_Adam
0,0,0,0,0,438.173,-288.42,274.955,5.701,0.224969,0.0242729,1.60048,2.71482,NN_Adam
0,0,0,0,0,283.511,-265.696,195.48,2.38834,3.806,4.73566,2.27035,0.247987,NN_Adam
0,0,0,0,0,-218.086,76.2946,116.039,5.94659,2.50482,6.18252,3.69634,3.84344,NN_Adam
0,0,0,0,0,-295.839,-150.261,488.115,0.469568,2.15963,0.189476,1.79972,1.88987,NN_Adam
0,0,0,0,0,160.98,-394.587,329.211,5.09961,0.489656,0.781662,0.208178,5.34562,NN_Adam
0,0,0,0,0,0.0107105,-79.9272,145.276,1.57081,0.743758,3.88481,6.23833,3.18951,NN_Adam
0,0,0,0,0,-318.686,-302.795,211.919,3.90135,5.78377,1.66224,0.478111,1.08158,NN_Adam
0,0,0,0,0,-128.958,-217.067,39.9141,1.03457,2.03702,2.44654,0.780614,0.324958,NN_Adam
0,0,0,0,0,353.826,-289.097,41.3958,2.45631,3.18886,0.411901,1.28898,0.758087,NN_Adam
0,0,0,0,0,58.1879,-270.448,234.89,1.7827,1.35351,1.7872,1.86731,6.03257,NN_Adam
0,0,0,0,0,39.6038,-266.35,258.651,1.71819,4.149,4.92868,0.786236,1.34452,NN_Adam
0,0,0,0,0,-221.963,357.838,463.487,2.12586,0.505479,0.428072,1.29443,5.36892,NN_Adam
0,0,0,0,0,-160.554,369.934,298.975,1.98018,5.60619,1.45963,1.5738,0.486989,NN_Adam
0,0,0,0,0,-425.967,-285.423,151.277,3.73184,5.91829,0.878728,1.02541,0.98026,NN_Adam
0,0,0,0,0,108.853,-286.685,213.466,1.93353,4.16419,4.10815,2.36898,0.247987,NN_Adam
0,0,0,0,0,327.975,373.735,317.157,0.850464,0.10372,0.597138,1.18247,5.73413,NN_Adam
0,0,0,0,0,-37.7439,-342.967,364.912,1.46109,3.45624,5.17966,1.46126,1.34452,NN_Adam
0,0,0,0,0,0.254493,-171.831,18.9941,4.71379,0.774421,5.18272,6.13177,5.26321,NN_Adam
0,0,0,0,0,36.7462,-71.678,9.4105,2.04441,5.95889,2.89906,2.96898,0.353671,NN_Adam
0,0,0,0,0,95.7045,-92.8541,94.1961,2.37147,4.20996,2.48312,4.16736,6.22657,NN_Adam
0,0,0,0,0,45.2879,-123.477,38.3854,5.06389,0.904703,4.99325,6.07022,5.26321,NN_Adam
0,0,0,0,0,59.2684,403.019,282.749,1.42474,0.961666,6.17236,0.27867,2.05852,NN_Adam
0,0,0,0,0,-76.9517,215.467,305.353,1.91368,0.732929,3.73393,4.40919,6.17791,NN_Adam
0,0,0,0,0,-44.0491,239.384,288.335,1.7525,0.579882,3.92534,4.39698,6.17791,NN_Adam
0,0,0,0,0,158.108,-498.767,86.5582,5.01932,5.85815,0.255083,1.8619,6.27677,DE_Adam
0,0,0,0,0,183.727,-46.1453,104.156,2.89518,3.77923,2.99344,4.28727,6.22657,NN_Adam
0,0,0,0,0,-476.739,130.49,14.4081,2.87393,5.68209,0.854095,0.947179,4.41349,NN_Adam
0,0,0,0,0,-274.844,288.923,96.642,2.33111,0.301499,0.408193,6.13242,6.07848,NN_Adam
0,0,0,0,0,-64.2523,-318.171,85.6286,1.37139,2.17248,1.11432,2.31862,1.72265,NN_Adam
0,0,0,0,0,-291.278,-150.559,40.3944,0.476901,2.285,1.26364,2.06217,0.996245,NN_Adam
0,0,0,0,0,232.365,-166.809,48.5119,2.51887,3.888,4.17138,3.55061,6.22657,NN_Adam
0,0,0,0,0,115.453,129.01,247.673,0.840733,4.95721,1.59072,3.00469,0.786399,NN_Adam
0,0,0,0,0,13.7511,-98.9027,470.522,1.70867,0.601615,1.70744,1.72818,6.01895,NN_Adam
0,0,0,0,0,-129.393,-184.687,242.202,4.1011,2.97392,3.45667,1.65282,0.341132,NN_Adam
0,0,0,0,0,-301.331,7.32035,572.189,3.11694,0.832635,0.143832,1.74544,0.390971,NN_Adam
0,0,0,0,0,-269.686,126.442,246.491,2.7032,0.775411,3.75241,3.93037,6.17791,NN_Adam
0,0,0,0,0,-232.531,-362.138,369.19,4.14142,6.18747,0.519822,2.13206,1.21809,NN_Adam
0,0,0,0,0,-364.133,83.9052,404.879,2.915,0.0833744,0.176196,2.62218,2.06914,NN_Adam
0,0,0,0,0,-386.427,22.8206,162.217,3.08254,0.258477,0.952147,5.8766,1.75357,NN_Adam
0,0,0,0,0,61.1477,-182.877,476.738,1.89341,1.10204,1.50007,1.51344,6.01895,NN_Adam
0,0,0,0,0,516.501,-95.9942,212.411,6.09928,6.14663,0.223279,1.83507,2.70961,NN_Adam
0,0,0,0,0,-196.49,-86.5956,18.7535,3.55661,0.184131,0.0870932,5.53056,0.954884,NN_Adam
0,0,0,0,0,-158.246,-203.63,218.059,0.910179,4.42237,4.73304,0.833922,0.721104,NN_Adam
0,0,0,0,0,-484.122,39.5756,374.085,3.05997,0.376429,0.0727569,1.65935,2.06914,NN_Adam
0,0,0,0,0,-82.9447,369.575,255.652,1.79141,5.30306,1.6315,1.71523,0.486989,NN_Adam
0,0,0,0,0,18.9858,314.009,295.524,1.51008,0.621252,4.41637,3.84385,6.17791,NN_Adam
0,0,0,0,0,-81.8242,-394.605,450.354,4.50768,0.264423,0.311221,2.04983,0.415395,NN_Adam
0,0,0,0,0,383.981,311.516,98.8783,0.681508,6.28228,5.48728,2.59152,5.4464,NN_Adam
0,0,0,0,0,-397.291,-106.717,248.353,3.40395,0.42797,0.840215,6.14948,0.458783,NN_Adam
0,0,0,0,0,-6.43362,417.8,337.529,1.5862,0.861897,0.158245,0.354938,5.90084,NN_Adam
0,0,0,0,0,-37.0055,310.422,256.725,1.68931,0.170002,2.1297,5.47451,4.84654,NN_Adam
0,0,0,0,0,90.3531,-365.996,241.003,4.95431,5.61248,0.60645,2.78989,2.3339,NN_Adam
0,0,0,0,0,-313.074,66.9441,45.8741,6.07244,2.92348,5.9909,3.25536,3.84344,NN_Adam
0,0,0,0,0,-113.038,-210.301,496.388,1.07747,1.44226,1.21868,1.39167,6.01895,NN_Adam
0,0,0,0,0,-332.534,198.233,305.709,2.60378,0.119612,1.57796,6.18422,0.999488,NN_Adam
0,0,0,0,0,92.8755,-100.5,70.0012,2.31672,4.22547,2.53069,4.24621,6.22657,NN_Adam
0,0,0,0,0,533.26,31.2035,138.884,0.0583981,6.06246,0.169452,1.77305,2.89142,NN_Adam
0,0,0,0,0,-36.6746,-77.005,49.2296,4.26793,0.265236,2.25365,3.8217,0.353671,NN_Adam
0,0,0,0,0,81.9818,310.452,63.9923,1.31254,1.26429,4.67242,0.899482,1.11678,NN_Adam
0,0,0,0,0,-421.677,295.977,203.526,2.52935,6.15555,0.733393,0.961373,0.999488,NN_Adam
0,0,0,0,0,82.4561,168.95,262.301,1.11667,0.188774,4.11369,4.85897,6.17791,NN_Adam
0,0,0,0,0,-124.625,-328.201,511.033,4.34939,0.46056,0.306456,1.98795,0.165034,NN_Adam
0,0,0,0,0,-286.32,-437.863,256.569,4.13323,0.0330541,0.15373,1.75737,1.21809,NN_Adam
0,0,0,0,0,-338.066,-283.854,226.895,3.83995,5.84624,1.61644,0.486462,1.08158,NN_Adam
0,0,0,0,0,-157.645,-74.9802,12.5315,3.58553,0.0837746,0.00930335,5.44582,0.954884,NN_Adam
0,0,0,0,0,-208.494,-133.949,43.7094,3.71255,0.308306,0.156149,5.56982,0.954884,NN_Adam
0,0,0,0,0,-439.595,22.5052,156.56,3.09036,0.0266883,1.03267,6.25096,1.75357,NN_Adam
0,0,0,0,0,44.7373,97.0871,285.315,1.13895,5.09131,1.86283,2.89294,1.14695,NN_Adam
0,0,0,0,0,-24.4752,-130.639,270.392,1.38524,2.1356,4.40924,4.64675,2.27078,NN_Adam
0,0,0,0,0,93.9414,374.935,156.863,1.32514,0.238489,0.96712,5.86882,1.38371,NN_Adam
0,0,0,0,0,-203.886,-155.641,152.026,3.79352,5.45698,3.20423,5.59376,1.26648,NN_Adam
0,0,0,0,0,-86.6764,-69.7188,581.931,3.81869,0.614927,0.911531,1.86683,3.33779,NN_Adam
0,0,0,0,0,-333.843,33.9972,113.992,6.18156,2.8086,5.84451,3.29906,3.84344,NN_Adam
0,0,0,0,0,-33.5924,-269.22,492.748,1.4464,2.95278,5.24343,1.74092,1.34452,NN_Adam
0,0,0,0,0,140.539,444.157,226.83,1.26426,0.0915139,0.958131,0.282055,1.38371,NN_Adam
0,0,0,0,0,12.7259,-495.301,207.634,4.73767,5.8981,1.07933,1.02615,5.80573,NN_Adam
0,0,0,0,0,152.047,419.754,377.908,1.22305,0.10718,0.196254,2.19485,2.53824,NN_Adam
0,0,0,0,0,-158.807,-391.955,111.241,4.32713,0.163402,0.670647,6.18664,0.291986,NN_Adam
0,0,0,0,0,-306.875,-91.0049,464.221,0.288064,1.95019,0.359401,2.05769,1.88987,NN_Adam
0,0,0,0,0,-329.445,-234.198,120.295,3.7595,5.60769,1.93942,0.0341804,1.08158,NN_Adam
0,0,0,0,0,190.32,215.67,228.696,0.847625,5.2138,1.10514,2.89612,0.0620472,NN_Adam
0,0,0,0,0,-152.307,-218.469,505.743,0.961798,1.65305,0.796728,1.68824,6.01895,NN_Adam
0,0,0,0,0,-67.6326,109.133,477.244,2.12573,6.20989,1.58321,1.94589,3.33779,NN_Adam
0,0,0,0,0,174.156,5.783,273.8,0.0330169,4.82215,3.28029,0.512389,0.955645,NN_Adam
0,0,0,0,0,-432.346,152.332,124.431,2.8028,0.538154,6.05461,0.542571,4.41349,NN_Adam
0,0,0,0,0,-60.9237,246.428,462.494,1.81285,1.03496,4.98588,3.35159,6.17791,NN_Adam
0,0,0,0,0,199.066,-156.515,71.1697,2.47527,4.70025,3.69796,2.76513,2.21858,NN_Adam
0,0,0,0,0,218.822,-192.76,194.973,2.41943,1.65983,2.28722,0.806721,1.09903,NN_Adam
0,0,0,0,0,-280.009,26.5151,477.968,3.04703,0.777196,1.21913,0.0485483,0.988303,NN_Adam
0,0,0,0,0,489.683,141.662,176.035,0.2815,6.04704,0.866654,0.874345,2.89142,NN_Adam
0,0,0,0,0,142.074,121.233,126.353,0.706121,4.29724,3.56233,6.21358,1.59582,NN_Adam
0,0,0,0,0,-211.808,307.092,346.605,2.17446,1.05424,0.103955,0.138409,2.03274,NN_Adam
0,0,0,0,0,-437.257,-53.4133,153.202,3.26297,0.160865,0.78632,6.27622,0.721104,NN_Adam
0,0,0,0,0,50.7341,-54.0903,89.8751,2.32419,6.02979,2.46212,3.12503,0.353671,NN_Adam
0,0,0,0,0,194.475,263.108,285.416,0.934233,0.119014,2.0589,5.71791,4.84654,NN_Adam
0,0,0,0,0,89.8289,477.524,76.2382,1.38469,6.17159,0.626707,0.470969,5.82413,NN_Adam
0,0,0,0,0,-233.179,442.243,328.891,2.05597,0.165463,0.169966,1.77561,6.00367,NN_Adam
0,0,0,0,0,-161.626,-267.459,459,1.02709,1.84382,0.53509,2.00843,6.01895,NN_Adam
0,0,0,0,0,-278.722,-218.44,182.907,0.664556,4.14762,5.00148,1.20464,0.721104,NN_Adam
0,0,0,0,0,335.44,35.75,207.964,0.106147,4.89162,1.88186,1.84059,2.76285,NN_Adam
0,0,0,0,0,147.688,162.124,245.499,0.831868,5.01211,1.48961,2.88282,0.786399,NN_Adam
0,0,0,0,0,103.717,-109.572,88.0081,2.3286,4.11566,2.63435,4.20668,6.22657,NN_Adam
0,0,0,0,0,-218.675,159.68,513.753,2.51069,0.810051,1.10347,0.282241,2.39757,NN_Adam
0,0,0,0,0,-132.81,375.059,500.1,1.91101,0.731573,0.0307398,1.60814,5.36892,NN_Adam
0,0,0,0,0,-249.287,446.607,278.797,2.07985,6.27814,0.228747,1.83828,0.486989,NN_Adam
0,0,0,0,0,-339.359,195.061,17.4205,2.61979,6.12735,0.852484,6.07299,1.75357,NN_Adam
0,0,0,0,0,5.69953,390.91,233.685,1.55612,0.973122,6.05854,0.162178,2.05852,NN_Adam
0,0,0,0,0,-270.45,-161.673,98.7934,0.538617,2.78497,5.91217,3.38082,3.84344,NN_Adam
0,0,0,0,0,-345.177,-2.54732,328.547,0.00710274,1.83133,0.871601,2.12628,1.88987,NN_Adam
0,0,0,0,0,392.069,308.431,254.231,0.666425,6.23046,0.849187,0.860994,5.73413,NN_Adam
0,0,0,0,0,29.7506,-518.651,131.529,4.76963,5.98384,0.732407,1.01486,5.80573,NN_Adam
0,0,0,0,0,56.5525,-308.504,181.527,1.75176,1.6718,1.74703,1.68339,6.03257,NN_Adam
0,0,0,0,0,-169.892,84.5627,539.6,2.67959,2.11205,5.10375,1.40751,5.93834,NN_Adam
0,0,0,0,0,-63.0784,187.115,44.2548,1.89574,2.95129,3.23158,1.09439,1.68825,NN_Adam
0,0,0,0,0,-307.258,-23.5972,232.035,0.076507,1.72571,1.11096,2.39825,1.88987,NN_Adam
0,0,0,0,0,8.59264,351.218,305.601,1.54622,0.172986,1.79077,5.9228,4.84654,NN_Adam
0,0,0,0,0,-272.838,148.237,533.141,2.64355,0.741703,0.810846,0.756527,2.39757,NN_Adam
0,0,0,0,0,-203.476,205.539,329.451,2.35086,1.0233,4.05344,3.7222,6.17791,NN_Adam
0,0,0,0,0,-267.552,-408.559,286.684,4.13203,6.1454,0.315675,2.07291,1.21809,NN_Adam
0,0,0,0,0,-42.7408,-407.626,446.217,4.60797,0.247291,0.360425,1.97278,0.415395,NN_Adam
0,0,0,0,0,-373.18,292.078,246.13,2.47732,6.21405,1.10431,0.506009,0.999488,NN_Adam
0,0,0,0,0,-399.174,-41.479,192.774,3.24488,0.394285,0.748603,6.03158,0.458783,NN_Adam
0,0,0,0,0,-173.93,211.007,546.799,2.26004,1.09517,0.527105,0.572987,2.03274,NN_Adam
0,0,0,0,0,402.007,191.103,290.569,0.443429,5.78415,1.07413,1.72096,2.76285,NN_Adam
0,0,0,0,0,-511.608,8.70373,55.7312,3.1244,5.74939,0.242456,1.98287,1.99764,NN_Adam
0,0,0,0,0,111.02,405.821,356.797,1.30369,0.0515554,0.00525873,2.61624,2.53824,NN_Adam
0,0,0,0,0,-200.859,-93.9527,203.407,3.57907,2.01425,3.01719,3.02844,3.28783,NN_Adam
0,0,0,0,0,466.847,-238.262,103.27,5.81123,5.88398,0.259717,1.87339,5.00623,NN_Adam
0,0,0,0,0,216.748,-403.211,374.057,5.20553,0.0856333,0.313911,2.00586,0.586595,NN_Adam
0,0,0,0,0,293.833,71.9507,213.983,3.38159,3.41965,4.21036,3.46622,6.22657,NN_Adam
0,0,0,0,0,-383.503,-162.495,168.739,3.54204,5.60822,1.90442,0.301136,1.26648,NN_Adam
0,0,0,0,0,-354.326,165.366,441.114,2.70466,0.253184,0.165847,2.3229,2.06914,NN_Adam
0,0,0,0,0,-212.62,8.58246,104.639,3.10111,0.23815,1.43436,4.80903,0.914063,NN_Adam
0,0,0,0,0,-274.119,182.764,253.754,2.55352,0.82088,0.570752,5.76516,6.07848,NN_Adam
0,0,0,0,0,511.224,-24.5763,136.844,6.23478,5.81972,0.376827,1.98868,2.89142,NN_Adam
0,0,0,0,0,301.591,277.634,135.023,0.743891,6.07387,5.38127,3.38862,5.4464,NN_Adam
0,0,0,0,0,-7.71788,460.329,52.8058,1.58736,5.52945,1.39585,0.605704,5.82413,NN_Adam
0,0,0,0,0,-222.067,62.4745,293.881,2.86727,0.817169,1.94147,5.01878,0.988303,NN_Adam
0,0,0,0,0,-49.218,179.137,26.3261,1.83877,2.92691,3.21735,1.03988,1.68825,NN_Adam
0,0,0,0,0,-37.9547,185.92,400.698,1.77206,1.05798,4.40617,4.01295,6.17791,NN_Adam
0,0,0,0,0,-228.417,475.62,260.842,2.01848,0.180103,0.0381193,1.61658,0.486989,NN_Adam
0,0,0,0,0,-77.5413,296.16,104.951,1.82655,4.45416,1.70872,2.29761,0.164514,NN_Adam
0,0,0,0,0,-323.804,-228.952,146.11,3.75699,5.49568,2.07522,0.18735,1.26648,NN_Adam
0,0,0,0,0,-256.849,226.516,461.778,2.41873,0.918504,0.611866,0.303729,2.03274,NN_Adam
0,0,0,0,0,-160.292,-10.0707,35.8735,3.20431,3.69547,1.49102,3.09648,0.164514,NN_Adam
0,0,0,0,0,-462.199,-237.481,143.078,3.6161,5.9001,0.315467,1.93283,0.384745,NN_Adam
0,0,0,0,0,189.856,77.6323,2.49222,3.52984,5.0829,3.57988,2.77363,0.353671,NN_Adam
0,0,0,0,0,-317.937,107.553,340.535,2.81532,0.977368,4.39295,3.3936,6.17791,NN_Adam
0,0,0,0,0,-148.079,115.173,394.235,2.48032,2.58387,4.67867,0.837465,5.93834,NN_Adam
0,0,0,0,0,196.861,-422.169,413.718,5.14867,0.533643,0.0152996,1.58936,0.586595,NN_Adam
0,0,0,0,0,-475.945,-120.492,202.506,3.38941,6.04131,1.08172,0.694621,0.721104,NN_Adam
0,0,0,0,0,202.816,-164.32,411.331,5.60229,1.84206,4.07421,2.78724,0.586595,NN_Adam
0,0,0,0,0,-270.291,-143.439,573.614,3.62944,0.912562,0.0732016,1.65977,5.93834,NN_Adam
0,0,0,0,0,-306.345,163.524,367.512,2.6512,0.971126,4.61495,3.23587,6.17791,NN_Adam
0,0,0,0,0,77.693,318.053,217.136,1.33085,0.0304074,2.10832,5.49135,4.84654,NN_Adam
0,0,0,0,0,-58.3969,-177.836,268.431,4.39494,3.34593,3.08891,2.07391,0.341132,NN_Adam
0,0,0,0,0,-213.045,109.289,268.333,2.66745,0.619356,3.26792,4.56732,6.17791,NN_Adam
0,0,0,0,0,224.087,27.0977,170.599,3.26178,3.54395,3.46085,4.01316,6.22657,NN_Adam
0,0,0,0,0,-273.403,-377.012,321.788,4.0848,6.15358,0.401883,2.11434,1.21809,NN_Adam
0,0,0,0,0,235.758,-304.35,121.121,2.22976,3.49221,0.450015,0.161149,4.79934,NN_Adam
0,0,0,0,0,163.34,-198.095,455.608,5.40169,0.134542,0.449618,2.75342,5.13599,NN_Adam
0,0,0,0,0,-246.077,416.877,21.0827,2.10386,5.60187,1.03601,0.863213,1.75357,NN_Adam
0,0,0,0,0,30.6318,-287.744,446.469,1.67676,3.19326,5.30476,1.33534,1.90659,NN_Adam
0,0,0,0,0,-111.506,-37.1831,367.684,3.46332,1.35872,2.32006,4.86384,0.988303,NN_Adam
0,0,0,0,0,-312.856,-437.113,119.971,4.09113,6.10487,0.102931,1.6948,0.291986,NN_Adam
0,0,0,0,0,1.35872,-359.186,160.02,1.57442,1.99516,1.50726,1.58858,6.03257,NN_Adam
0,0,0,0,0,180.21,-355.563,6.72075,2.03983,3.11179,1.13522,0.576539,1.63146,NN_Adam
0,0,0,0,0,-55.6287,424.357,365.621,1.70105,6.05152,1.06326,1.52787,0.486989,NN_Adam
0,0,0,0,0,-255.053,-59.2644,376.035,3.36982,0.806051,1.54387,5.60071,0.988303,NN_Adam
0,0,0,0,0,489.168,-187.055,206.158,5.91785,6.10639,0.2466,1.86281,2.70961,NN_Adam
0,0,0,0,0,-84.005,320.303,141.913,1.82719,6.11903,2.06577,5.43519,4.84654,NN_Adam
0,0,0,0,0,50.2104,349.561,385.154,1.42782,0.825907,4.91738,3.2069,6.17791,NN_Adam
0,0,0,0,0,134.834,196.096,169.905,0.968256,4.77088,1.28719,3.06639,4.54565,NN_Adam
0,0,0,0,0,111.336,-53.9389,324.549,5.832,4.96457,3.17337,0.860512,0.955645,NN_Adam
0,0,0,0,0,45.3615,523.207,48.6174,1.48426,5.89246,0.160136,1.76229,5.82413,NN_Adam
0,0,0,0,0,-336.116,145.861,115.725,2.73223,0.253271,0.772271,5.80547,1.75357,NN_Adam
0,0,0,0,0,-231.741,290.357,364.865,2.24409,1.08012,0.0925037,0.19755,2.03274,NN_Adam
0,0,0,0,0,-77.309,48.0844,103.359,2.5851,6.26273,1.29679,4.33047,0.914063,NN_Adam
0,0,0,0,0,-74.595,246.668,3.9787,1.86443,1.3639,3.87681,1.65354,1.68825,NN_Adam
0,0,0,0,0,-370.55,183.337,197.426,2.68203,0.184908,1.09347,6.05926,1.75357,NN_Adam
0,0,0,0,0,78.178,423.569,5.91928,1.38816,6.26691,0.360786,0.21609,5.82413,NN_Adam
0,0,0,0,0,234.09,-292.78,51.4191,2.24517,3.59914,0.567503,0.127361,4.79934,NN_Adam
0,0,0,0,0,413.258,-301.62,125.709,5.65261,5.95426,6.27229,2.25596,0.00805729,NN_Adam
0,0,0,0,0,-307.262,-8.08344,451.478,0.0261729,2.86802,6.12764,0.748533,1.88987,NN_Adam
0,0,0,0,0,445.777,2.32658,215.985,3.14608,2.79292,6.16035,2.25008,5.89801,NN_Adam
0,0,0,0,0,108.167,407.172,312.931,1.31102,6.19043,6.2784,2.76297,2.53824,NN_Adam
0,0,0,0,0,-409.378,-272.529,106.994,3.72876,5.83805,1.08598,0.678972,0.98026,NN_Adam
0,0,0,0,0,331.706,-341.411,388.393,5.48331,0.356978,0.116126,1.71339,0.586595,NN_Adam
0,0,0,0,0,-82.3212,-176.536,108.107,4.27603,1.13431,5.41456,5.86034,5.26321,NN_Adam
0,0,0,0,0,-85.7312,-140.766,500.119,1.02359,1.04339,1.47116,1.49804,6.01895,NN_Adam
0,0,0,0,0,-392.001,327.834,256.222,2.44471,6.24702,0.675246,1.08972,0.999488,NN_Adam
0,0,0,0,0,-361.163,355.914,88.5654,2.3633,5.71329,0.36967,2.01129,0.999488,NN_Adam
0,0,0,0,0,-260.159,236.176,468.396,2.40391,0.839017,0.661758,0.403754,2.03274,NN_Adam
0,0,0,0,0,154.554,-102.649,351.4,5.69251,5.35191,2.73594,0.903196,0.955645,NN_Adam
0,0,0,0,0,-344.357,75.0721,473.819,2.92681,0.114324,1.09636,1.35746,1.11345,NN_Adam
0,0,0,0,0,446.468,-167.838,8.89544,5.9234,5.49939,0.298382,2.21447,5.00623,NN_Adam
0,0,0,0,0,-380.028,-258.882,240.623,3.73943,5.80268,0.573837,2.2548,0.384745,NN_Adam
0,0,0,0,0,265.279,-319.532,179.448,5.40522,0.710017,6.22231,0.158543,2.87431,NN_Adam
0,0,0,0,0,-99.4514,-482.483,215.385,4.50894,6.11609,1.01402,0.69155,0.191397,NN_Adam
0,0,0,0,0,-126.695,-127.162,619.398,3.92865,0.977742,0.242039,1.85962,5.93834,NN_Adam
0,0,0,0,0,450.115,62.4883,230.555,0.137801,5.94313,1.46466,0.50748,2.89142,NN_Adam
0,0,0,0,0,238.98,-33.9704,67.9811,6.14189,4.50668,3.11838,6.23852,1.59582,NN_Adam
0,0,0,0,0,-239.236,-110.194,530.336,0.431407,1.84417,0.305816,1.97187,0.906681,NN_Adam
0,0,0,0,0,46.6106,-200.394,386.204,1.79911,3.70568,4.81688,1.0128,1.34452,NN_Adam
0,0,0,0,0,42.5625,-334.977,298.27,1.69705,3.78746,5.06968,1.22546,1.34452,NN_Adam
0,0,0,0,0,12.6777,350.643,54.5432,1.53453,1.1288,4.71038,1.08226,1.11678,NN_Adam
0,0,0,0,0,268.242,428.713,288.064,1.01173,0.0510804,0.613829,1.13555,5.73413,NN_Adam
0,0,0,0,0,-283.622,302.447,472.037,2.32393,0.542896,0.407391,1.29025,2.03274,NN_Adam
0,0,0,0,0,-48.7819,477.03,242.813,1.67253,5.88883,0.538844,2.10107,0.458874,NN_Adam
0,0,0,0,0,-150.249,389.578,319.371,1.93871,5.7687,1.33957,1.50312,0.486989,NN_Adam
0,0,0,0,0,53.7419,31.2817,179.385,0.527082,4.35003,1.66939,3.61962,1.6879,NN_Adam
0,0,0,0,0,280.492,-156.26,212.914,2.63296,1.81971,2.07441,0.781389,1.09903,NN_Adam
0,0,0,0,0,504.418,-124.321,172.251,6.04148,5.96187,0.320456,1.9204,2.70961,NN_Adam
0,0,0,0,0,203.502,355.755,351.926,1.05097,1.21868,4.77315,2.32967,2.83862,NN_Adam
0,0,0,0,0,-177.798,315.634,204.494,2.08372,0.685723,0.404558,5.93437,6.07848,NN_Adam
0,0,0,0,0,30.9306,207.722,274.574,1.42274,0.333621,3.92271,4.74149,6.17791,NN_Adam
0,0,0,0,0,169.337,475.399,226.267,1.22855,6.16613,0.849573,0.869932,1.38371,NN_Adam
0,0,0,0,0,227.563,-338.336,406.646,5.30431,0.0341034,0.433101,2.19977,5.13599,NN_Adam
0,0,0,0,0,-75.5845,427.767,307.492,1.74534,5.79653,1.17572,1.62448,0.486989,NN_Adam
0,0,0,0,0,-171.278,-376.381,96.0117,4.28525,0.150978,0.653074,6.14063,0.291986,NN_Adam
0,0,0,0,0,86.6588,-302.175,507.098,1.84999,2.50118,5.85116,1.88938,1.90659,NN_Adam
0,0,0,0,0,-33.4834,15.5139,134.013,5.8494,6.1977,2.01349,3.4034,5.50527,NN_Adam
0,0,0,0,0,18.8745,-82.2623,17.6167,1.79628,5.95549,2.87393,2.96072,0.353671,NN_Adam
0,0,0,0,0,-337.236,3.69843,350.238,6.27208,1.79412,0.851678,2.12215,1.88987,NN_Adam
0,0,0,0,0,-442.591,172.832,250.277,2.76921,5.96773,1.23542,0.853708,5.86949,NN_Adam
0,0,0,0,0,399.623,244.487,78.6217,3.69061,3.17658,0.082507,1.67165,4.3676,NN_Adam
0,0,0,0,0,-361.084,-360.453,276.282,3.92603,0.0336416,0.590516,1.15548,3.41488,NN_Adam
0,0,0,0,0,-458.336,274.119,200.725,2.60254,6.23448,0.128308,1.7254,0.885108,NN_Adam
0,0,0,0,0,-304.277,423.025,226.566,2.19398,6.23335,0.577203,1.13208,6.07848,NN_Adam
0,0,0,0,0,-335.734,348.974,19.5585,2.33666,5.82871,0.845025,0.64549,1.75357,NN_Adam
0,0,0,0,0,-222.501,-308.901,437.989,0.946524,2.41857,0.089934,1.68185,2.04068,NN_Adam
0,0,0,0,0,-456.467,106.193,316.711,2.91292,6.2102,0.231859,2.23541,2.06914,NN_Adam
0,0,0,0,0,404.808,-357.37,148.443,5.55987,6.21561,0.0577657,1.64146,0.00805729,NN_Adam
0,0,0,0,0,-259.488,356.623,270.528,2.19959,0.179156,1.0866,0.153046,6.07848,NN_Adam
0,0,0,0,0,-72.1472,183.004,593.44,1.94605,0.851965,0.932701,0.928703,5.36892,NN_Adam
0,0,0,0,0,80.3898,-265.293,371.206,1.86496,3.6357,5.0148,1.13733,1.34452,NN_Adam
0,0,0,0,0,469.07,-235.96,257.502,5.81706,0.074042,0.121147,1.71692,2.70961,NN_Adam
0,0,0,0,0,-108.958,-57.8811,236.505,0.488161,3.09849,1.74571,4.66921,0.0907237,NN_Adam
0,0,0,0,0,12.3554,-69.9127,36.857,1.74556,6.06494,2.70315,3.04753,0.353671,NN_Adam
0,0,0,0,0,48.6153,414.232,60.4626,1.45363,0.870612,4.92321,1.35057,1.11678,NN_Adam
0,0,0,0,0,-352.346,150.986,487.201,2.73647,0.580784,0.652004,0.96594,2.39757,NN_Adam
0,0,0,0,0,-17.148,451.818,45.8915,1.60852,5.4874,1.4622,0.557644,5.82413,NN_Adam
0,0,0,0,0,-42.3886,-5.02079,248.828,0.117882,2.82,1.44432,4.52093,0.0907237,NN_Adam
0,0,0,0,0,-272.765,-307.464,248.958,0.84503,3.61413,5.19234,1.7403,0.721104,NN_Adam
0,0,0,0,0,365.346,316.562,164.514,0.713598,0.0384735,5.53303,2.75867,5.4464,NN_Adam
0,0,0,0,0,-301.345,-30.1531,460.446,0.0995676,2.84665,6.10427,0.789014,1.88987,NN_Adam
0,0,0,0,0,-26.1385,-307.472,112.329,1.48581,2.02104,1.17365,2.39316,1.72265,NN_Adam
0,0,0,0,0,-233.683,-223.728,492.223,0.76359,2.09934,0.225411,1.84166,0.906681,NN_Adam
0,0,0,0,0,-128.357,165.251,30.5683,2.23124,3.88682,1.56811,2.81591,0.164514,NN_Adam
0,0,0,0,0,284.22,-168.034,377.124,2.60767,2.77906,0.547031,0.21939,2.38395,NN_Adam
0,0,0,0,0,-70.5849,-189.493,283.041,4.35565,3.08164,3.36755,1.90509,0.341132,NN_Adam
0,0,0,0,0,-183.634,-4.76897,618.056,3.16729,0.931824,0.375937,1.72681,3.33779,NN_Adam
0,0,0,0,0,-21.2788,349.037,374.405,1.63162,0.789585,4.88292,3.28989,6.17791,NN_Adam
0,0,0,0,0,-151.104,266.71,539.095,2.08621,0.885338,0.635468,0.732832,5.36892,NN_Adam
0,0,0,0,0,-71.3293,-94.0968,492.158,0.922123,0.778247,1.60132,1.61402,6.01895,NN_Adam
0,0,0,0,0,144.183,-489.983,143.815,4.99835,5.82808,0.375481,2.00466,6.27677,NN_Adam
0,0,0,0,0,-87.7652,-322.69,183.546,1.30506,1.79405,1.62998,1.6498,6.03257,NN_Adam
0,0,0,0,0,117.892,-213.095,470.637,5.21758,0.18306,0.481672,2.69962,5.13599,NN_Adam
0,0,0,0,0,-297.987,58.5572,17.8704,6.08915,2.97445,6.03788,3.27362,3.84344,NN_Adam
0,0,0,0,0,-189.1,29.8447,123.94,2.98472,0.38425,1.36963,4.71095,0.914063,NN_Adam
0,0,0,0,0,-437.269,66.1174,288.351,2.99139,5.90214,0.58095,2.2827,0.322384,NN_Adam
0,0,0,0,0,278.813,241.564,234.149,0.71376,6.13984,5.68046,3.49422,5.4464,NN_Adam
0,0,0,0,0,-149.814,133.707,154.6,2.41284,4.13715,1.83462,2.84812,0.164514,NN_Adam
0,0,0,0,0,-116.143,316.769,400.706,1.92177,1.38184,6.02223,0.357262,1.23374,NN_Adam
0,0,0,0,0,-306.755,-234.027,369.603,0.651665,2.17298,0.415059,2.01434,1.46502,NN_Adam
0,0,0,0,0,-9.59345,-49.4022,84.116,4.52055,0.471023,2.0011,3.74203,0.353671,NN_Adam
0,0,0,0,0,-181.706,63.3931,434.366,2.80596,0.920599,1.79529,5.65845,0.988303,NN_Adam
0,0,0,0,0,17.0423,118.566,267.797,1.42893,5.00737,1.78098,2.99305,1.14695,NN_Adam
0,0,0,0,0,-28.974,-187.563,493.084,1.41741,1.14591,1.4151,1.50516,6.01895,NN_Adam
0,0,0,0,0,-461.664,181.026,150.672,2.76748,0.387353,6.24488,0.737283,4.41349,NN_Adam
0,0,0,0,0,-265.047,217.063,187.077,2.45506,0.650691,0.475416,5.7873,6.07848,NN_Adam
0,0,0,0,0,3.5597,-331.274,144.693,1.5814,2.01356,1.11468,2.30836,1.72265,NN_Adam
0,0,0,0,0,-224.953,-294.443,346.601,0.918253,2.11894,0.353471,2.31558,1.4549,NN_Adam
0,0,0,0,0,34.0824,-105.207,251.776,1.88403,3.53461,2.70265,3.85829,6.22657,NN_Adam
0,0,0,0,0,-107.018,-265.71,206.512,1.18786,1.46352,1.77536,1.85707,6.03257,NN_Adam
0,0,0,0,0,-196.587,116.343,291.871,2.60676,0.535866,2.87398,4.92872,6.17791,NN_Adam
0,0,0,0,0,533.829,-29.9398,189.518,6.22711,6.20294,0.135912,1.73475,2.89142,NN_Adam
0,0,0,0,0,-174.381,137.142,100.633,2.47494,4.0631,1.71485,2.78934,0.164514,NN_Adam
0,0,0,0,0,-116.939,4.76497,41.663,3.10099,3.48005,1.43611,3.306,0.164514,NN_Adam
0,0,0,0,0,483.875,136.7,224.532,0.275051,6.11624,0.905422,0.889261,2.89142,NN_Adam
0,0,0,0,0,93.6907,-411.012,135.331,1.79475,2.55957,0.519727,2.13818,4.79934,NN_Adam
0,0,0,0,0,248.502,-332.873,76.6721,2.21188,3.44912,0.477221,0.447622,4.79934,NN_Adam
0,0,0,0,0,211.478,251.103,88.5539,0.870744,4.81075,1.05298,2.75606,4.54565,NN_Adam
0,0,0,0,0,-433.934,169.982,70.9558,2.76818,6.05826,0.904947,0.270151,1.75357,NN_Adam
0,0,0,0,0,291.074,-432.53,216.125,5.30469,6.11527,0.257311,1.87291,6.0557,NN_Adam
0,0,0,0,0,-31.2789,120.702,363.944,1.8242,2.88827,4.74711,0.43279,5.93834,NN_Adam
0,0,0,0,0,12.3181,462.799,250.439,1.54408,0.658279,0.0312449,0.516652,2.05852,NN_Adam
0,0,0,0,0,-184.877,-242.918,173.404,4.06174,5.63613,2.75309,5.76483,1.26648,NN_Adam
0,0,0,0,0,279.138,415.816,301.689,0.979308,0.0496399,0.637699,1.16873,5.73413,NN_Adam
0,0,0,0,0,300.123,394.633,100.889,0.920368,0.451827,5.19315,2.05504,1.11678,NN_Adam
0,0,0,0,0,68.612,-279.237,141.234,1.81162,1.65846,2.20429,1.18162,5.01784,NN_Adam
0,0,0,0,0,-112.691,415.124,435.68,1.83567,0.384367,0.655805,1.08268,5.36892,NN_Adam
0,0,0,0,0,-161.901,285.115,146.611,2.08674,4.64237,1.80071,2.06552,0.486989,NN_Adam
0,0,0,0,0,162.75,422.373,395.435,1.20296,0.171511,0.299532,1.93093,2.53824,NN_Adam
0,0,0,0,0,242.581,154.468,24.4662,0.566798,4.63129,2.70288,0.116356,1.59582,NN_Adam
0,0,0,0,0,-135.167,-124.23,161.234,3.88478,5.09876,3.70974,5.70431,1.26648,NN_Adam
0,0,0,0,0,-351.395,53.7688,501.484,2.98966,0.37269,0.879888,1.21344,1.11345,NN_Adam
0,0,0,0,0,-224.549,-242.715,10.5844,3.96565,0.0904213,0.416625,5.89237,0.954884,NN_Adam
0,0,0,0,0,497.487,-36.7303,137.632,6.20939,5.72403,0.465384,2.06771,2.89142,NN_Adam
0,0,0,0,0,77.0863,-241.233,384.741,1.88006,3.62098,4.97511,1.09572,1.34452,NN_Adam
0,0,0,0,0,-155.245,-274.131,365.037,1.05534,1.85295,0.443913,2.56131,1.4549,NN_Adam
0,0,0,0,0,-299.623,-304.04,83.9403,3.93414,5.59093,1.70309,0.190754,1.08158,NN_Adam
0,0,0,0,0,-262.135,-109.131,410.002,0.394508,1.60341,1.66416,0.83187,1.88987,NN_Adam
0,0,0,0,0,106.077,-188.336,100.14,2.08363,4.89467,3.42206,2.74825,2.21858,NN_Adam
0,0,0,0,0,-45.8961,276.195,234.326,1.73529,0.21265,2.48648,5.14005,4.84654,NN_Adam
0,0,0,0,0,325.617,-256.559,293.063,5.61586,0.394094,0.983817,6.26281,5.34562,NN_Adam
0,0,0,0,0,-284.418,18.6076,312.148,3.07615,0.72553,1.44069,5.45816,0.988303,NN_Adam
0,0,0,0,0,92.7349,-84.348,304.753,5.54488,4.8074,3.34574,0.700974,0.955645,NN_Adam
0,0,0,0,0,-246.938,-219.634,495.07,0.726529,2.21057,0.137622,1.73615,0.906681,NN_Adam
0,0,0,0,0,-419.937,80.0003,291.242,2.95308,5.93454,1.59851,0.643975,5.86949,NN_Adam
0,0,0,0,0,3.14874,-97.4014,61.4369,1.60307,5.956,2.73377,2.92473,0.353671,NN_Adam
0,0,0,0,0,272.896,354.898,293.585,0.915195,6.26634,1.26106,0.424001,5.73413,NN_Adam
0,0,0,0,0,-106.796,379.26,391.326,1.84514,1.1067,6.16486,0.550041,1.23374,NN_Adam
0,0,0,0,0,15.8708,331.437,344.285,1.52287,0.757084,4.65882,3.5371,6.17791,NN_Adam
0,0,0,0,0,126.289,221.992,77.5467,1.05336,4.55568,1.06705,3.10289,4.54565,NN_Adam
0,0,0,0,0,341.554,134.709,215.027,0.375678,5.11017,1.58065,1.97114,2.76285,NN_Adam
0,0,0,0,0,-194.2,-35.2674,449.216,3.32115,0.848937,1.7933,5.80221,0.988303,NN_Adam
0,0,0,0,0,152.503,391.385,284.575,1.1992,1.13376,4.59622,2.44186,2.83862,NN_Adam
0,0,0,0,0,139.593,206.697,131.318,0.976675,4.64231,1.24019,3.04907,4.54565,NN_Adam
0,0,0,0,0,175.56,192.719,192.297,0.831853,5.03015,1.10357,3.07896,0.0620472,NN_Adam
0,0,0,0,0,392.966,122.081,72.9839,3.44268,2.99011,1.13931,0.512341,0.917386,NN_Adam
0,0,0,0,0,-99.3498,-102.02,394.563,0.798598,0.57439,1.84015,1.95256,6.01895,NN_Adam
0,0,0,0,0,365.534,84.3869,81.4724,3.36837,2.91664,1.48351,0.180529,0.917386,NN_Adam
0,0,0,0,0,-254.436,180.037,438.488,2.52573,0.631968,1.3228,6.2496,0.988303,NN_Adam
0,0,0,0,0,392.132,-178.625,371.471,5.85556,0.000446978,0.292051,2.29925,0.881721,NN_Adam
0,0,0,0,0,-151.487,-15.1717,557.908,3.24133,0.439318,0.9396,1.9786,3.33779,NN_Adam
0,0,0,0,0,-221.402,443.074,194.362,2.03388,6.2436,0.837332,0.573169,6.07848,NN_Adam
0,0,0,0,0,351.71,-206.787,62.7433,5.7516,5.21134,0.562313,2.65143,5.00623,NN_Adam
0,0,0,0,0,336.979,268.659,258.698,0.672846,0.143493,5.50325,3.10253,5.4464,NN_Adam
0,0,0,0,0,-228.295,76.538,132.651,5.95947,2.4647,6.151,3.67208,3.84344,NN_Adam
0,0,0,0,0,358.966,-141.677,256.602,2.76539,2.43006,1.39077,0.44803,2.71482,NN_Adam
0,0,0,0,0,-8.48115,-402.372,70.8022,1.54961,2.55556,0.83628,1.95204,1.72265,NN_Adam
0,0,0,0,0,-485.409,57.9185,132.713,3.02269,6.11147,0.905636,0.468005,4.41349,NN_Adam
0,0,0,0,0,-382.628,318.61,130.222,2.44719,5.99589,0.952606,0.64304,0.999488,NN_Adam
0,0,0,0,0,40.7348,331.69,15.2497,1.44847,1.01445,4.69295,1.08534,1.11678,NN_Adam
0,0,0,0,0,97.6195,514.432,57.9708,1.38317,5.92237,0.480454,1.21647,5.82413,NN_Adam
0,0,0,0,0,-122.478,150.015,438.259,2.25523,2.4455,4.79168,1.00177,5.93834,NN_Adam
0,0,0,0,0,146.349,-319.29,40.5511,2.0004,3.69351,0.577951,6.26152,4.79934,NN_Adam
0,0,0,0,0,-362.486,-101.9,172.372,3.41553,0.533299,0.477233,5.96174,0.458783,NN_Adam
0,0,0,0,0,334.38,-271.051,344.628,5.6019,0.36346,0.941596,0.321696,2.71482,NN_Adam
0,0,0,0,0,-295.659,-283.392,372.072,0.763845,2.39206,0.252085,1.81185,1.46502,NN_Adam
0,0,0,0,0,-148.412,-360.393,477.307,4.32154,0.371338,0.308095,1.94545,0.165034,NN_Adam
0,0,0,0,0,-114.027,-66.6628,372.552,3.6706,1.24897,2.27134,4.96484,0.988303,NN_Adam
0,0,0,0,0,455.985,-266.976,130.871,5.75345,5.97,0.23351,1.84615,5.00623,NN_Adam
0,0,0,0,0,14.8955,117.905,74.0854,4.58669,5.60752,2.82844,2.9798,0.353671,NN_Adam
0,0,0,0,0,-160.614,190.436,96.4057,2.27143,4.17405,1.71412,2.63199,0.164514,NN_Adam
0,0,0,0,0,-84.412,-215.821,177.497,4.33947,5.42844,3.37106,5.65748,1.26648,NN_Adam
0,0,0,0,0,270.295,-258.507,282.3,5.5196,0.530085,1.00908,5.94786,5.34562,NN_Adam
0,0,0,0,0,126.501,-478.708,123.895,4.97043,5.69698,0.415035,2.14564,6.27677,NN_Adam
0,0,0,0,0,104.115,-517.236,240.78,4.91097,0.0216386,0.136929,1.73536,5.80573,NN_Adam
0,0,0,0,0,124.606,-357.958,272.742,5.04724,0.890248,0.192402,6.21926,2.87431,NN_Adam
0,0,0,0,0,80.9911,-455.555,112.95,1.74669,2.9446,0.219294,1.83442,1.72265,NN_Adam
0,0,0,0,0,-90.8576,-494.647,31.5364,4.53053,5.84083,0.716499,0.890994,0.291986,NN_Adam
0,0,0,0,0,-80.3768,267.109,248.64,1.86274,0.214923,2.49514,5.19916,4.84654,NN_Adam
0,0,0,0,0,-244.831,311.744,491.165,2.23641,0.589866,0.430427,1.26687,2.03274,NN_Adam
0,0,0,0,0,4.36045,-474.509,371.321,4.72153,0.184437,0.237072,1.85227,0.165034,NN_Adam
0,0,0,0,0,-263.309,-372.491,74.7771,4.09697,6.20475,0.749468,0.175253,0.291986,NN_Adam
0,0,0,0,0,347.099,184.301,63.8585,3.62958,2.64299,0.532694,2.31454,4.3676,NN_Adam
0,0,0,0,0,-392.68,-128.446,264.52,3.45759,0.446817,0.839998,6.19441,0.458783,NN_Adam
0,0,0,0,0,-173.787,-482.309,47.3264,4.36633,5.85914,0.654964,1.02752,0.291986,NN_Adam
0,0,0,0,0,148.021,-154.212,75.3619,2.33556,4.90744,3.43052,2.83765,2.21858,NN_Adam
0,0,0,0,0,140.431,-206.388,379.836,2.16767,3.60829,5.09198,0.923125,1.90659,NN_Adam
0,0,0,0,0,-247.18,-293.761,18.706,0.871119,2.60777,1.05171,1.75406,6.08012,NN_Adam
0,0,0,0,0,-66.2172,233.703,200.212,1.84679,0.555331,2.4077,4.6466,4.84654,NN_Adam
0,0,0,0,0,-204.472,-52.5377,133.418,3.39305,1.89409,2.90293,2.93687,3.28783,NN_Adam
0,0,0,0,0,217.113,271.872,216.863,0.896554,6.25767,1.98706,5.65522,4.84654,NN_Adam
0,0,0,0,0,-96.3437,-431.16,134.442,1.35084,2.68807,0.424695,1.99706,1.72265,NN_Adam
0,0,0,0,0,287.561,-245.741,38.8906,2.43439,4.03736,5.94918,0.607001,0.758087,NN_Adam
0,0,0,0,0,103.021,-349.115,518.148,4.99896,0.602629,0.158115,1.87396,5.13599,NN_Adam
0,0,0,0,0,210.322,435.843,249.817,1.12096,0.763101,5.15212,2.14294,2.83862,NN_Adam
0,0,0,0,0,-278.856,196.017,342.523,2.52842,0.981007,4.42634,3.34645,6.17791,NN_Adam
0,0,0,0,0,-28.4602,375.416,258.495,1.64613,0.0333282,1.74124,5.95949,4.84654,NN_Adam
0,0,0,0,0,-7.25985,218.654,193.577,1.60378,2.86488,3.8366,0.917381,1.68825,NN_Adam
0,0,0,0,0,-29.2058,-155.259,541.619,1.38471,1.19425,1.17534,1.541,6.01895,NN_Adam
0,0,0,0,0,-302.182,-19.5033,405.977,0.0642925,3.04998,6.12556,0.484012,1.88987,NN_Adam
0,0,0,0,0,86.2915,-288.668,194.622,1.86104,1.56998,1.77221,1.74798,6.03257,NN_Adam
0,0,0,0,0,201.658,-261.084,112.921,2.22835,4.2918,4.21595,2.48632,0.247987,NN_Adam
0,0,0,0,0,-34.0754,-305.315,427.774,1.45895,3.26022,5.17238,1.53435,1.34452,NN_Adam
0,0,0,0,0,-376.371,-159.095,369.186,3.54141,6.11041,0.5973,2.2396,3.41488,NN_Adam
0,0,0,0,0,-127.623,-186.503,407.02,0.970616,1.09505,1.6156,1.6938,0.873547,NN_Adam
0,0,0,0,0,-59.5551,-444.459,380.104,4.57903,0.0826621,0.299186,2.08594,0.165034,NN_Adam
0,0,0,0,0,-28.5759,234.41,216.693,1.69203,0.685514,2.5779,4.53512,4.84654,NN_Adam
0,0,0,0,0,-114.295,359.22,5.0391,5.02023,2.77031,0.565912,2.28834,2.53861,NN_Adam
0,0,0,0,0,-406.231,71.1493,294.671,2.96807,5.91661,1.71852,0.55278,5.86949,NN_Adam
0,0,0,0,0,103.64,68.2084,91.9746,3.72333,5.87932,2.80357,2.71568,0.353671,NN_Adam
0,0,0,0,0,-465.433,-223.007,221.602,3.58837,6.08265,0.295409,1.91598,0.384745,NN_Adam
0,0,0,0,0,60.0097,-217.252,146.031,4.98183,1.30338,5.4778,5.93657,5.26321,NN_Adam
0,0,0,0,0,375.169,159.813,124.428,3.544,2.53039,0.525469,2.25783,4.04251,NN_Adam
0,0,0,0,0,-59.1886,507.946,240.276,1.68716,6.10777,0.308815,1.92722,0.458874,NN_Adam
0,0,0,0,0,-499.93,125.871,183.613,2.89492,6.1477,0.725401,0.899774,4.41349,NN_Adam
0,0,0,0,0,-329.33,-353.879,309.072,3.96281,6.23264,0.899462,1.04224,3.41488,NN_Adam
0,0,0,0,0,-176.133,333.517,515.638,2.05662,0.674968,0.119911,1.71335,5.36892,NN_Adam
0,0,0,0,0,181.818,-359.861,397.729,5.18023,0.548889,0.845713,0.346393,5.34562,NN_Adam
0,0,0,0,0,-396.906,139.231,214.173,2.80414,5.78214,1.81375,0.309125,5.86949,NN_Adam
0,0,0,0,0,102.081,145.554,217.123,0.959016,4.79421,1.5416,3.1012,0.786399,NN_Adam
0,0,0,0,0,-36.1965,437.804,268.44,1.65315,5.80154,0.65599,2.29148,0.458874,NN_Adam
0,0,0,0,0,-262.366,438.609,59.9367,2.10976,5.83621,0.743141,0.997176,1.75357,NN_Adam
0,0,0,0,0,-157.073,47.9547,96.9801,2.84522,0.197373,1.27143,4.6545,0.914063,NN_Adam
0,0,0,0,0,-269.959,261.711,164.672,2.37157,0.510495,0.483197,5.95374,6.07848,NN_Adam
0,0,0,0,0,407.701,-23.1658,43.2495,3.08462,2.69243,0.736312,1.94026,5.88884,NN_Adam
0,0,0,0,0,-106.262,-272.311,409.522,1.19861,1.63104,0.762965,2.24391,6.01895,NN_Adam
0,0,0,0,0,19.3618,-9.80396,114.316,5.81431,0.43033,1.78209,3.73588,0.353671,NN_Adam
0,0,0,0,0,-69.6409,-350.657,393.159,1.37463,3.22673,5.23749,1.77794,1.34452,NN_Adam
0,0,0,0,0,-80.5244,185.258,342.996,1.98068,0.864402,3.98688,4.34239,6.17791,NN_Adam
0,0,0,0,0,307.682,-129.676,279.169,2.7425,2.26189,1.7683,0.110777,2.71482,NN_Adam
0,0,0,0,0,-127.577,503.082,223.069,1.8191,6.11571,0.269363,1.8861,0.458874,NN_Adam
0,0,0,0,0,387.134,-186.923,246.193,2.69167,2.54596,0.96576,0.915398,2.71482,NN_Adam
0,0,0,0,0,45.0101,-96.1804,67.5273,5.14962,1.07981,4.89687,5.95663,5.26321,NN_Adam
0,0,0,0,0,-140.119,-502.837,262.341,4.44058,0.0471923,0.152662,1.75361,0.191397,NN_Adam
0,0,0,0,0,131.836,-500.452,7.25984,4.96992,5.8543,0.122185,1.71812,6.27677,NN_Adam
0,0,0,0,0,-16.5395,-57.345,520.727,4.4315,0.384805,1.15474,2.19302,3.33779,NN_Adam
0,0,0,0,0,-223.141,15.1097,462.043,3.07386,0.779932,1.65052,5.99635,0.988303,NN_Adam
0,0,0,0,0,-8.45594,428.299,142.582,1.59045,0.443834,0.242581,0.0806984,0.458874,NN_Adam
0,0,0,0,0,216.262,-200.477,84.8756,2.39383,3.82923,4.12813,3.50536,6.22657,NN_Adam
0,0,0,0,0,140.392,508.063,189.437,1.30105,6.16266,0.548931,1.16492,1.38371,NN_Adam
0,0,0,0,0,-339.823,-323.528,150.809,3.90222,5.81721,1.37632,0.506246,1.08158,NN_Adam
0,0,0,0,0,-376.631,307.494,221.65,2.45665,6.19898,1.00036,0.564054,0.999488,NN_Adam
0,0,0,0,0,-206.458,-290.372,357.421,0.952591,2.05037,0.364227,2.37454,1.4549,NN_Adam
0,0,0,0,0,-207.637,341.452,235.952,2.11694,0.249287,1.20636,6.00515,6.07848,NN_Adam
0,0,0,0,0,10.0001,-483.35,87.0357,4.73303,6.18362,0.672975,0.424746,5.80573,NN_Adam
0,0,0,0,0,-201.194,-378.633,103.64,4.22392,0.119305,0.685149,6.22848,0.291986,NN_Adam
0,0,0,0,0,105.957,-164.277,234.434,2.14339,2.56076,4.46183,4.39224,2.27078,NN_Adam
0,0,0,0,0,88.4463,360.233,411.507,1.32995,0.1611,1.45162,0.460491,0.374479,NN_Adam
0,0,0,0,0,112.232,37.8639,86.2044,3.46674,5.98659,2.77071,2.7109,0.353671,NN_Adam
0,0,0,0,0,120.142,-476.324,67.8,4.95917,5.57019,0.461653,2.08138,6.27677,NN_Adam
0,0,0,0,0,-427.239,-211.173,240.366,3.60042,5.89788,0.460471,2.2022,0.384745,NN_Adam
0,0,0,0,0,-355.476,226.753,393.545,2.5734,0.0111482,0.4344,2.15532,2.06914,NN_Adam
0,0,0,0,0,-304.596,-324.324,223.698,3.95805,5.8135,1.59933,0.555092,1.08158,NN_Adam
0,0,0,0,0,-267.127,414.47,3.44827,2.14324,5.67468,0.819727,0.966347,1.75357,NN_Adam
0,0,0,0,0,58.8478,-424.485,161.593,4.85004,0.602925,0.00486425,0.19889,2.87431,NN_Adam
0,0,0,0,0,4.81987,-72.4268,120.525,1.63723,0.791657,3.94282,6.26902,3.18951,NN_Adam
0,0,0,0,0,-89.4116,208.408,247.755,1.97596,4.59356,2.12047,2.28622,0.486989,NN_Adam
0,0,0,0,0,-294.101,-323.252,61.9493,3.97395,5.57161,1.57954,0.291425,1.08158,NN_Adam
0,0,0,0,0,-309.198,-343.96,51.4231,3.97976,5.59482,1.34124,0.544881,1.08158,NN_Adam
0,0,0,0,0,45.0736,-259.562,222.569,1.7427,1.29327,1.83184,1.94225,6.03257,NN_Adam
0,0,0,0,0,-512.389,61.6357,256.479,3.02183,6.22179,0.23515,1.85219,5.86949,NN_Adam
0,0,0,0,0,-409.233,73.0081,274.79,2.96485,5.86976,1.74992,0.507696,5.86949,NN_Adam
0,0,0,0,0,229.05,-395.956,366.578,5.23618,0.0432356,0.334919,2.03764,0.586595,NN_Adam
0,0,0,0,0,-174.768,-175.406,458.359,0.786902,1.3556,1.37523,1.47143,0.873547,NN_Adam
0,0,0,0,0,317.376,367.798,276.389,0.858668,0.00730437,0.916989,0.739756,5.73413,NN_Adam
0,0,0,0,0,336.721,365.666,134.616,0.826364,5.86971,1.0682,0.766187,0.378545,NN_Adam
0,0,0,0,0,-236.873,-75.6606,547.236,3.45064,1.78396,5.1935,1.71911,5.93834,NN_Adam
0,0,0,0,0,-477.556,-45.727,47.7212,3.23685,6.07557,0.682477,0.459772,0.721104,NN_Adam
0,0,0,0,0,-201.719,-9.13544,478.624,3.18683,0.8075,1.67723,6.05117,0.988303,NN_Adam
0,0,0,0,0,-109.698,18.5302,137.69,6.11587,3.76001,1.13,4.72789,0.0907237,NN_Adam
0,0,0,0,0,214.857,-363.237,140.372,2.10486,3.33553,0.41997,0.473486,4.79934,NN_Adam
0,0,0,0,0,35.1521,140.66,109.595,1.32593,3.0447,3.96099,0.138307,1.68825,NN_Adam
0,0,0,0,0,-313.318,66.3005,529.854,2.93286,0.50396,0.316671,2.04317,0.390971,NN_Adam
0,0,0,0,0,-490.31,-140.629,149.649,3.42083,5.93778,0.905386,0.934039,0.721104,NN_Adam
0,0,0,0,0,-437.039,-21.872,424.987,3.19125,0.377927,0.644423,1.05521,6.25163,NN_Adam
0,0,0,0,0,126.856,325.39,1.57931,1.19898,0.908452,4.71662,1.20954,1.11678,NN_Adam
0,0,0,0,0,154.442,-440.313,338.867,5.04969,6.2206,0.409671,2.02059,2.3339,NN_Adam
0,0,0,0,0,283.454,-4.61153,144.942,3.12508,3.64928,3.99251,3.6263,6.22657,NN_Adam
0,0,0,0,0,262.267,-419.163,211.123,5.27136,5.88682,0.451128,2.08102,6.0557,NN_Adam
0,0,0,0,0,-56.7157,389.927,90.0016,4.85665,2.54571,0.601814,2.28325,2.53861,NN_Adam
0,0,0,0,0,87.0128,145.389,27.2102,4.17283,5.30826,3.29225,2.82418,0.353671,NN_Adam
0,0,0,0,0,33.4334,-190.968,171.949,4.88559,1.46412,5.49695,5.78621,5.26321,NN_Adam
0,0,0,0,0,-108.571,-266.383,185.481,1.18366,1.51694,1.78368,1.86325,6.03257,NN_Adam
0,0,0,0,0,-108.204,388.194,158.531,1.8425,6.07021,1.63368,6.00997,4.84654,NN_Adam
0,0,0,0,0,22.9029,-168.91,594.425,1.70536,1.67847,0.250036,1.90918,6.01895,NN_Adam
0,0,0,0,0,265.33,379.767,167.082,0.960874,6.25214,1.00436,0.186696,1.38371,NN_Adam
0,0,0,0,0,86.3191,-247.756,440.938,1.90586,3.27906,5.24963,1.16361,1.90659,NN_Adam
0,0,0,0,0,172.352,252.453,42.764,0.971712,4.68934,0.92096,2.91223,4.54565,NN_Adam
0,0,0,0,0,56.9355,14.8438,203.062,0.255057,4.50422,1.81116,3.4718,1.6879,NN_Adam
0,0,0,0,0,-463.898,58.2468,225.023,3.01642,5.87099,1.3759,0.741277,5.86949,NN_Adam
0,0,0,0,0,-248.675,-88.531,205.553,3.48364,1.75204,3.29252,2.96486,3.28783,NN_Adam
0,0,0,0,0,-185.209,-156.928,422.253,0.702819,1.41207,1.86184,0.738489,1.88987,NN_Adam
0,0,0,0,0,-287.277,-316.422,77.0133,3.97513,5.564,1.69681,0.216941,1.08158,NN_Adam
0,0,0,0,0,-416.401,-166.111,128.624,3.52099,5.51093,0.476891,2.50073,0.384745,NN_Adam
0,0,0,0,0,404.231,280.021,240.629,0.60569,6.18651,0.966481,0.72526,5.73413,NN_Adam
0,0,0,0,0,-97.9536,113.552,324.935,2.28256,2.8164,4.68685,0.357871,5.93834,NN_Adam
0,0,0,0,0,-214.519,152.819,243.577,2.52254,0.599119,3.47192,4.35212,6.17791,NN_Adam
0,0,0,0,0,-180.005,-305.164,23.946,1.03768,2.42938,1.28901,1.75944,6.08012,NN_Adam
0,0,0,0,0,-141.722,173.111,163.502,2.25673,4.13108,2.01358,2.56765,0.486989,NN_Adam
0,0,0,0,0,9.73625,-147.846,521.766,1.6363,1.05571,1.40864,1.45272,6.01895,NN_Adam
0,0,0,0,0,349.468,384.536,66.551,0.833109,5.81057,0.257319,1.87303,5.4464,NN_Adam
0,0,0,0,0,43.4648,-441.121,71.7402,1.66896,2.88415,0.348771,1.96958,1.72265,NN_Adam
0,0,0,0,0,-222.273,-73.1167,229.532,3.4593,1.9501,3.14505,3.05619,3.28783,NN_Adam
0,0,0,0,0,-315.1,343.256,334.469,2.3133,6.19428,0.42769,2.0334,0.572269,NN_Adam
0,0,0,0,0,-206.96,-313.746,256.093,0.987493,2.16672,0.498507,2.42842,1.4549,NN_Adam
0,0,0,0,0,-342.702,255.821,13.7674,2.50016,5.97601,0.950487,0.049257,1.75357,NN_Adam
0,0,0,0,0,-327.434,-16.563,154.875,0.0504529,2.6872,5.82285,3.36155,3.84344,NN_Adam
0,0,0,0,0,43.0543,215.907,155.601,1.3737,2.89136,3.66265,0.991534,1.68825,NN_Adam
0,0,0,0,0,361.984,322.173,193.458,0.72711,0.0577946,5.62528,2.72058,5.4464,NN_Adam
0,0,0,0,0,-469.274,38.0451,219.44,3.06067,5.8682,1.35097,0.755581,5.86949,NN_Adam
0,0,0,0,0,-369.955,100.937,170.612,2.87506,0.253002,1.03192,5.8408,1.75357,NN_Adam
0,0,0,0,0,289.635,-154.815,192.446,2.65069,1.88106,2.03243,0.835363,1.09903,NN_Adam
0,0,0,0,0,-73.3319,97.2096,503.968,2.21681,0.0861122,1.51614,1.82462,3.33779,NN_Adam
0,0,0,0,0,-130.463,-348.698,247.518,1.21271,1.94299,1.41086,1.42904,6.03257,NN_Adam
0,0,0,0,0,-23.2573,346.131,543.978,1.63786,0.800181,0.083489,1.67227,5.36892,NN_Adam
0,0,0,0,0,467.222,154.671,309.5,0.319638,6.24649,0.329457,1.91403,2.76285,NN_Adam
0,0,0,0,0,349.7,-48.1818,5.59916,3.00446,2.55684,1.00685,2.05791,5.88884,NN_Adam
0,0,0,0,0,-70.6161,40.6525,311.232,5.76095,2.58626,1.65652,4.81337,0.0907237,NN_Adam
0,0,0,0,0,-313.065,176.649,382.399,2.62778,0.964752,4.76364,3.09278,6.17791,NN_Adam
0,0,0,0,0,182.195,-296.475,500.931,5.26328,0.374049,0.375437,2.05459,5.13599,NN_Adam
0,0,0,0,0,-508.947,-2.73113,120.7,3.14686,5.78165,0.35231,2.03872,1.99764,NN_Adam
0,0,0,0,0,392.601,-215.282,73.4347,5.78131,5.39726,0.47506,2.46144,5.00623,NN_Adam
0,0,0,0,0,-337.567,300.509,308.372,2.41408,0.306166,0.854116,0.368231,0.572269,NN_Adam
0,0,0,0,0,-416.424,45.0038,293.764,3.03382,5.9523,1.66218,0.547128,5.86949,NN_Adam
0,0,0,0,0,305.519,-154.314,331.955,2.67373,2.87318,0.641084,0.104945,2.38395,NN_Adam
0,0,0,0,0,-110.294,-190.255,354.949,4.18704,2.6189,3.8201,1.94288,0.341132,NN_Adam
0,0,0,0,0,-89.1717,432.702,173.745,1.77371,6.11926,1.34696,0.0448176,4.84654,NN_Adam
0,0,0,0,0,342.398,-120.049,323.643,2.80428,2.83758,0.679714,0.22155,2.38395,NN_Adam
0,0,0,0,0,375.757,25.508,95.6085,3.20918,2.42693,0.736777,2.30885,5.88884,NN_Adam
0,0,0,0,0,-440.039,-64.7763,48.4411,3.28759,5.21807,0.815856,2.14856,0.82735,NN_Adam
0,0,0,0,0,135.538,471.786,163.413,1.29093,6.12393,0.954359,0.517826,1.38371,NN_Adam
0,0,0,0,0,316.445,-223.5,406.62,5.66801,1.30087,4.88095,2.27724,0.586595,NN_Adam
0,0,0,0,0,-165.016,-107.416,311.715,3.71849,5.77425,3.0645,6.16349,1.26648,NN_Adam
0,0,0,0,0,-55.6281,-393.037,140.222,1.43002,2.33753,0.866655,2.03797,1.72265,NN_Adam
0,0,0,0,0,225.465,-307.3,72.7363,2.20348,3.56505,0.521016,0.154132,4.79934,NN_Adam
0,0,0,0,0,171.001,-284.467,16.319,2.11199,3.76778,0.637321,6.16928,4.79934,NN_Adam
0,0,0,0,0,-320.942,3.07075,129.106,6.27354,2.72695,5.86265,3.38394,3.84344,NN_Adam
0,0,0,0,0,490.973,-181.57,31.5966,5.92892,5.89525,0.129601,1.7265,5.00623,NN_Adam
0,0,0,0,0,103.666,-399.556,177.983,4.96607,0.714975,6.21738,0.145221,2.87431,NN_Adam
0,0,0,0,0,-111.707,-207.779,211.089,4.21901,5.5879,3.26861,5.7108,1.26648,NN_Adam
0,0,0,0,0,-173.715,110.587,8.53669,2.57457,3.90686,1.4508,2.85684,0.164514,NN_Adam
0,0,0,0,0,-235.31,-338.758,154.072,0.963533,2.47234,0.543968,2.20478,1.4549,NN_Adam
0,0,0,0,0,-376.83,221.293,237.719,2.61052,6.27481,1.31723,0.0840661,0.999488,NN_Adam
0,0,0,0,0,-116.571,127.644,44.8322,2.31075,3.68434,1.61432,2.98316,0.164514,NN_Adam
0,0,0,0,0,242.8,462.96,267.94,1.08773,0.0986833,0.11787,1.71421,2.83862,NN_Adam
0,0,0,0,0,-39.4909,76.6968,43.9076,5.18782,5.79066,2.74475,3.1278,0.353671,NN_Adam
0,0,0,0,0,-86.3624,213.117,93.9518,1.95562,2.46357,3.47754,1.40912,1.68825,NN_Adam
0,0,0,0,0,-115.902,-68.3477,336.745,3.67437,1.39199,2.09974,4.7561,0.988303,NN_Adam
0,0,0,0,0,-141.786,-138.666,250.246,3.91566,3.05395,3.0642,2.27541,0.341132,NN_Adam
0,0,0,0,0,-238.084,-180.477,440.169,0.648539,1.78218,0.467682,2.29315,0.906681,NN_Adam
0,0,0,0,0,31.5619,-336.933,45.9427,1.66414,2.42724,1.89655,0.753226,1.73232,NN_Adam
0,0,0,0,0,-295.521,-121.77,16.2244,0.390603,2.34882,1.27465,2.05131,0.996245,NN_Adam
0,0,0,0,0,-25.1023,1.70532,197.614,6.21531,3.01869,1.24342,4.37279,0.0907237,NN_Adam
0,0,0,0,0,14.6393,-404.726,180.681,4.74833,5.54805,0.445423,2.80372,2.3339,NN_Adam
0,0,0,0,0,272.524,-88.6057,120.839,2.82696,1.75842,2.25965,1.0443,0.246225,NN_Adam
0,0,0,0,0,-414.4,92.869,384.03,2.92096,6.23322,0.518871,2.10717,2.06914,NN_Adam
0,0,0,0,0,-140.644,221.162,3.93284,2.13707,4.10722,1.54822,2.49524,0.164514,NN_Adam
0,0,0,0,0,-60.4394,473.867,311.673,1.69744,0.0237382,0.927921,0.855668,2.05852,NN_Adam
0,0,0,0,0,20.8647,348.719,430.061,1.51103,0.212075,1.49755,0.427454,0.374479,NN_Adam
0,0,0,0,0,-91.4039,310.342,145.089,1.85702,6.14221,2.12314,5.37327,4.84654,NN_Adam
0,0,0,0,0,259.375,-344.439,255.432,5.35776,0.772307,0.0395595,0.292383,2.87431,NN_Adam
0,0,0,0,0,321.966,43.8624,62.1003,3.27681,3.00187,1.79344,6.07027,0.917386,NN_Adam
0,0,0,0,0,-231.552,89.7048,446.884,2.77196,0.778977,1.54159,5.97129,0.988303,NN_Adam
0,0,0,0,0,-40.3595,139.732,420.953,1.85157,5.91824,1.58186,2.29651,3.33779,NN_Adam
0,0,0,0,0,-302.687,243.907,483.99,2.46304,0.598172,0.601921,0.97587,2.03274,NN_Adam
0,0,0,0,0,127.845,360.874,139.926,1.23017,0.209348,0.947849,5.84915,1.38371,NN_Adam
0,0,0,0,0,114.111,-380.281,102.343,1.86201,2.53123,0.575991,2.29215,4.79934,NN_Adam
0,0,0,0,0,344.519,-334.901,117.883,5.51187,5.72133,0.177896,2.45204,0.00805729,NN_Adam
0,0,0,0,0,26.7117,26.2619,231.312,0.77669,4.71839,2.00109,3.28207,1.6879,NN_Adam
0,0,0,0,0,507.255,-52.8501,227.267,6.17932,6.04829,0.339978,1.95496,2.70961,NN_Adam
0,0,0,0,0,-62.25,54.0218,156.092,5.56839,3.61861,0.996631,4.64619,0.0907237,NN_Adam
0,0,0,0,0,-463.595,193.666,87.955,2.74571,6.04119,0.733564,0.674461,1.75357,NN_Adam
0,0,0,0,0,-208.917,99.3223,263.86,2.69775,0.794311,2.94377,4.50283,6.17791,NN_Adam
0,0,0,0,0,341.072,-89.2584,223.778,2.88551,2.34701,1.78234,0.210901,2.71482,NN_Adam
0,0,0,0,0,-124.586,108.365,151.098,2.42556,3.90409,1.86919,3.03127,0.164514,NN_Adam
0,0,0,0,0,-239.181,-269.102,181.548,3.98572,5.719,2.29003,6.05452,1.26648,NN_Adam
0,0,0,0,0,-223.915,-351.61,395.164,4.14511,6.24887,0.551301,2.08516,1.21809,NN_Adam
0,0,0,0,0,-0.0362866,512.132,257.655,1.57076,6.26277,0.645346,1.10626,0.458874,NN_Adam
0,0,0,0,0,67.9193,-162.63,112.993,5.10796,1.21037,5.33001,5.83156,5.26321,NN_Adam
0,0,0,0,0,-23.0623,-272.485,413.966,1.48609,3.4437,4.99806,1.37686,1.34452,NN_Adam
0,0,0,0,0,-462.51,84.5182,198.225,2.96071,5.83233,1.3836,0.685183,5.86949,NN_Adam
0,0,0,0,0,-389.337,206.731,376.239,2.65324,0.00210616,0.407386,2.09707,2.06914,NN_Adam
0,0,0,0,0,-186.146,81.9063,520.175,2.72692,2.13532,5.04598,1.35143,5.93834,NN_Adam
0,0,0,0,0,17.9618,-240.811,8.70854,1.64507,2.1932,2.4493,0.707134,1.73232,NN_Adam
0,0,0,0,0,81.1174,474.695,150.529,1.40145,6.19639,0.902765,0.370823,1.38371,NN_Adam
0,0,0,0,0,-309.638,40.8237,315.392,3.01052,0.681168,1.28328,5.63891,1.75357,NN_Adam
0,0,0,0,0,63.5684,397.307,65.2462,1.41207,0.957525,4.85863,1.29083,1.11678,NN_Adam
0,0,0,0,0,-290.823,42.3151,240.651,2.99692,0.685805,1.0964,5.3927,1.75357,NN_Adam
0,0,0,0,0,-318.977,188.988,90.0279,2.60658,0.189562,0.713161,5.86812,1.75357,NN_Adam
0,0,0,0,0,26.7426,-190.078,206.508,4.85184,1.58464,5.61568,5.73761,5.26321,NN_Adam
0,0,0,0,0,-463.39,-99.9548,82.7318,3.35391,6.15833,0.755544,0.329469,0.721104,NN_Adam
0,0,0,0,0,-448.073,-200.696,366.37,3.56266,0.411039,0.0292582,1.60649,3.41488,NN_Adam
0,0,0,0,0,19.4463,-407.563,254.87,4.76017,5.73804,0.538521,2.63097,2.3339,NN_Adam
0,0,0,0,0,382.724,111.896,246.583,0.284275,5.35716,1.58866,1.60889,2.76285,NN_Adam
0,0,0,0,0,271.902,-277.073,152.832,2.34663,3.87989,4.6962,2.37826,0.247987,NN_Adam
0,0,0,0,0,-315.399,150.593,193.115,2.69613,0.343294,1.19041,5.61436,1.75357,NN_Adam
0,0,0,0,0,-138.484,133.283,553.205,2.37512,0.355583,1.1712,1.57784,3.33779,NN_Adam
0,0,0,0,0,-41.1301,-421.929,377.084,4.61516,6.23992,0.417739,2.23441,0.165034,NN_Adam
0,0,0,0,0,80.1944,-214.698,407.756,1.92847,3.54719,4.95138,1.10443,1.34452,NN_Adam
0,0,0,0,0,-414.051,79.0594,366.864,2.95277,6.147,0.547105,2.1935,2.06914,NN_Adam
0,0,0,0,0,2.83676,72.508,152.165,1.53142,4.14367,1.49406,3.717,1.6879,NN_Adam
0,0,0,0,0,32.6504,44.5025,230.87,0.937837,4.67414,1.94988,3.2736,1.6879,NN_Adam
0,0,0,0,0,-282.225,364.362,233.458,2.22974,0.0871922,1.01284,0.250689,6.07848,NN_Adam
0,0,0,0,0,85.8728,-66.7513,247.412,5.62236,4.67187,3.80925,0.10893,0.955645,NN_Adam
0,0,0,0,0,-11.8472,-9.33226,102.8,0.666807,0.195842,2.0208,3.48815,0.353671,NN_Adam
0,0,0,0,0,-355.447,-7.75113,346.763,0.0216134,1.89273,0.806543,2.0357,1.88987,NN_Adam
0,0,0,0,0,-216.697,-105.83,338.417,0.454107,1.12551,2.13301,1.13862,1.88987,NN_Adam
0,0,0,0,0,-376.374,224.006,322.629,2.60462,0.159335,1.14543,0.361214,0.999488,NN_Adam
0,0,0,0,0,19.4028,445.826,108.695,1.52708,0.230664,0.404416,0.149338,5.82413,NN_Adam
0,0,0,0,0,-51.0976,422.774,342.818,1.69092,5.92205,1.1286,1.60861,0.486989,NN_Adam
0,0,0,0,0,125.15,315.678,71.3768,1.19319,1.21872,4.73766,0.940481,1.11678,NN_Adam
0,0,0,0,0,-296.37,-126.638,467.568,0.403588,1.96831,0.361018,2.00729,1.88987,NN_Adam
0,0,0,0,0,139.594,-86.5595,293.271,5.72803,4.81122,3.21254,0.708763,0.955645,NN_Adam
0,0,0,0,0,-300.702,231.831,436.95,2.48447,0.965509,0.274088,0.491159,2.03274,NN_Adam
0,0,0,0,0,127.334,-293.122,75.3242,1.98049,3.76802,0.479748,6.04901,4.79934,NN_Adam
0,0,0,0,0,-488.058,14.7077,182.144,3.11128,6.06372,1.07059,0.568654,0.322384,NN_Adam
0,0,0,0,0,-411.922,-8.93992,54.9945,3.16321,5.06413,0.920395,2.31148,0.82735,NN_Adam
0,0,0,0,0,254.546,-395.417,287.539,5.284,6.21432,1.11259,0.686181,5.34562,NN_Adam
0,0,0,0,0,176.664,455.714,82.3311,1.20077,6.09466,0.748859,0.494275,1.38371,NN_Adam
0,0,0,0,0,-63.425,-115.206,54.9826,4.20905,0.928449,5.07332,5.9573,5.26321,NN_Adam
0,0,0,0,0,308.684,-196.398,223.369,2.57487,2.09929,0.716249,2.37777,0.428259,NN_Adam
0,0,0,0,0,118.271,-230.847,224.264,5.18555,1.43943,5.7289,5.98574,5.26321,NN_Adam
0,0,0,0,0,-243.24,-226.416,347.852,0.74946,2.1361,1.5483,0.330251,1.46502,NN_Adam
0,0,0,0,0,288.334,-167.073,309.681,2.61646,2.94526,0.683676,6.24743,2.38395,NN_Adam
0,0,0,0,0,-76.4838,-145.103,555.365,1.08565,1.29793,1.05594,1.50806,6.01895,NN_Adam
0,0,0,0,0,223.608,423.682,147.813,1.08503,6.18559,0.927464,0.34493,1.38371,NN_Adam
0,0,0,0,0,-245.5,100.194,250.47,2.7539,0.832938,3.41994,4.13001,6.17791,NN_Adam
0,0,0,0,0,243.674,255.477,34.932,0.808947,4.79955,0.973558,2.60086,4.54565,NN_Adam
0,0,0,0,0,18.1689,388.249,317.27,1.52391,0.0869109,1.59559,6.27574,4.84654,NN_Adam
0,0,0,0,0,-360.529,361.757,191.657,2.35404,6.04672,0.860199,0.95594,0.999488,NN_Adam
0,0,0,0,0,-140.311,-113.873,616.734,3.82317,0.949934,0.261494,1.8835,5.93834,NN_Adam
0,0,0,0,0,6.73581,-79.156,187.363,1.65569,0.684276,3.81769,6.144,3.18951,NN_Adam
0,0,0,0,0,-300.568,-212.305,92.9032,3.75616,5.35476,2.24984,6.24883,1.26648,NN_Adam
0,0,0,0,0,-210.937,-336.148,369.065,4.15177,6.0657,0.658533,2.27123,1.21809,NN_Adam
0,0,0,0,0,307.528,-218.974,248.895,2.52258,2.14236,0.604139,2.34482,0.428259,NN_Adam
0,0,0,0,0,-392.397,111.364,49.5062,2.86489,5.68004,1.63327,6.20966,4.41349,NN_Adam
0,0,0,0,0,-6.0487,-40.1548,277.192,1.42148,2.64418,1.48207,4.61562,0.0907237,NN_Adam
0,0,0,0,0,180.626,-333.746,93.9326,2.06672,3.55483,0.474155,0.132238,4.79934,NN_Adam
0,0,0,0,0,-164.555,-90.0794,226.194,3.64246,5.34616,3.48953,5.93697,1.26648,NN_Adam
0,0,0,0,0,-250.579,-429.935,19.0526,4.1843,5.69643,0.826502,0.981269,0.291986,NN_Adam
0,0,0,0,0,-36.3951,-37.3475,429.295,3.93986,0.314266,0.812468,3.04194,3.09063,NN_Adam
0,0,0,0,0,-312.285,-219.496,391.072,0.612541,2.18121,0.374911,1.95926,1.46502,NN_Adam
0,0,0,0,0,270.349,-84.7392,200.674,2.83789,3.57411,3.96565,3.50007,6.22657,NN_Adam
0,0,0,0,0,-199.157,37.8213,340.13,2.95382,0.940367,2.05742,5.08126,0.988303,NN_Adam
0,0,0,0,0,86.8334,-323.808,287.168,4.97428,1.09964,0.0742418,6.08169,2.87431,NN_Adam
0,0,0,0,0,336.155,-366.614,279.638,5.45414,6.26114,0.80349,0.97886,5.34562,NN_Adam
0,0,0,0,0,145.725,457.453,267.536,1.2624,6.07094,1.1188,0.880755,1.38371,NN_Adam
0,0,0,0,0,-83.4838,368.879,131.702,1.79294,6.07702,1.69627,5.78927,4.84654,NN_Adam
0,0,0,0,0,517.025,-12.7549,257.63,6.25847,6.23903,0.223421,1.83519,2.89142,NN_Adam
0,0,0,0,0,99.1249,409.138,205.305,1.3332,0.129945,1.16238,6.126,1.38371,NN_Adam
0,0,0,0,0,234.544,-129.052,278.985,2.63837,1.53776,2.34717,0.506602,1.09903,NN_Adam
0,0,0,0,0,-276.596,-312.004,260.127,0.845296,3.49393,5.20698,1.93151,0.721104,NN_Adam
0,0,0,0,0,-350.479,1.81217,504.55,3.13637,0.404485,0.358359,2.015,0.390971,NN_Adam
0,0,0,0,0,-476.098,122.547,293.012,2.88948,6.18333,0.315881,2.00876,2.06914,NN_Adam
0,0,0,0,0,134.441,-131.897,218.601,2.36571,2.55151,4.52742,4.45245,2.27078,NN_Adam
0,0,0,0,0,-60.3904,-35.5577,496.449,3.67373,0.247669,1.22596,2.2874,3.33779,NN_Adam
0,0,0,0,0,-412.291,76.7174,263.364,2.95748,5.84571,1.74858,0.498918,5.86949,NN_Adam
0,0,0,0,0,199.608,-345.759,211.97,5.23587,0.846818,6.1802,0.111919,2.87431,NN_Adam
0,0,0,0,0,-283.636,212.459,487.875,2.49862,0.795754,0.641614,0.591987,2.03274,NN_Adam
0,0,0,0,0,-218.417,-368.822,409.906,4.17767,0.108967,0.419214,2.00156,1.21809,NN_Adam
0,0,0,0,0,-74.3546,64.3459,64.8043,2.42828,6.04462,1.44325,4.41703,0.914063,NN_Adam
0,0,0,0,0,-128.254,-251.548,83.7526,1.09894,1.99888,2.3499,0.73087,0.324958,NN_Adam
0,0,0,0,0,313.519,351.812,104.962,0.842736,6.21041,5.42321,2.86772,5.4464,NN_Adam
0,0,0,0,0,-167.089,-57.126,523.768,3.47098,2.24164,4.9955,1.34743,5.93834,NN_Adam
0,0,0,0,0,130.382,-282.991,288.209,5.14406,1.16358,0.0878607,5.96527,2.87431,NN_Adam
0,0,0,0,0,-28.8645,-169.265,429.328,1.40181,0.836594,1.68851,1.76403,6.01895,NN_Adam
0,0,0,0,0,-46.6305,-251.117,216.219,4.52848,2.52297,3.52961,1.84761,0.341132,NN_Adam
0,0,0,0,0,378.213,299.848,102.235,0.670007,6.28217,5.39958,2.73402,5.4464,NN_Adam
0,0,0,0,0,234.373,293.388,121.73,0.896624,5.91059,5.4481,3.58699,5.4464,NN_Adam
0,0,0,0,0,-262.798,118.783,574.49,2.71694,0.847016,0.496624,1.20015,0.988303,NN_Adam
0,0,0,0,0,-204.136,48.5583,406.864,2.9079,0.871731,1.8436,5.54213,0.988303,NN_Adam
0,0,0,0,0,-314.03,-291.72,281.506,0.74845,3.22326,5.42162,2.10774,0.721104,NN_Adam
0,0,0,0,0,21.1758,494.044,162.663,1.52764,6.18211,0.853478,0.533543,1.38371,NN_Adam
0,0,0,0,0,-325.603,182.027,147.369,2.63158,0.196536,1.07619,5.76094,1.75357,NN_Adam
0,0,0,0,0,-289.989,118.309,20.7129,2.75412,0.00587862,0.713696,5.67246,1.75357,NN_Adam
0,0,0,0,0,-180.462,360.317,463.857,2.03493,0.524587,0.661445,0.936814,5.36892,NN_Adam
0,0,0,0,0,17.3488,-346.156,81.1212,1.62072,2.27589,1.03493,2.23599,1.72265,NN_Adam
0,0,0,0,0,164.548,-217.779,328.364,2.21777,3.78429,5.12459,0.816191,1.90659,NN_Adam
0,0,0,0,0,-71.3499,-100.906,91.3963,4.09663,1.09626,5.12126,5.79187,5.26321,NN_Adam
0,0,0,0,0,97.8771,235.234,281.734,1.17617,0.600573,3.88776,4.3302,6.17791,NN_Adam
0,0,0,0,0,-451.172,27.6801,8.52668,3.08025,5.2258,0.748937,2.05232,0.82735,NN_Adam
0,0,0,0,0,-350.031,-70.3349,241.594,3.33973,0.701193,0.602883,5.87644,0.458783,NN_Adam
0,0,0,0,0,-368.839,-178.33,161.085,3.59174,5.57309,1.96406,0.2561,1.26648,NN_Adam
0,0,0,0,0,-296.575,285.917,175.349,2.37426,0.377822,0.635674,6.12018,6.07848,NN_Adam
0,0,0,0,0,349.636,-334.263,51.75,5.52012,5.53584,0.398351,2.18055,0.00805729,NN_Adam
0,0,0,0,0,207.189,-184.831,338.711,2.41312,3.73191,5.13693,0.869054,1.90659,NN_Adam
0,0,0,0,0,-160.161,90.6612,629.186,2.62645,1.1438,0.101803,1.69396,3.33779,NN_Adam
0,0,0,0,0,156.908,-146.968,244.575,5.5304,4.79331,3.16011,0.472135,0.955645,NN_Adam
0,0,0,0,0,-25.23,327.168,210.92,1.64756,6.26071,2.15811,5.50221,4.84654,NN_Adam
0,0,0,0,0,-252.801,398.458,275.407,2.13606,0.300347,0.678434,0.456058,0.572269,NN_Adam
0,0,0,0,0,68.6311,-90.9843,373.062,2.21684,0.365639,1.87787,2.16448,6.01895,NN_Adam
0,0,0,0,0,-140.616,13.0212,392.144,3.04933,1.13686,2.17679,5.16724,0.988303,NN_Adam
0,0,0,0,0,71.8184,-161.746,310.317,1.98871,2.41128,4.2975,4.26744,2.27078,NN_Adam
0,0,0,0,0,178.836,-471.761,15.3687,5.07456,5.66432,0.289377,1.90841,6.27677,NN_Adam
0,0,0,0,0,-387.761,-185.09,154.117,3.58674,5.58121,1.80206,0.41009,1.26648,NN_Adam
0,0,0,0,0,-258.024,159.607,367.692,2.58749,1.06179,4.34875,3.49403,6.17791,NN_Adam
0,0,0,0,0,177.485,-25.6462,240.671,2.99804,3.3799,3.13065,4.00805,6.22657,NN_Adam
0,0,0,0,0,-37.7022,244.69,474.144,1.7236,1.06084,5.03161,3.3026,6.17791,NN_Adam
0,0,0,0,0,-147.482,-490.879,144.05,4.42032,6.01079,0.822146,0.874424,0.191397,NN_Adam
0,0,0,0,0,-13.4404,181.647,212.787,1.64446,3.14595,3.98374,0.563801,1.68825,NN_Adam
0,0,0,0,0,198.201,389.671,205.561,1.09996,0.0834089,1.12537,6.26436,1.38371,NN_Adam
0,0,0,0,0,224.101,371.732,277.205,1.02814,1.15218,4.73288,2.15806,2.83862,NN_Adam
0,0,0,0,0,240.572,-14.4925,180.005,3.08134,3.48425,3.65135,3.93605,6.22657,NN_Adam
0,0,0,0,0,-329.376,343.248,214.056,2.33537,0.0290108,0.944636,0.369329,6.07848,NN_Adam
0,0,0,0,0,-391.618,289.98,355.183,2.50417,0.202195,0.188187,1.7961,2.06914,NN_Adam
0,0,0,0,0,148.623,-367.306,407.45,5.09671,0.501852,0.949066,0.360391,5.34562,NN_Adam
0,0,0,0,0,-247.767,259.648,129.259,2.33266,0.526176,0.286467,5.9432,6.07848,NN_Adam
0,0,0,0,0,-279.237,-382.653,381.563,4.08193,0.254633,0.194208,1.80269,1.21809,NN_Adam
0,0,0,0,0,-454.572,-81.7536,96.8651,3.31948,6.21197,0.808837,0.19203,0.721104,NN_Adam
0,0,0,0,0,-510.397,-100.598,217.059,3.33604,6.14943,0.649168,1.16582,0.721104,NN_Adam
0,0,0,0,0,-82.765,360.622,373.242,1.79625,1.19614,6.14882,0.342988,1.23374,NN_Adam
0,0,0,0,0,425.677,-72.4649,219.555,2.97241,2.56858,1.01471,0.914299,2.71482,NN_Adam
0,0,0,0,0,-10.4286,-132.083,157.172,4.63345,1.45507,5.38352,5.57473,5.26321,NN_Adam
0,0,0,0,0,124.189,-346.66,485.145,5.05622,0.39252,0.2146,2.15144,5.13599,NN_Adam
0,0,0,0,0,341.192,-284.99,52.3821,2.44557,3.08184,0.723658,1.00197,0.758087,NN_Adam
0,0,0,0,0,0.204624,-480.532,76.4789,4.71264,6.1683,0.669524,0.41041,5.80573,NN_Adam
0,0,0,0,0,150.23,-49.3945,89.9428,2.82398,4.00935,2.63746,4.28816,6.22657,NN_Adam
0,0,0,0,0,-153.627,18.2578,100.638,3.02321,0.206775,1.21699,4.62846,0.914063,NN_Adam
0,0,0,0,0,33.1204,206.969,107.721,1.41177,3.03235,3.48221,0.927195,1.68825,NN_Adam
0,0,0,0,0,-348.993,-155.493,129.318,3.56061,5.45102,2.17871,0.0634518,1.26648,NN_Adam
0,0,0,0,0,-193.755,-150.46,164.681,3.80137,5.45448,3.2881,5.61116,1.26648,NN_Adam
0,0,0,0,0,134.254,-389.652,243.985,5.04418,0.827959,0.0033738,0.171118,2.87431,NN_Adam
0,0,0,0,0,14.5675,493.908,297.758,1.5412,0.0737426,0.736148,0.952028,2.05852,NN_Adam
0,0,0,0,0,160.718,-82.5144,133.476,2.66687,3.66647,2.76705,4.35803,6.22657,NN_Adam
0,0,0,0,0,8.30534,-342.913,169.72,1.59459,1.87732,1.57329,1.65804,6.03257,NN_Adam
0,0,0,0,0,-430.741,-20.2718,85.5572,3.18857,5.18977,0.926432,2.20807,0.82735,NN_Adam
0,0,0,0,0,-191.148,-244.91,34.2128,4.04956,0.185639,0.408627,5.75037,0.954884,NN_Adam
0,0,0,0,0,-221.931,-235.767,342.618,0.815521,2.11752,1.63634,0.253664,1.46502,NN_Adam
0,0,0,0,0,-74.5911,173.374,129.115,1.97682,0.424229,1.18617,4.76382,0.914063,NN_Adam
0,0,0,0,0,263.919,-306.318,234.569,5.42345,0.856813,6.23335,0.139345,2.87431,NN_Adam
0,0,0,0,0,-371.4,156.482,292.883,2.74262,5.9483,1.79151,0.406295,5.86949,NN_Adam
0,0,0,0,0,249.053,77.9884,64.4663,0.303379,4.58067,2.98211,0.0206282,1.59582,NN_Adam
0,0,0,0,0,-339.418,112.968,524.42,2.82025,0.607307,0.209915,1.82035,0.390971,NN_Adam
0,0,0,0,0,-419.316,148.607,117.4,2.8008,0.572036,6.02028,0.470601,4.41349,NN_Adam
0,0,0,0,0,-477.67,10.4835,374.009,3.1196,0.239694,0.191414,1.80185,2.06914,NN_Adam
0,0,0,0,0,66.6994,411.372,220.722,1.41,0.149914,1.20582,6.11453,1.38371,NN_Adam
0,0,0,0,0,208.35,350.454,71.0257,1.03435,0.937209,4.50384,1.93381,1.11678,NN_Adam
0,0,0,0,0,-151.169,49.2687,319.944,5.9684,2.47665,2.10255,5.08689,0.0907237,NN_Adam
0,0,0,0,0,-206.996,35.4671,107.765,2.97178,0.257905,1.46489,4.78079,0.914063,NN_Adam
0,0,0,0,0,324.414,-118.082,235.834,2.79237,2.32695,1.80899,0.152913,2.71482,NN_Adam
0,0,0,0,0,19.1723,-351.979,518.091,4.76654,0.519989,0.272566,1.92099,0.415395,NN_Adam
0,0,0,0,0,275.331,232.491,151.924,0.701088,5.96755,5.43582,3.68393,5.4464,NN_Adam
0,0,0,0,0,243.007,-230.668,91.5227,2.38218,3.72521,4.46299,3.27198,6.22657,NN_Adam
0,0,0,0,0,-103.305,-139.024,184.925,4.07328,5.17279,3.72673,5.76253,1.26648,NN_Adam
0,0,0,0,0,161.721,241.874,94.2452,0.981196,4.68552,1.1179,2.90759,4.54565,NN_Adam
0,0,0,0,0,233.742,469.696,212.697,1.1088,6.17819,0.561812,1.21649,1.38371,NN_Adam
0,0,0,0,0,-85.1042,-159.406,463.522,1.08027,0.990161,1.55725,1.62698,6.01895,NN_Adam
0,0,0,0,0,115.917,-107.639,237.922,2.39311,2.30349,4.80628,4.49024,2.27078,NN_Adam
0,0,0,0,0,8.54555,347.627,205.318,1.54606,6.26948,1.94402,5.6154,4.84654,NN_Adam
0,0,0,0,0,214.025,30.37,104.359,0.140869,4.43179,3.34465,6.22989,1.59582,NN_Adam
0,0,0,0,0,162.293,-150.898,120.581,2.39247,3.67788,3.43601,4.09841,6.22657,NN_Adam
0,0,0,0,0,240.855,80.4924,186.672,3.46399,3.50124,3.76478,3.81287,6.22657,NN_Adam
0,0,0,0,0,110.518,-141.3,370.854,2.23421,3.93131,4.05746,1.83804,1.61524,NN_Adam
0,0,0,0,0,-429.009,-229.765,219.755,3.63322,5.88331,0.438794,2.1598,0.384745,NN_Adam
0,0,0,0,0,129.905,-112.001,252.215,2.43012,2.33415,4.75221,4.40701,2.27078,NN_Adam
0,0,0,0,0,-137.182,-247.498,62.0131,1.06434,2.07537,2.30072,0.778488,0.324958,NN_Adam
0,0,0,0,0,264.04,-25.1041,151.095,3.04667,3.59636,3.8613,3.7811,6.22657,NN_Adam
0,0,0,0,0,150.27,291.062,229.12,1.09402,6.27888,2.17316,5.55223,4.84654,NN_Adam
0,0,0,0,0,168.005,441.231,334.699,1.20677,6.24422,0.356644,2.02395,2.53824,NN_Adam
0,0,0,0,0,-184.602,-46.4993,98.0672,0.246491,5.24869,3.29548,2.54195,5.50527,NN_Adam
0,0,0,0,0,419.695,105.173,227.345,0.245418,5.46132,1.4505,1.49627,2.76285,NN_Adam
0,0,0,0,0,-146.652,-242.439,141.025,4.16828,5.51324,2.95928,5.62713,1.26648,NN_Adam
0,0,0,0,0,399.56,319.084,81.6093,0.673781,5.87278,0.00928992,2.1991,5.4464,NN_Adam
0,0,0,0,0,-38.5961,-292.89,499.552,1.43922,2.77387,5.45982,1.85062,1.34452,NN_Adam
0,0,0,0,0,470.724,-249.039,60.3253,5.79654,6.04156,0.0575828,1.64013,5.00623,NN_Adam
0,0,0,0,0,75.7207,-488.584,220.839,4.86597,5.87211,0.586859,1.93562,5.80573,NN_Adam
0,0,0,0,0,68.7026,230.602,292.303,1.28116,0.606824,3.90302,4.39761,6.17791,NN_Adam
0,0,0,0,0,-379.351,114.665,161.626,2.84806,0.196099,1.0207,5.92371,1.75357,NN_Adam
0,0,0,0,0,58.0654,-332.787,70.4386,1.74332,2.34288,1.95072,0.718738,1.73232,NN_Adam
0,0,0,0,0,-83.0061,125.573,240.324,5.29641,3.09697,1.37203,4.93771,0.0907237,NN_Adam
0,0,0,0,0,-380.828,-50.6021,91.6486,3.27358,0.200075,0.649028,5.96444,0.721104,NN_Adam
0,0,0,0,0,-525.779,28.4416,257.158,3.08748,0.10641,0.0933906,1.68321,0.322384,NN_Adam
0,0,0,0,0,-227.218,286.213,4.01859,2.24157,6.20542,0.676937,5.99422,1.75357,NN_Adam
0,0,0,0,0,-197.434,-225.87,437.843,0.852488,1.9811,1.30698,0.538366,5.67876,NN_Adam
0,0,0,0,0,-206.48,-288.451,192.912,4.09079,5.73088,2.3291,6.05367,1.26648,NN_Adam
0,0,0,0,0,94.7877,149.662,212.925,1.00623,4.77599,1.52971,3.12151,0.786399,NN_Adam
0,0,0,0,0,-147.56,-489.425,294.185,4.41938,0.080255,0.179937,1.78817,0.191397,NN_Adam
0,0,0,0,0,-84.5433,-114.122,311.997,0.933021,2.20379,4.23539,4.46831,2.27078,NN_Adam
0,0,0,0,0,131.747,-156.513,221.209,2.27043,2.63797,4.47175,4.3622,2.27078,NN_Adam
0,0,0,0,0,-173.097,-41.1292,494.611,3.37469,2.34951,4.90087,1.22191,5.93834,NN_Adam
0,0,0,0,0,225.881,-288.626,254.07,2.23471,3.75544,4.65421,2.20048,0.247987,NN_Adam
0,0,0,0,0,-97.2849,375.138,82.3468,4.96594,2.5532,0.585702,2.33982,2.53861,NN_Adam
0,0,0,0,0,-269.844,247.036,51.9113,2.40019,0.022447,0.816437,5.85888,1.75357,NN_Adam
0,0,0,0,0,-188.287,-387.845,401.409,4.26028,0.0765508,0.421769,2.03049,1.21809,NN_Adam
0,0,0,0,0,265.751,276.308,122.791,0.804788,5.9766,5.35785,3.56206,5.4464,NN_Adam
0,0,0,0,0,81.6785,246.44,196.051,1.25066,0.382372,2.47809,4.77912,4.84654,NN_Adam
0,0,0,0,0,-176.499,-328.724,507.045,4.21959,0.528848,0.237391,1.84992,0.165034,NN_Adam
0,0,0,0,0,263.399,-457.377,46.1851,5.23484,5.94997,0.109022,1.70232,6.0557,NN_Adam
0,0,0,0,0,137.573,-406.245,141.839,1.89722,2.59387,0.469956,2.10747,4.79934,NN_Adam
0,0,0,0,0,301.696,-344.877,285.658,5.43077,6.21988,1.21843,0.529702,5.34562,NN_Adam
0,0,0,0,0,-217.614,184.266,171.98,2.4389,0.524278,0.99037,5.30089,1.75357,NN_Adam
0,0,0,0,0,314.079,270.064,140.934,0.710273,6.09935,5.38586,3.359,5.4464,NN_Adam
0,0,0,0,0,-148.81,10.9736,115.467,3.06763,0.308611,1.17207,4.60031,0.914063,NN_Adam
0,0,0,0,0,-8.2895,-288.659,21.0834,1.54203,2.31577,2.18949,0.725117,1.73232,NN_Adam
0,0,0,0,0,-466.487,60.8501,12.4834,3.01179,5.35067,0.643761,1.98996,0.82735,NN_Adam
0,0,0,0,0,-230.871,268.918,89.3891,2.28023,0.370889,0.357683,5.91264,6.07848,NN_Adam
0,0,0,0,0,-304.988,354.205,6.1448,2.28152,5.84806,0.877201,0.468611,1.75357,NN_Adam
0,0,0,0,0,194.98,341.555,116.683,1.05203,5.99683,5.34297,3.49949,5.4464,NN_Adam
0,0,0,0,0,402.573,-26.9336,244.467,3.07469,3.33009,5.04242,2.58031,5.89801,NN_Adam
0,0,0,0,0,-88.0073,411.024,277.837,1.78155,5.60546,1.25961,1.77367,0.486989,NN_Adam
0,0,0,0,0,147.934,-462.145,375.347,5.02213,0.383516,0.0690024,1.65481,2.3339,NN_Adam
0,0,0,0,0,-407.446,244.766,338.266,2.60051,0.145494,0.791857,0.912428,0.999488,NN_Adam
0,0,0,0,0,218.432,122.742,26.3771,0.511778,4.51729,2.94749,6.228,1.59582,NN_Adam
0,0,0,0,0,-313.445,160.834,311.698,2.66725,0.863305,4.41366,3.40963,6.17791,NN_Adam
0,0,0,0,0,-60.9665,-60.6171,75.1702,0.782459,0.109909,2.53432,2.84925,5.50527,NN_Adam
0,0,0,0,0,270.072,-262.484,474.622,5.51179,1.1836,5.3232,2.13427,0.586595,NN_Adam
0,0,0,0,0,-250.879,-172.208,94.0692,0.601382,2.76344,5.95501,3.41847,3.84344,NN_Adam
0,0,0,0,0,-343.345,-24.4217,219.174,0.0709375,1.90372,1.05498,2.22463,1.88987,NN_Adam
0,0,0,0,0,-204.343,488.245,221.491,1.96718,6.23839,0.159473,1.76368,0.486989,NN_Adam
0,0,0,0,0,-168.073,-147.339,435.934,0.719624,1.14825,1.53687,1.61014,0.873547,NN_Adam
0,0,0,0,0,228.671,-333.636,184.869,5.31322,0.756027,6.20916,0.103958,2.87431,NN_Adam
0,0,0,0,0,-382.331,1.55289,322.207,6.27895,2.04452,0.756279,1.94738,1.88987,NN_Adam
0,0,0,0,0,-376.251,-35.7287,245.435,3.23616,0.501768,0.911615,5.91274,0.458783,NN_Adam
0,0,0,0,0,-413.609,287.598,215.626,2.53388,6.13148,0.887558,0.841351,0.999488,NN_Adam
0,0,0,0,0,-353.928,348.108,166.89,2.3645,6.00717,1.02507,0.684024,0.999488,NN_Adam
0,0,0,0,0,198.854,104.494,65.7468,3.62502,5.03939,3.5684,2.53853,0.353671,NN_Adam
0,0,0,0,0,-150.533,247.505,445.317,2.11714,1.49464,6.15223,0.260399,1.23374,NN_Adam
0,0,0,0,0,302.826,-150.074,28.0282,2.6815,3.89159,4.58121,3.12447,6.22657,NN_Adam
0,0,0,0,0,-128.091,-85.123,580,3.72795,0.737269,0.342174,2.3297,5.93834,NN_Adam
0,0,0,0,0,-209.296,-427.054,379.14,4.25681,0.256708,0.187167,1.79528,1.21809,NN_Adam
0,0,0,0,0,-59.3596,164.578,386.001,1.91688,1.00976,4.33693,4.17284,6.17791,NN_Adam
0,0,0,0,0,-18.4773,-301.089,497.73,1.50921,2.69272,5.48468,2.02169,1.34452,NN_Adam
0,0,0,0,0,-362.189,-53.5123,170.851,3.28811,0.552937,0.475664,5.90415,0.458783,NN_Adam
0,0,0,0,0,-18.5833,-285.312,525.424,1.50528,2.52275,5.69343,1.937,1.34452,NN_Adam
0,0,0,0,0,-99.1369,164.801,290.303,2.11212,0.392185,3.78848,4.8443,6.17791,NN_Adam
0,0,0,0,0,-234.042,-298.394,77.6675,4.04716,0.208395,0.554194,5.9826,0.954884,NN_Adam
0,0,0,0,0,54.3971,-129.367,6.1333,5.1102,0.751963,5.0093,6.20462,5.26321,NN_Adam
0,0,0,0,0,130.629,-152.924,323.114,2.27765,2.55015,4.32987,4.05144,2.27078,NN_Adam
0,0,0,0,0,113.846,-369.529,400.27,5.01109,0.474605,1.06981,0.246325,5.34562,NN_Adam
0,0,0,0,0,-171.509,-267.775,84.6374,1.00094,2.16371,2.10335,0.767594,0.324958,NN_Adam
0,0,0,0,0,-169.985,-271.808,78.8682,1.01191,2.18751,2.07138,0.795958,0.324958,NN_Adam
0,0,0,0,0,-96.3038,423.893,424.873,1.79411,0.356234,0.696831,1.02905,5.36892,NN_Adam
0,0,0,0,0,196.624,457.514,180.921,1.16462,6.04709,0.994753,0.707391,1.38371,NN_Adam
0,0,0,0,0,-65.3776,-358.605,291.801,1.39034,3.71709,5.04868,1.49061,1.34452,NN_Adam
0,0,0,0,0,-360.736,193.83,296.269,2.6483,0.0660335,1.47183,0.0510556,0.999488,NN_Adam
0,0,0,0,0,183.374,-299.488,35.0177,2.12015,3.68802,0.606982,6.26323,4.79934,NN_Adam
0,0,0,0,0,-335.551,-280.515,246.793,3.83773,5.86715,1.62199,0.531775,1.08158,NN_Adam
0,0,0,0,0,189.827,406.041,297.378,1.13329,1.01622,4.90761,2.23797,2.83862,NN_Adam
0,0,0,0,0,-348.306,271.555,443.63,2.47934,0.495786,0.108605,1.70282,2.06914,NN_Adam
0,0,0,0,0,173.699,-276.14,47.7096,2.13215,3.79279,0.510811,6.11499,4.79934,NN_Adam
0,0,0,0,0,-197.1,-257.973,243.972,0.918185,4.0706,4.92063,1.14695,0.721104,NN_Adam
0,0,0,0,0,-248.653,123.118,298.492,2.68182,0.840209,3.92013,3.99719,6.17791,NN_Adam
0,0,0,0,0,-6.06985,198.575,201.925,1.60127,3.03368,3.90733,0.707781,1.68825,NN_Adam
0,0,0,0,0,257.497,457.382,258.102,1.05798,0.0744043,0.121533,1.71832,2.83862,NN_Adam
0,0,0,0,0,-147.68,-462.483,3.76226,4.40323,5.77689,0.813379,0.738812,0.291986,NN_Adam
0,0,0,0,0,-335.422,-175.461,435.275,0.481494,2.34839,0.149772,1.75153,1.88987,NN_Adam
0,0,0,0,0,-258.428,470.43,84.2968,2.07309,6.11642,0.0354567,1.61353,1.75357,NN_Adam
0,0,0,0,0,180.852,-302.98,65.5006,2.10894,3.63813,0.588578,6.2288,4.79934,NN_Adam
0,0,0,0,0,252.384,-91.6825,179.556,2.79311,3.63167,3.82762,3.62385,6.22657,NN_Adam
0,0,0,0,0,-11.0259,-88.3252,619.886,1.44656,1.43536,0.71376,1.31585,6.01895,NN_Adam
0,0,0,0,0,-200.336,-133.462,515.375,0.587573,1.71712,0.261868,2.30065,0.906681,NN_Adam
0,0,0,0,0,-270.26,384.766,295.678,2.18297,0.31048,0.693115,0.5087,0.572269,NN_Adam
0,0,0,0,0,-219.313,458.672,49.1865,2.0165,0.167793,5.4947,1.98079,5.31042,NN_Adam
0,0,0,0,0,-312.767,263.286,70.4667,2.44163,6.24368,0.895768,6.08154,1.75357,NN_Adam
0,0,0,0,0,-92.9818,105.316,152.373,2.29404,3.75239,1.87669,3.17,0.164514,NN_Adam
0,0,0,0,0,-58.6053,-73.7804,196.659,0.899618,0.763515,3.69141,6.19721,3.18951,NN_Adam
0,0,0,0,0,-303.504,-320.084,298.826,0.811807,3.04345,5.76974,1.90642,0.721104,NN_Adam
0,0,0,0,0,243.244,208.227,42.3745,0.707937,4.67854,1.03078,2.74819,4.54565,NN_Adam
0,0,0,0,0,-229.123,-266.651,478.882,0.860902,2.40051,0.0237065,1.59996,0.906681,NN_Adam
0,0,0,0,0,-191.377,-358.901,87.4817,4.22225,0.135579,0.663324,6.10188,0.291986,NN_Adam
0,0,0,0,0,-17.4218,-311.202,122.839,1.51477,2.00032,1.16387,2.38773,1.72265,NN_Adam
0,0,0,0,0,-463.237,272.616,175.16,2.60963,6.21494,0.102391,1.69417,0.885108,NN_Adam
0,0,0,0,0,-433.455,144.761,358.833,2.81896,0.0207878,0.302931,2.11158,2.06914,NN_Adam
0,0,0,0,0,-240.544,44.3239,79.8328,6.10094,2.6713,6.13597,3.62341,3.84344,NN_Adam
0,0,0,0,0,422.974,90.877,151.733,3.3531,2.58801,0.474374,2.06296,5.88884,NN_Adam
0,0,0,0,0,-79.9532,323.618,117.463,1.81215,6.06027,1.99384,5.45574,4.84654,NN_Adam
0,0,0,0,0,-127.169,-90.6207,128.348,3.76054,4.91295,3.97045,5.55063,1.26648,NN_Adam
0,0,0,0,0,25.7248,451.575,434.473,1.51386,0.58234,0.0153115,1.58952,5.90084,NN_Adam
0,0,0,0,0,47.5443,436.181,87.0159,1.46199,0.180023,0.425029,0.107667,5.82413,NN_Adam
0,0,0,0,0,-349.3,-55.9907,62.5977,0.158756,2.96071,5.91903,3.10809,3.84344,NN_Adam
0,0,0,0,0,-359.205,41.6265,383.951,3.02616,6.11083,1.73963,0.63478,5.86949,NN_Adam
0,0,0,0,0,-309.598,-225.405,302.842,0.628921,3.10396,5.08775,2.69936,0.721104,NN_Adam
0,0,0,0,0,-392.155,223.233,292.392,2.62407,0.118282,1.09813,0.356371,0.999488,NN_Adam
0,0,0,0,0,-456.419,-78.6113,1.83309,3.31191,5.29663,0.676722,1.99624,0.82735,NN_Adam
0,0,0,0,0,445.446,-112.332,115.932,2.89449,2.96315,0.614171,1.14102,3.16442,NN_Adam
0,0,0,0,0,391.667,243.2,105.318,3.69691,2.94768,0.229159,1.84698,4.3676,NN_Adam
0,0,0,0,0,142.984,-455.528,55.2131,5.01639,5.47296,0.505639,2.15924,6.27677,NN_Adam
0,0,0,0,0,63.4575,-384.028,121.532,1.73443,2.42869,0.649493,2.3058,4.79934,NN_Adam
0,0,0,0,0,117.482,155.159,50.8359,4.06441,5.1645,3.38391,2.72854,0.353671,NN_Adam
0,0,0,0,0,188.777,49.4105,28.1415,3.39737,5.14433,3.44137,2.77944,0.353671,NN_Adam
0,0,0,0,0,-118.37,-46.1136,555.999,3.51301,0.453444,0.970213,2.02146,3.33779,NN_Adam
0,0,0,0,0,-8.0744,283.514,149.241,1.59921,2.06104,3.69121,1.79225,1.68825,NN_Adam
0,0,0,0,0,-93.1112,-465.575,233.358,4.51483,0.551529,0.108718,0.545347,0.191397,NN_Adam
0,0,0,0,0,-157.671,-180.491,462.924,0.852653,1.32192,1.37964,1.48967,0.873547,NN_Adam
0,0,0,0,0,109.294,-132.658,248.983,2.25984,2.34326,4.75682,4.41211,2.27078,NN_Adam
0,0,0,0,0,28.9573,-384.072,95.6368,1.64597,2.44679,0.754502,2.22514,1.72265,NN_Adam
0,0,0,0,0,242.328,-113.507,178.672,2.70353,3.63091,3.82105,3.63433,6.22657,NN_Adam
0,0,0,0,0,-472.287,-152.187,48.8125,3.45315,5.60319,0.37649,2.05782,5.9272,NN_Adam
0,0,0,0,0,-234.06,11.4531,192.605,6.23409,1.19876,2.6011,0.986577,0.906191,NN_Adam
0,0,0,0,0,329.88,-397.962,119.5,5.40438,5.94611,0.768561,0.987607,6.0557,NN_Adam
0,0,0,0,0,101.1,461.113,91.2003,1.3548,6.22504,0.699336,0.302631,5.82413,NN_Adam
0,0,0,0,0,135.454,231.708,33.3706,4.18324,4.75486,3.90029,2.58496,0.353671,NN_Adam
0,0,0,0,0,-326.661,46.9795,300.202,2.99866,0.629301,1.20169,5.70273,1.75357,NN_Adam
0,0,0,0,0,219.49,13.9208,233.193,3.20448,3.37204,3.51839,3.89852,6.22657,NN_Adam
0,0,0,0,0,349.876,-238.222,180.256,5.68529,5.61947,0.372692,2.7399,0.00805729,NN_Adam
0,0,0,0,0,-190.256,256.984,69.495,2.208,4.48391,1.56408,2.30876,0.164514,NN_Adam
0,0,0,0,0,41.2249,-74.5332,157.806,2.07564,3.99764,2.04865,4.12567,6.22657,NN_Adam
0,0,0,0,0,-436.612,-39.3991,259.152,3.23147,0.294061,0.915364,0.086192,0.458783,NN_Adam
0,0,0,0,0,164.16,-431.841,123.258,1.93402,2.90826,0.233774,1.84788,4.79934,NN_Adam
0,0,0,0,0,474.824,164.872,169.471,0.334099,6.00545,0.967771,0.783585,2.89142,NN_Adam
0,0,0,0,0,54.7237,-380.858,455.36,4.85494,0.195859,0.447364,2.06309,0.415395,NN_Adam
0,0,0,0,0,-311.58,123.751,116.206,2.76346,0.398166,0.561411,5.70957,1.75357,NN_Adam
0,0,0,0,0,52.8434,334.816,147.493,1.41427,1.45184,4.84299,0.765781,1.11678,NN_Adam
0,0,0,0,0,-385.373,-236.661,136.687,3.69223,5.85502,1.45681,0.254747,0.98026,NN_Adam
0,0,0,0,0,15.9148,-145.686,184.77,1.67956,1.00605,3.34628,0.20679,3.18951,NN_Adam
0,0,0,0,0,317.24,-16.3921,183.45,3.08964,2.38561,2.10718,6.21368,2.71482,NN_Adam
0,0,0,0,0,-6.57176,176.198,198.558,1.60814,3.19402,3.97597,0.475768,1.68825,NN_Adam
0,0,0,0,0,54.1454,267.147,118.05,1.37074,2.03572,3.65707,1.72263,1.68825,NN_Adam
0,0,0,0,0,-236.872,269.204,498.63,2.29219,0.948447,0.317008,0.766517,2.03274,NN_Adam
0,0,0,0,0,324.533,-269.819,473.039,5.58952,0.653568,0.0358598,1.61506,0.586595,NN_Adam
0,0,0,0,0,130.979,-221.254,545.714,5.24669,0.514627,0.37562,2.23133,5.13599,NN_Adam
0,0,0,0,0,-398.926,313.505,56.5188,2.47541,5.83236,0.779288,0.931574,0.999488,NN_Adam
0,0,0,0,0,-323.133,-208.923,120.532,3.71542,5.40156,2.1612,0.124072,1.26648,NN_Adam
0,0,0,0,0,-262.66,-194.49,141.276,3.77888,5.52691,2.5842,5.8875,1.26648,NN_Adam
0,0,0,0,0,-70.647,-427.673,172.086,4.5486,0.647178,6.21905,0.271875,0.191397,NN_Adam
0,0,0,0,0,-311.184,412.239,108.88,2.2171,5.92547,0.763573,0.992689,6.07848,NN_Adam
0,0,0,0,0,-410.182,11.9678,300.434,3.11236,5.95274,1.71333,0.520397,5.86949,NN_Adam
0,0,0,0,0,501.474,121.877,271.97,0.238365,0.0144908,0.198728,1.80508,2.89142,NN_Adam
0,0,0,0,0,-149.09,208.421,454.73,2.19166,2.10808,4.86817,1.29559,5.93834,NN_Adam
0,0,0,0,0,0.0465004,408.611,156.317,1.57052,0.519716,0.25688,6.23492,0.458874,NN_Adam
0,0,0,0,0,-46.9105,170.745,394.712,1.83886,1.03808,4.38791,4.10507,6.17791,NN_Adam
0,0,0,0,0,-235.725,126.088,213.837,2.65029,0.545394,3.30285,4.35323,6.17791,NN_Adam
0,0,0,0,0,304.616,315.309,9.26867,3.94384,3.09906,0.263576,1.90391,4.3676,NN_Adam
0,0,0,0,0,-261.37,105.844,1.02493,2.75679,4.25978,1.4166,2.50627,0.164514,NN_Adam
0,0,0,0,0,95.1645,-317.396,145.85,1.86199,1.92506,1.94737,1.10182,5.01784,NN_Adam
0,0,0,0,0,-470.34,89.4141,385.216,2.95369,0.370439,0.0989491,1.69097,2.06914,NN_Adam
0,0,0,0,0,-299.896,139.474,538.084,2.7062,0.682148,0.643552,1.08793,2.39757,NN_Adam
0,0,0,0,0,148.658,284.735,329.208,1.08951,1.81307,4.07533,2.35964,2.83862,NN_Adam
0,0,0,0,0,102.971,-294.84,393.835,1.90657,3.42777,5.14338,1.37248,1.34452,NN_Adam
0,0,0,0,0,-148.093,-174.643,323.406,4.00886,2.53814,3.61273,2.21268,0.341132,NN_Adam
0,0,0,0,0,257.57,226.641,54.6259,0.721519,4.77446,1.04595,2.63225,4.54565,NN_Adam
0,0,0,0,0,-370.273,295.859,16.5616,2.46732,5.79408,0.947601,0.541568,0.999488,NN_Adam
0,0,0,0,0,-18.7111,299.158,102.672,1.63312,4.42158,1.70438,2.34109,0.164514,NN_Adam
0,0,0,0,0,290.665,-353.253,129.703,5.40086,5.62099,0.289229,2.56762,0.00805729,NN_Adam
0,0,0,0,0,160.232,437.658,352.641,1.21916,0.00519532,0.371596,1.98622,2.53824,NN_Adam
0,0,0,0,0,0.427515,-27.3947,287.155,1.58633,2.53908,1.58861,4.58649,0.0907237,NN_Adam
0,0,0,0,0,-165.029,-239.398,312.642,0.967121,2.08801,1.98754,6.22304,5.67876,NN_Adam
0,0,0,0,0,116.777,341.891,349.911,1.24139,6.15438,0.195251,2.89053,2.53824,NN_Adam
0,0,0,0,0,109.918,-234.261,259.257,5.15089,1.52062,5.79584,6.00368,5.26321,NN_Adam
0,0,0,0,0,-79.499,-276.635,280.396,4.43251,2.22609,3.91992,1.84109,0.341132,NN_Adam
0,0,0,0,0,-194.674,87.6947,461.589,2.71821,2.29007,4.86468,1.14874,5.93834,NN_Adam
0,0,0,0,0,115.586,-451.272,324.203,4.96299,6.14789,0.446088,2.06506,2.3339,NN_Adam
0,0,0,0,0,86.5616,-73.8445,303.34,5.5767,4.79219,3.41778,0.655136,0.955645,NN_Adam
0,0,0,0,0,-332.339,86.6023,136.722,2.88657,0.389332,0.714638,5.68941,1.75357,NN_Adam
0,0,0,0,0,93.67,-169.323,375.282,2.07602,3.86183,4.11809,1.88654,1.61524,NN_Adam
0,0,0,0,0,-440.859,279.433,103.492,2.57637,5.97268,0.64244,1.05242,1.75357,NN_Adam
0,0,0,0,0,-227.505,202.781,397.55,2.41358,1.17569,4.44744,3.29504,6.17791,NN_Adam
0,0,0,0,0,-168.389,407.836,23.5729,5.1039,3.05413,0.285674,1.90469,2.53861,NN_Adam
0,0,0,0,0,406.469,-152.105,441.667,5.9251,0.377831,0.211709,1.82398,0.881721,NN_Adam
0,0,0,0,0,102.313,412.258,174.756,1.32738,0.19299,0.915884,6.14478,1.38371,NN_Adam
0,0,0,0,0,265.729,-175.426,330.207,2.55799,2.90828,0.658696,6.22227,2.38395,NN_Adam
0,0,0,0,0,-183.787,-66.6549,30.7913,3.48944,0.216496,0.0211872,5.46046,0.954884,NN_Adam
0,0,0,0,0,-14.1408,258.66,186.857,1.62531,0.362911,2.64028,4.69463,4.84654,NN_Adam
0,0,0,0,0,-486.232,-229.887,175.916,3.58318,6.22658,0.0940575,1.684,0.384745,NN_Adam
0,0,0,0,0,404.119,-70.0081,18.9121,2.96969,2.78596,0.726038,1.85878,5.88884,NN_Adam
0,0,0,0,0,-313.818,313.618,298.902,2.35644,0.316205,0.898167,0.250686,0.572269,NN_Adam
0,0,0,0,0,165.119,-176.812,443.811,5.46342,0.0774279,0.512755,2.82023,5.13599,NN_Adam
0,0,0,0,0,-165.177,-245.242,77.7051,0.978145,2.06139,2.23628,0.802722,0.324958,NN_Adam
0,0,0,0,0,-87.1606,190.911,25.8418,1.99887,3.21253,2.92094,1.29334,1.68825,NN_Adam
0,0,0,0,0,220.141,470.363,222.522,1.1328,6.15047,0.653072,1.18282,1.38371,NN_Adam
0,0,0,0,0,-120.091,295.519,161.569,1.95657,4.65073,1.81932,2.10786,0.486989,NN_Adam
0,0,0,0,0,-160.614,-168.299,40.4113,3.95046,0.29824,0.103163,5.54012,0.954884,NN_Adam
0,0,0,0,0,12.3897,84.3934,335.872,1.4251,3.12975,4.75233,0.213058,5.93834,NN_Adam
0,0,0,0,0,-81.7616,-58.9346,542.211,3.76586,0.420188,1.02844,2.1196,3.33779,NN_Adam
0,0,0,0,0,-138.77,-34.5147,133.831,0.243524,5.57862,2.88951,2.63325,5.50527,NN_Adam
0,0,0,0,0,27.2929,353.575,66.1077,1.49365,1.16158,4.7153,1.08122,1.11678,NN_Adam
0,0,0,0,0,-11.6515,334.729,207.115,1.60555,6.23317,2.11737,5.55023,4.84654,NN_Adam
0,0,0,0,0,-183.584,88.5969,367.644,2.69162,0.84664,2.12975,5.26588,0.988303,NN_Adam
0,0,0,0,0,386.077,344.562,111.018,0.728588,5.84753,0.261669,1.99024,5.4464,NN_Adam
0,0,0,0,0,436.715,131.291,53.2967,3.43352,3.13709,0.502437,1.21048,0.917386,NN_Adam
0,0,0,0,0,-152.693,319.126,418.84,2.01696,1.27926,6.12474,0.458507,1.23374,NN_Adam
0,0,0,0,0,-386.775,266.568,162.238,2.538,6.05271,1.1952,0.324614,0.999488,NN_Adam
0,0,0,0,0,104.34,-53.7599,259.795,5.80739,4.75915,3.68404,0.206231,0.955645,NN_Adam
0,0,0,0,0,47.3847,-91.3212,36.4313,5.19081,0.927002,4.82881,6.11234,5.26321,NN_Adam
0,0,0,0,0,-120.582,-472.297,264.418,4.46232,6.04252,0.381326,2.10142,0.191397,NN_Adam
0,0,0,0,0,-376.982,-49.9314,162.215,3.27285,0.492738,0.484315,5.97765,0.458783,NN_Adam
0,0,0,0,0,27.2298,-313.353,312.079,1.65746,3.81435,4.99776,1.17411,1.34452,NN_Adam
0,0,0,0,0,403.592,-322.715,260.054,5.60863,6.24629,0.219827,1.83567,2.71482,NN_Adam
0,0,0,0,0,-66.3345,170.836,519.923,1.94101,0.147823,1.28286,1.81146,3.33779,NN_Adam
0,0,0,0,0,-122.413,503.831,144.094,1.80909,5.90423,0.288171,1.97358,5.31042,NN_Adam
0,0,0,0,0,-85.4189,432.644,406.738,1.76559,0.314138,0.763033,0.93496,5.36892,NN_Adam
0,0,0,0,0,-89.3121,325.036,146.405,1.83889,6.10927,2.04816,5.48825,4.84654,NN_Adam
0,0,0,0,0,290.658,-435.179,220.718,5.3012,6.15345,0.232111,1.84483,6.0557,NN_Adam
0,0,0,0,0,62.7382,-449.238,270.59,4.85109,5.9112,0.484802,2.31682,2.3339,NN_Adam
0,0,0,0,0,-5.98576,129.292,28.5088,4.75823,5.46736,3.04399,3.02793,0.353671,NN_Adam
0,0,0,0,0,-68.6448,519.593,191.362,1.70207,6.06281,0.259582,1.8735,0.458874,NN_Adam
0,0,0,0,0,-244.015,366.882,408.787,2.15758,0.45925,0.615038,0.845404,5.36892,NN_Adam
0,0,0,0,0,146.426,-198.5,171.887,5.34786,1.35687,5.54988,5.99244,5.26321,NN_Adam
0,0,0,0,0,-430.238,63.9238,425.742,2.99405,0.253698,0.298815,1.90776,2.06914,NN_Adam
0,0,0,0,0,308.67,-410.993,38.4235,5.3565,5.75168,0.257956,1.87433,6.0557,NN_Adam
0,0,0,0,0,-275.989,-26.5609,568.155,3.23729,0.675032,0.305509,1.93757,0.390971,NN_Adam
0,0,0,0,0,-426.032,203.097,220.183,2.69665,6.15086,1.16652,0.432841,0.885108,NN_Adam
0,0,0,0,0,456.348,-11.1789,188.166,3.11705,2.7324,0.260865,1.90611,5.89801,NN_Adam
0,0,0,0,0,-255.186,117.334,1.54711,2.71051,4.25312,1.42195,2.5089,0.164514,NN_Adam
0,0,0,0,0,-468.66,0.0601854,380.574,3.14116,0.196546,0.244825,1.86244,2.06914,NN_Adam
0,0,0,0,0,121.393,434.156,102.891,1.29801,0.0909194,0.61851,0.123881,5.82413,NN_Adam
0,0,0,0,0,342.726,156.609,201.329,0.428505,5.1038,1.5516,1.94998,2.76285,NN_Adam
0,0,0,0,0,166.433,-386.878,187.619,5.11847,0.710324,6.23097,0.194894,2.87431,NN_Adam
0,0,0,0,0,169.598,-237.654,381.769,2.19053,3.50635,5.22275,1.05472,1.90659,NN_Adam
0,0,0,0,0,-39.4243,-30.045,502.041,3.79282,0.31681,1.2334,2.25135,3.33779,NN_Adam
0,0,0,0,0,-359.627,-98.7657,436.229,0.267976,2.27727,0.202654,1.81411,1.88987,NN_Adam
0,0,0,0,0,-74.7051,-77.9924,467.16,0.806746,0.627471,1.70613,1.72912,6.01895,NN_Adam
0,0,0,0,0,431.895,-173.675,284.817,5.90061,5.99172,0.488606,2.17285,2.70961,NN_Adam
0,0,0,0,0,-106.039,19.9482,91.8604,2.95559,0.0142438,1.3615,4.39709,0.914063,NN_Adam
0,0,0,0,0,-246.629,252.734,423.997,2.34352,1.18166,0.0576817,0.358516,2.03274,NN_Adam
0,0,0,0,0,-196.05,300.556,315.697,2.14863,1.08017,0.068059,6.2731,2.03274,NN_Adam
0,0,0,0,0,36.5891,319.42,389.739,1.45652,0.864393,4.80027,3.39348,6.17791,NN_Adam
0,0,0,0,0,-167.039,300.667,333.526,2.07787,1.13279,0.108627,6.22748,2.03274,NN_Adam
0,0,0,0,0,-126.765,86.6557,125.065,2.5418,0.391432,1.16269,4.61391,0.914063,NN_Adam
0,0,0,0,0,461.243,-12.0588,132.618,3.1154,2.87808,0.242606,1.85962,5.88884,NN_Adam
0,0,0,0,0,327.129,-298.134,63.369,2.40238,3.03397,0.792739,0.953253,0.758087,NN_Adam
0,0,0,0,0,-196.222,-423.393,123.79,4.2783,0.00644426,0.768716,0.218008,0.291986,NN_Adam
0,0,0,0,0,382.757,295.675,257.785,0.657537,6.19836,1.02828,0.693821,5.73413,NN_Adam
0,0,0,0,0,-67.2201,422.311,286.791,1.72846,5.68095,1.18156,1.77588,0.486989,NN_Adam
0,0,0,0,0,-57.2908,-59.7906,19.8661,0.806709,0.239298,2.83369,2.55914,5.50527,NN_Adam
0,0,0,0,0,223.187,-247.786,50.3856,2.30385,3.79286,4.54743,3.25005,6.22657,NN_Adam
0,0,0,0,0,-63.3256,-332.046,233.262,1.38226,1.73203,1.60052,1.56953,6.03257,NN_Adam
0,0,0,0,0,-337.701,190.936,351.514,2.62698,6.16828,0.227776,2.71578,2.06914,NN_Adam
0,0,0,0,0,83.6043,46.0143,304.999,0.503069,5.20542,1.92719,2.7696,1.14695,NN_Adam
0,0,0,0,0,202.83,195.667,184.748,0.767304,5.04887,1.05786,3.01538,0.0620472,NN_Adam
0,0,0,0,0,-101.497,472.255,292.241,1.78228,6.07041,0.536919,1.91607,0.486989,NN_Adam
0,0,0,0,0,378.11,-167.389,254.167,2.72474,2.47416,1.144,0.750666,2.71482,NN_Adam
0,0,0,0,0,55.3152,-375.512,78.7272,1.71696,2.47176,0.77069,2.23542,1.72265,NN_Adam
0,0,0,0,0,-328.313,-129.063,93.2827,0.374376,2.21506,1.16532,2.06575,0.996245,NN_Adam
0,0,0,0,0,-60.0068,-444.055,297.611,4.57795,0.613709,0.353031,0.37289,0.191397,NN_Adam
0,0,0,0,0,32.3995,-257.379,47.651,1.696,2.07936,2.44772,0.673155,1.73232,NN_Adam
0,0,0,0,0,228.676,86.9364,105.455,0.363215,4.55668,3.15368,0.041626,1.59582,NN_Adam
0,0,0,0,0,-206.707,-120.648,422.586,0.528314,1.39618,1.88048,0.729393,1.88987,NN_Adam
0,0,0,0,0,60.8641,217.868,197.897,1.29799,0.665777,2.17306,4.61323,4.84654,NN_Adam
0,0,0,0,0,-147.573,-222.01,253.334,4.12567,2.4246,3.73431,1.79233,0.341132,NN_Adam
0,0,0,0,0,-103.687,-77.9498,294.295,0.644495,2.09915,4.37222,4.57834,2.27078,NN_Adam
0,0,0,0,0,287.523,-102.375,178.259,2.79945,3.60555,4.13434,3.40942,6.22657,NN_Adam
0,0,0,0,0,-365.387,-53.5171,238.582,3.2871,0.517943,0.908278,5.84976,0.458783,NN_Adam
0,0,0,0,0,-182.44,418.627,424.361,1.98177,0.487006,0.0761012,1.66338,6.00367,NN_Adam
0,0,0,0,0,-239.782,-124.243,111.294,0.478063,2.63901,6.00385,3.58863,3.84344,NN_Adam
0,0,0,0,0,140.614,-129.646,339.114,5.53828,5.27781,2.79029,0.858552,0.955645,NN_Adam
0,0,0,0,0,212.63,-486.257,243.748,5.12454,0.123117,0.0567386,1.63929,1.80074,NN_Adam
0,0,0,0,0,241.833,-48.945,233.396,2.94177,3.35129,3.78522,3.7802,6.22657,NN_Adam
0,0,0,0,0,-368.763,-37.6288,393.425,0.10151,2.087,0.474439,1.97647,1.88987,NN_Adam
0,0,0,0,0,21.8105,-392.52,104.738,1.62607,2.45567,0.733262,2.18678,1.72265,NN_Adam
0,0,0,0,0,-210.821,-71.1302,400.505,0.325126,1.30431,2.10896,0.598094,1.88987,NN_Adam
0,0,0,0,0,-75.7647,262.618,513.862,1.8513,1.09511,0.665789,0.269065,5.36892,NN_Adam
0,0,0,0,0,-374.491,-181.059,330.609,3.59178,5.98097,0.601665,2.33319,3.41488,NN_Adam
0,0,0,0,0,-138.91,228.101,235.704,2.11764,4.72228,1.98697,2.18702,0.486989,NN_Adam
0,0,0,0,0,-164.091,384.004,11.2789,5.11608,2.92922,0.431547,2.04427,2.53861,NN_Adam
0,0,0,0,0,314.271,-229.079,93.1662,2.51145,2.48064,1.5324,0.909795,0.246225,NN_Adam
0,0,0,0,0,-59.4549,-240.383,479.467,1.32817,3.11691,5.0258,1.69454,1.34452,NN_Adam
0,0,0,0,0,230.205,394.357,225.241,1.04201,0.0727722,1.04958,0.194282,1.38371,NN_Adam
0,0,0,0,0,-4.68137,448.425,184.867,1.58102,0.446016,0.328148,0.193174,0.458874,NN_Adam
0,0,0,0,0,-243.202,-422.749,75.4614,4.19022,6.07233,0.759033,0.494927,0.291986,NN_Adam
0,0,0,0,0,-289.757,83.7175,431.335,2.86026,0.665422,1.36571,6.13892,0.988303,NN_Adam
0,0,0,0,0,-430.204,-264.381,243.085,3.69243,6.07984,0.310695,2.00896,0.384745,NN_Adam
0,0,0,0,0,72.3892,118.72,107.815,4.16479,5.46648,2.89167,2.84234,0.353671,NN_Adam
0,0,0,0,0,204.412,113.857,30.893,0.508112,4.42913,3.06192,6.20171,1.59582,NN_Adam
0,0,0,0,0,-450.467,72.9643,200.782,2.9809,5.78035,1.5246,0.609637,5.86949,NN_Adam
0,0,0,0,0,226.847,128.525,28.6479,0.51548,4.55677,2.89055,6.26706,1.59582,NN_Adam
0,0,0,0,0,-191.846,-82.3058,120.419,3.54674,1.86433,2.89857,2.90513,3.28783,NN_Adam
0,0,0,0,0,-400.889,216.693,54.1213,2.64548,6.09295,0.833354,0.200221,1.75357,NN_Adam
0,0,0,0,0,230.037,453.057,132.552,1.10074,6.18681,0.64789,0.690517,1.38371,NN_Adam
0,0,0,0,0,64.2153,364.655,63.8644,1.39633,1.08517,4.77571,1.13191,1.11678,NN_Adam
0,0,0,0,0,-210.368,-491.726,152.96,4.30807,6.10097,0.160712,1.76289,0.191397,NN_Adam
0,0,0,0,0,-368.814,167.136,371.976,2.71593,6.28033,0.187497,2.55852,2.06914,NN_Adam
0,0,0,0,0,-160.704,-172.147,377.566,0.819669,1.10052,1.66201,1.75357,0.873547,NN_Adam
0,0,0,0,0,340.533,-310.185,175.446,5.54433,5.73862,0.291268,2.53789,0.00805729,NN_Adam
0,0,0,0,0,73.9155,493.609,178.094,1.4221,6.21632,0.806442,0.600553,1.38371,NN_Adam
0,0,0,0,0,-258.638,-450.143,152.313,4.19039,5.91459,0.319407,1.93552,0.191397,NN_Adam
0,0,0,0,0,427.575,-227.828,67.4148,5.7935,5.54097,0.451552,2.15944,5.00623,NN_Adam
0,0,0,0,0,41.68,56.032,207.738,0.931078,4.53287,1.80504,3.41557,1.6879,NN_Adam
0,0,0,0,0,-99.1768,249.05,502.84,1.94978,1.17372,0.597168,0.179095,5.36892,NN_Adam
0,0,0,0,0,12.263,-141.013,359.969,1.65756,0.484572,1.92086,2.07429,6.01895,NN_Adam
0,0,0,0,0,-238.634,196.172,412.571,2.45345,1.17904,4.55781,3.20269,6.17791,NN_Adam
0,0,0,0,0,-105.648,21.8581,112.951,2.93745,0.171931,1.24632,4.39572,0.914063,NN_Adam
0,0,0,0,0,2.19593,407.404,283.384,1.56532,0.942201,6.21618,0.255386,2.05852,NN_Adam
0,0,0,0,0,29.6908,124.869,109.916,1.33718,3.01206,4.0637,6.27877,1.68825,NN_Adam
0,0,0,0,0,18.8189,-241.629,9.89305,1.64856,2.19045,2.44794,0.706437,1.73232,NN_Adam
0,0,0,0,0,-1.6596,88.9203,109.85,4.73103,5.74568,2.51598,3.11935,0.353671,NN_Adam
0,0,0,0,0,390.199,-231.76,184.704,2.60558,2.70437,0.302992,1.91799,0.428259,NN_Adam
0,0,0,0,0,-131.329,-322.311,308.417,1.18382,1.99608,0.503869,2.49423,1.4549,NN_Adam
0,0,0,0,0,-183.221,-153.924,136.552,3.84023,5.36584,3.36546,5.52665,1.26648,NN_Adam
0,0,0,0,0,3.80389,-509.203,145.714,4.71959,5.92372,0.918926,0.926216,5.80573,NN_Adam
0,0,0,0,0,-276.112,-147.151,309.633,3.6312,5.9108,2.39457,0.0135667,1.26648,NN_Adam
0,0,0,0,0,-285.136,264.151,460.996,2.39422,0.846021,0.364715,0.695421,2.03274,NN_Adam
0,0,0,0,0,-100.701,-346.975,245.066,1.28826,1.86994,1.46847,1.48271,6.03257,NN_Adam
0,0,0,0,0,241.733,379.803,382.477,1.00394,0.160901,0.143435,2.16541,2.83862,NN_Adam
0,0,0,0,0,87.6528,-215.236,417.21,1.95731,3.49581,4.9662,1.16054,1.34452,NN_Adam
0,0,0,0,0,512.41,75.43,184.606,0.145861,5.99366,0.769204,1.18048,2.89142,NN_Adam
0,0,0,0,0,-438.281,-65.8465,395.215,3.29037,0.324114,0.783704,0.829414,6.25163,NN_Adam
0,0,0,0,0,-11.3209,-233.548,29.8111,1.52212,2.08099,2.57028,0.63218,1.73232,NN_Adam
0,0,0,0,0,-209.855,172.042,80.256,2.45443,4.30684,1.5727,2.60735,0.164514,NN_Adam
0,0,0,0,0,-199.524,124.409,310.568,2.58383,0.481595,2.61909,5.16064,6.17791,NN_Adam
0,0,0,0,0,184.442,489.672,29.2483,1.21041,6.16166,5.98841,1.78133,1.11678,NN_Adam
0,0,0,0,0,89.7315,-3.61867,116.678,3.10153,5.98998,2.46554,3.00095,0.353671,NN_Adam
0,0,0,0,0,-59.3597,51.233,5.97859,5.57124,5.77906,2.89067,3.14249,0.353671,NN_Adam
0,0,0,0,0,-360.609,-76.5911,111.048,3.35073,0.301635,0.622034,5.8697,0.721104,NN_Adam
0,0,0,0,0,44.9437,140.474,252.247,1.26101,4.90513,1.71072,3.00647,1.14695,NN_Adam
0,0,0,0,0,431.119,109.88,51.5665,3.39109,3.08277,0.716851,1.01318,0.917386,NN_Adam
0,0,0,0,0,-89.7459,-242.071,43.4192,1.21561,2.04235,2.41786,0.786847,0.324958,NN_Adam
0,0,0,0,0,141.609,468.852,19.0147,1.27726,6.21147,5.46471,2.4051,1.11678,NN_Adam
0,0,0,0,0,-508.966,135.086,247.87,2.88211,0.0434264,0.130151,1.72868,5.86949,NN_Adam
0,0,0,0,0,-181.129,-506.416,159.594,4.36879,6.17672,0.10842,1.70134,0.191397,NN_Adam
0,0,0,0,0,22.0666,466.83,349.409,1.52338,0.623127,0.203955,0.800859,5.90084,NN_Adam
0,0,0,0,0,12.799,301.517,201.928,1.52827,0.067845,2.31349,5.24684,4.84654,NN_Adam
0,0,0,0,0,-31.884,515.293,304.243,1.63261,0.292132,0.0186576,1.59283,2.05852,NN_Adam
0,0,0,0,0,-388.428,119.446,259.46,2.84313,5.84246,1.85952,0.360696,5.86949,NN_Adam
0,0,0,0,0,-218.578,225.993,93.7235,2.33925,0.485798,0.222207,5.76835,6.07848,NN_Adam
0,0,0,0,0,-82.9558,-147.007,241.702,4.19851,3.5466,2.67935,2.47804,0.341132,NN_Adam
0,0,0,0,0,117.433,-359.285,240.621,5.02815,5.6081,0.616598,2.77729,2.3339,NN_Adam
0,0,0,0,0,-66.4088,266.776,305.409,1.81449,0.665564,4.22964,4.0751,6.17791,NN_Adam
0,0,0,0,0,-332.714,-121.308,125.052,0.349438,2.13174,1.14938,2.0975,0.996245,NN_Adam
0,0,0,0,0,-319.586,-221.129,226.809,0.605241,3.84246,5.03242,1.59414,0.721104,NN_Adam
0,0,0,0,0,-470.737,232.74,68.4999,2.68222,5.92857,0.494475,1.22881,1.75357,NN_Adam
0,0,0,0,0,-367.86,133.895,379.143,2.7924,6.25963,0.251549,2.57587,2.06914,NN_Adam
0,0,0,0,0,-91.1274,191.926,511.499,2.01391,0.0974489,1.2599,1.79987,3.33779,NN_Adam
0,0,0,0,0,1.98891,-468.652,71.4614,4.71647,6.13893,0.768238,0.293209,5.80573,NN_Adam
0,0,0,0,0,-239.571,331.042,361.942,2.19714,0.87017,0.242942,0.34376,2.03274,NN_Adam
0,0,0,0,0,-116.499,-126.627,539.643,0.826983,1.25546,1.11097,1.57804,6.01895,NN_Adam
0,0,0,0,0,-404.833,-172.312,328.66,3.5439,6.0548,0.531405,2.21413,3.41488,NN_Adam
0,0,0,0,0,-120.681,-440.098,214.586,4.44464,0.614631,0.0498895,0.402116,0.191397,NN_Adam
0,0,0,0,0,-208.25,-50.6058,513.255,3.37987,2.11761,5.00552,1.39016,5.93834,NN_Adam
0,0,0,0,0,-122.225,-47.9503,579.583,3.5152,0.590197,0.857467,1.9122,3.33779,NN_Adam
0,0,0,0,0,-29.8949,-197.222,60.9988,1.42029,1.83691,2.88391,0.471997,1.73232,NN_Adam
0,0,0,0,0,290.546,-342.913,220.089,5.41489,0.668797,0.00374781,0.382792,2.87431,NN_Adam
0,0,0,0,0,-351.822,139.174,330.669,2.76485,6.0589,0.290221,2.79813,2.06914,NN_Adam
0,0,0,0,0,-153.431,-362.569,48.1929,1.17033,2.5439,1.07288,1.70351,6.08012,NN_Adam
0,0,0,0,0,-106.526,-415.829,147.814,1.31991,2.5825,0.469144,2.10466,1.72265,NN_Adam
0,0,0,0,0,-270.427,-280.079,76.7637,3.94438,0.165313,0.603667,6.02534,0.954884,NN_Adam
0,0,0,0,0,140.531,427.854,234.66,1.25324,0.110702,1.05997,0.149776,1.38371,NN_Adam
0,0,0,0,0,-264.469,-91.9735,291.243,3.47627,5.82289,2.68288,6.13888,1.26648,NN_Adam
0,0,0,0,0,-157.409,-184.204,292.358,4.00492,2.52165,3.5838,2.12132,0.341132,NN_Adam
0,0,0,0,0,-198.681,-139.109,18.97,3.75239,0.20885,0.139574,5.61196,0.954884,NN_Adam
0,0,0,0,0,-45.4329,-93.9621,501.382,1.12033,0.754719,1.5838,1.60552,6.01895,NN_Adam
0,0,0,0,0,-15.8198,152.211,292.937,1.67431,0.411536,4.15553,4.86859,6.17791,NN_Adam
0,0,0,0,0,-224.668,184.799,418.892,2.45308,1.1911,4.53101,3.2948,6.17791,NN_Adam
0,0,0,0,0,-54.3404,286.724,282.024,1.75796,0.612186,4.1791,4.04158,6.17791,NN_Adam
0,0,0,0,0,136.251,-210.793,352.392,2.14432,3.7226,5.0907,0.814055,1.90659,NN_Adam
0,0,0,0,0,216.574,-312.102,79.1636,2.17732,3.55563,0.525077,0.135449,4.79934,NN_Adam
0,0,0,0,0,178.137,447.061,189.786,1.19098,6.03854,1.16196,0.528714,1.38371,NN_Adam
0,0,0,0,0,12.352,98.9892,155.604,1.44653,3.38585,4.3334,6.00269,1.68825,NN_Adam
0,0,0,0,0,-234.797,324.217,133.058,2.19744,0.399819,0.417316,6.11901,6.07848,NN_Adam
0,0,0,0,0,266.294,39.6891,118.793,3.28946,3.70852,3.90387,3.74022,6.22657,NN_Adam
0,0,0,0,0,41.1541,-117.324,443.32,1.90821,0.619186,1.76307,1.78076,6.01895,NN_Adam
0,0,0,0,0,-130.51,-419.58,40.6095,4.41065,6.25299,0.563128,0.137578,0.291986,NN_Adam
0,0,0,0,0,416.141,4.66423,141.628,3.15265,2.51248,0.549955,2.165,5.88884,NN_Adam
0,0,0,0,0,-69.4251,30.2142,68.5291,2.73109,5.91489,1.4568,4.33671,0.914063,NN_Adam
0,0,0,0,0,-67.9555,-38.6385,437.769,3.65854,0.265883,0.780093,3.00693,3.09063,NN_Adam
0,0,0,0,0,48.7677,376.404,142.966,1.44182,0.214292,0.974512,5.82259,1.38371,NN_Adam
0,0,0,0,0,-73.9463,-296.832,78.5034,1.32646,2.13217,1.15926,2.39063,1.72265,NN_Adam
0,0,0,0,0,60.7257,497.834,276.553,1.44933,6.27999,0.74492,1.00827,2.05852,NN_Adam
0,0,0,0,0,14.1056,-320.603,266.171,1.61456,3.9602,5.05412,1.01804,1.34452,NN_Adam
0,0,0,0,0,-5.85503,428.304,95.6959,1.5844,0.253252,0.375945,0.0470087,5.82413,NN_Adam
0,0,0,0,0,31.0913,-196.842,582.515,1.72726,1.75469,0.258824,1.86429,6.01895,NN_Adam
0,0,0,0,0,-419.732,-36.7908,117.132,3.22888,5.20629,0.968367,2.26975,0.82735,NN_Adam
0,0,0,0,0,133.538,-254.913,146.432,2.05315,1.63707,2.19014,1.21153,5.01784,NN_Adam
0,0,0,0,0,16.4182,-390.898,398.086,4.75426,6.21717,0.527459,2.28971,2.3339,NN_Adam
0,0,0,0,0,258.432,93.6635,215.529,3.48944,3.4102,3.9934,3.6461,6.22657,NN_Adam
0,0,0,0,0,136.965,-116.277,259.405,2.43764,2.35828,4.73726,4.35175,2.27078,NN_Adam
0,0,0,0,0,294.117,206.659,170.818,0.612392,6.00654,5.47746,3.67173,5.4464,NN_Adam
0,0,0,0,0,-50.2928,-233.24,470.704,1.35827,3.19698,4.94636,1.64955,1.34452,NN_Adam
0,0,0,0,0,-128.658,302.609,9.33864,1.97274,4.45413,1.46802,2.21055,0.164514,NN_Adam
0,0,0,0,0,-404.487,-113.676,182.518,3.41525,0.380487,0.616979,6.18291,0.458783,NN_Adam
0,0,0,0,0,184.187,-136.169,138.565,2.505,3.64783,3.49521,4.01623,6.22657,NN_Adam
0,0,0,0,0,-248.468,-116.908,502.37,0.439671,1.836,0.268973,2.18232,0.906681,NN_Adam
0,0,0,0,0,95.2376,279.268,263.508,1.24192,0.572851,4.0861,4.07222,6.17791,NN_Adam
0,0,0,0,0,219.361,-393.87,288.238,5.22053,6.1846,1.30398,0.505473,5.34562,NN_Adam
0,0,0,0,0,-109.213,333.854,280.185,1.88688,0.129886,1.84117,5.8308,4.84654,NN_Adam
0,0,0,0,0,-328.946,121.553,167.313,2.7876,0.432652,0.804458,5.70244,1.75357,NN_Adam
0,0,0,0,0,160.085,-290.239,338.415,2.07459,3.59055,5.2799,1.08499,1.90659,NN_Adam
0,0,0,0,0,-173.27,79.4002,90.2352,2.71187,3.851,1.7223,2.933,0.164514,NN_Adam
0,0,0,0,0,-57.6701,-48.101,300.944,0.695166,2.63212,1.61631,4.76183,0.0907237,NN_Adam
0,0,0,0,0,357.122,-10.7779,34.7999,3.11104,2.46647,1.00711,2.10017,5.88884,NN_Adam
0,0,0,0,0,-182.574,-42.4373,295.163,3.36973,1.09497,2.4177,4.61781,0.988303,NN_Adam
0,0,0,0,0,99.1662,524.505,188.743,1.38385,6.18392,0.150826,1.75173,1.38371,NN_Adam
0,0,0,0,0,-393.743,-205.225,14.0441,0.480257,3.12477,0.245514,1.84422,0.996245,NN_Adam
0,0,0,0,0,-185.402,179.207,237.03,2.3729,0.74592,3.25274,4.26595,6.17791,NN_Adam
0,0,0,0,0,303.786,-288.321,147.9,5.52366,5.51465,0.389114,2.76608,0.00805729,NN_Adam
0,0,0,0,0,-218.029,380.67,54.8268,2.09066,5.62988,1.50254,0.246154,1.75357,NN_Adam
0,0,0,0,0,322.751,-162.465,178.049,2.67522,2.17336,1.81862,0.697511,0.246225,NN_Adam
0,0,0,0,0,208.645,-120.632,176.402,2.61698,3.5865,3.60365,3.85201,6.22657,NN_Adam
0,0,0,0,0,16.9592,170.335,288.089,1.4715,0.373938,4.12194,4.82308,6.17791,NN_Adam
0,0,0,0,0,275.464,-303.527,53.7825,2.30757,3.89941,5.93881,0.840748,0.758087,NN_Adam
0,0,0,0,0,-118.465,-307.035,341.218,1.20247,1.90944,0.471656,2.53979,1.4549,NN_Adam
0,0,0,0,0,-171.416,-326.375,205.001,4.22877,5.75294,2.21629,6.17781,1.26648,NN_Adam
0,0,0,0,0,372.179,-274.899,134.347,5.64688,5.66686,0.244687,2.55879,0.00805729,NN_Adam
0,0,0,0,0,-449.63,3.31529,30.2442,3.13414,5.22278,0.793513,2.0886,0.82735,NN_Adam
0,0,0,0,0,-231.271,-95.433,302.937,3.53272,5.80091,2.82206,6.15924,1.26648,NN_Adam
0,0,0,0,0,265.734,-67.776,250.803,2.89176,3.32812,4.04666,3.56136,6.22657,NN_Adam
0,0,0,0,0,-351.383,-213.898,115.277,3.6884,5.41357,1.952,0.337613,1.26648,NN_Adam
0,0,0,0,0,251.336,-230.945,218.448,2.39838,3.99367,4.37599,2.29488,0.247987,NN_Adam
0,0,0,0,0,217.766,-388.185,118.509,2.08183,2.7626,0.366138,1.99779,4.79934,NN_Adam
0,0,0,0,0,92.7369,-179.126,332.453,2.04831,2.48652,4.4687,4.0078,2.27078,NN_Adam
0,0,0,0,0,-352.87,-285.395,117.004,3.82151,5.6689,1.53216,0.430885,1.08158,NN_Adam
0,0,0,0,0,-160.294,23.7351,627.767,2.99467,1.03461,0.278573,1.75665,3.33779,NN_Adam
0,0,0,0,0,460.131,173.322,233.835,0.360198,6.07938,1.04349,0.812236,2.89142,NN_Adam
0,0,0,0,0,419.817,265.785,288.66,0.564109,6.24369,0.789588,1.07948,5.73413,NN_Adam
0,0,0,0,0,-96.541,261.434,81.5916,1.92451,4.27945,1.68051,2.46712,0.164514,NN_Adam
0,0,0,0,0,-233.716,366.375,153.61,2.13843,0.22149,0.710104,6.24742,6.07848,NN_Adam
0,0,0,0,0,16.3943,-169.837,27.667,4.80856,0.806334,5.19379,6.09212,5.26321,NN_Adam
0,0,0,0,0,-227.295,199.588,71.5419,2.42098,4.45937,1.47832,2.50168,0.164514,NN_Adam
0,0,0,0,0,-149.958,471.041,296.054,1.87895,6.20176,0.337063,1.9413,0.486989,NN_Adam
0,0,0,0,0,197.428,-43.849,257.959,2.92317,3.3525,3.42499,3.84428,6.22657,NN_Adam
0,0,0,0,0,-407.281,-74.3669,18.4532,3.32204,5.02751,0.889679,2.25015,0.82735,NN_Adam
0,0,0,0,0,-333.012,-129.451,207.92,3.51229,0.661135,0.506528,5.87009,0.458783,NN_Adam
0,0,0,0,0,-400.909,232.521,192.314,2.61588,6.07684,1.27296,0.313283,0.999488,NN_Adam
0,0,0,0,0,-244.895,161.779,161.988,2.55779,0.477459,0.964731,5.34736,1.75357,NN_Adam
0,0,0,0,0,-76.2651,476.47,340.053,1.72927,0.116638,0.705937,1.10444,2.05852,NN_Adam
0,0,0,0,0,140.117,-22.2671,58.5246,6.1256,2.79039,3.76689,0.334734,4.42808,NN_Adam
0,0,0,0,0,-189.377,484.508,46.453,1.94328,0.0244664,5.75665,1.89015,5.31042,NN_Adam
0,0,0,0,0,-47.4585,195.4,329.176,1.80901,0.804921,3.81526,4.46156,6.17791,NN_Adam
0,0,0,0,0,-465.388,-56.4764,298.792,3.26219,6.06039,0.460851,2.1201,0.322384,NN_Adam
0,0,0,0,0,136.388,-280.601,38.228,2.02311,3.82798,0.56631,6.02921,4.79934,NN_Adam
0,0,0,0,0,-136.076,-41.8107,564.21,3.43955,0.483946,0.926701,1.95994,3.33779,NN_Adam
0,0,0,0,0,-395.151,221.537,24.8176,2.63033,6.03573,0.787191,0.245988,1.75357,NN_Adam
0,0,0,0,0,268.1,100.715,19.456,0.359132,4.65252,2.69762,0.0710141,1.59582,NN_Adam
0,0,0,0,0,41.2719,489.937,167.372,1.48661,6.17693,0.894415,0.508056,1.38371,NN_Adam
0,0,0,0,0,-236.697,-198.528,228.366,0.697725,4.19628,4.85152,1.07539,0.721104,NN_Adam
0,0,0,0,0,-328.089,-32.5261,550.47,3.23985,0.727549,0.170632,1.78067,0.390971,NN_Adam
0,0,0,0,0,-103.474,-172.738,158.692,4.17232,5.09316,3.56899,5.76511,1.26648,NN_Adam
0,0,0,0,0,275.184,423.199,241.955,0.994188,6.10649,0.857096,1.06196,5.73413,NN_Adam
0,0,0,0,0,-279.952,231.805,44.9911,2.44992,0.0093972,0.800825,5.8615,1.75357,NN_Adam
0,0,0,0,0,4.71406,426.924,433.974,1.55955,0.318761,0.154553,2.04707,5.90084,NN_Adam
0,0,0,0,0,10.7721,415.489,320.167,1.5446,0.864021,0.138856,0.294366,5.90084,NN_Adam
0,0,0,0,0,-71.2703,-91.4145,525.659,0.908493,0.920679,1.45945,1.49059,6.01895,NN_Adam
0,0,0,0,0,-123.481,395.509,237.466,1.8734,5.40018,1.50293,1.60118,0.486989,NN_Adam
0,0,0,0,0,-265.04,328.318,202.982,2.24985,0.155156,1.10736,6.13099,6.07848,NN_Adam
0,0,0,0,0,-445.845,20.716,163.615,3.09486,0.010907,1.04401,0.02412,1.75357,NN_Adam
0,0,0,0,0,-436.882,-16.371,295.931,3.17889,0.333085,0.919086,0.180418,0.458783,NN_Adam
0,0,0,0,0,-520.551,78.1055,85.5871,2.99261,5.89738,0.217187,1.82943,1.99764,NN_Adam
0,0,0,0,0,150.083,-305.998,10.7844,2.02671,3.72847,0.669271,6.23056,4.79934,NN_Adam
0,0,0,0,0,-69.3076,-117.905,40.5714,4.18086,0.85976,5.07901,6.0179,5.26321,NN_Adam
0,0,0,0,0,246.482,239.873,35.2419,0.771632,4.75984,0.994878,2.63524,4.54565,NN_Adam
0,0,0,0,0,-411.586,88.7682,294.537,2.92899,5.94103,1.64358,0.593643,5.86949,NN_Adam
0,0,0,0,0,202.164,195.948,264.865,0.769781,5.33097,1.16303,2.80771,0.0620472,NN_Adam
0,0,0,0,0,-340.088,370.351,99.6861,2.31344,5.69448,0.406519,2.04749,0.999488,NN_Adam
0,0,0,0,0,66.0572,442.907,67.0008,1.42268,0.0663038,0.490415,0.176227,5.82413,NN_Adam
0,0,0,0,0,251.804,-168.428,150.842,2.55187,1.89732,2.26539,0.677454,0.246225,NN_Adam
0,0,0,0,0,-206.536,-96.8587,541.082,3.57995,1.92931,5.11848,1.60276,5.93834,NN_Adam
0,0,0,0,0,-445.841,72.4368,253.635,2.98034,5.89196,1.47742,0.698684,5.86949,NN_Adam
0,0,0,0,0,38.4355,507.966,48.9609,1.49522,5.70318,0.317667,1.93436,5.82413,NN_Adam
0,0,0,0,0,-406.764,140.299,285.088,2.80927,5.96584,1.58479,0.570468,5.86949,NN_Adam
0,0,0,0,0,-499.741,-16.6811,32.1092,3.1748,5.61966,0.351541,1.98331,1.99764,NN_Adam
0,0,0,0,0,-423.358,29.9787,425.128,3.07064,0.186906,0.363635,1.98326,2.06914,NN_Adam
0,0,0,0,0,385.771,-216.846,410.881,5.77104,0.203399,0.307902,1.93113,0.881721,NN_Adam
0,0,0,0,0,361.76,-144.217,85.9702,2.76215,3.38771,0.744788,0.154805,3.16442,NN_Adam
0,0,0,0,0,-1.41988,394.495,374.022,1.57421,0.964492,0.170937,0.329845,5.90084,NN_Adam
0,0,0,0,0,-167.348,113.276,105.299,2.54646,3.95241,1.75326,2.87341,0.164514,NN_Adam
0,0,0,0,0,-111.102,-218.837,132.49,4.24205,5.28514,3.28487,5.63019,1.26648,NN_Adam
0,0,0,0,0,34.0126,330.509,472.501,1.46801,0.312512,1.34556,0.631781,0.374479,NN_Adam
0,0,0,0,0,-170.561,-46.7243,225.425,3.40885,5.31349,3.55323,5.93853,1.26648,NN_Adam
0,0,0,0,0,422.488,279.5,314.849,0.58441,0.158266,0.151821,1.75151,5.73413,NN_Adam
0,0,0,0,0,118.995,307.146,349.354,1.20097,1.73992,4.19718,2.37038,2.83862,NN_Adam
0,0,0,0,0,-97.7392,-304.773,202.495,1.26012,1.6692,1.68481,1.68663,6.03257,NN_Adam
0,0,0,0,0,469.59,-252.195,182.965,5.79001,6.15251,0.167763,1.76962,5.00623,NN_Adam
0,0,0,0,0,-169.846,-456.763,142.711,4.3562,6.15202,0.895328,0.441762,0.191397,NN_Adam
0,0,0,0,0,-62.4197,-165.435,3.35136,4.35151,0.697007,5.20486,6.1846,5.26321,NN_Adam
0,0,0,0,0,-43.8643,355.195,354.011,1.69338,0.74411,4.83863,3.32399,6.17791,NN_Adam
0,0,0,0,0,-45.9064,-302.889,109.692,1.42033,2.02059,1.18099,2.39888,1.72265,NN_Adam
0,0,0,0,0,162.364,163.216,53.0748,0.787942,4.43806,0.99105,3.23112,4.54565,NN_Adam
0,0,0,0,0,-118.275,-302.059,525.288,4.33906,0.473963,0.34817,2.03171,0.165034,NN_Adam
0,0,0,0,0,-109.047,-206.212,460.925,1.08411,1.27658,1.38266,1.55922,6.01895,NN_Adam
0,0,0,0,0,-267.702,-166.662,119.208,0.556708,2.72627,5.9049,3.39499,3.84344,NN_Adam
0,0,0,0,0,155.817,-94.1154,295.181,5.73976,4.88384,3.09482,0.749914,0.955645,NN_Adam
0,0,0,0,0,-364.498,57.6913,337.773,2.98462,5.96381,1.90414,0.486505,5.86949,NN_Adam
0,0,0,0,0,382.013,-111.81,360.162,5.99837,6.15665,0.353039,2.53943,0.881721,NN_Adam
0,0,0,0,0,7.27314,-143.808,578.242,1.62121,1.33628,0.937684,1.48319,6.01895,NN_Adam
0,0,0,0,0,18.6438,-317.318,555.718,4.77102,0.714049,0.205934,1.81556,0.415395,NN_Adam
0,0,0,0,0,-301.605,-34.9667,164.56,0.115387,2.57034,5.9042,3.46408,3.84344,NN_Adam
0,0,0,0,0,-492.57,-190.333,201.251,3.51009,6.1349,0.229163,1.79803,0.384745,NN_Adam
0,0,0,0,0,-326.916,212.601,419.098,2.56462,0.144195,0.205878,2.43071,2.06914,NN_Adam
0,0,0,0,0,-179.451,-288.17,312.834,1.01359,1.96242,0.498117,2.5421,1.4549,NN_Adam
0,0,0,0,0,305.964,347.286,139.744,0.848438,6.21909,5.46443,2.96712,5.4464,NN_Adam
0,0,0,0,0,116.29,-93.2048,15.8197,2.46586,4.12578,2.88297,4.42174,6.22657,NN_Adam
0,0,0,0,0,233.342,-313.396,100.07,2.21064,3.50167,0.480374,0.208989,4.79934,NN_Adam
0,0,0,0,0,-127.508,-70.9771,518.887,3.64944,2.38495,4.95856,1.2572,5.93834,NN_Adam
0,0,0,0,0,-313.095,165.566,450.978,2.655,0.589313,1.04563,0.327745,2.39757,NN_Adam
0,0,0,0,0,-56.8871,110.091,302.532,2.04765,2.99006,4.66493,0.197652,5.93834,NN_Adam
0,0,0,0,0,41.2637,186.433,234.279,1.35296,0.000307896,4.25337,4.87798,6.17791,NN_Adam
0,0,0,0,0,191.612,433.437,82.0027,1.15435,6.09795,0.84501,0.33046,1.38371,NN_Adam
0,0,0,0,0,20.9283,205.879,181.098,1.46936,3.00911,3.79795,0.795969,1.68825,NN_Adam
0,0,0,0,0,-309.329,357.523,373.044,2.28405,0.239076,0.59178,1.16405,0.572269,NN_Adam
0,0,0,0,0,-301.596,-370.483,282.642,4.02896,6.12427,1.09134,0.877758,3.41488,NN_Adam
0,0,0,0,0,10.9029,-225.218,52.5849,1.61905,1.96454,2.69351,0.545915,1.73232,NN_Adam
0,0,0,0,0,-355.055,54.1483,59.9098,6.13166,2.99799,5.88195,3.0834,3.84344,NN_Adam
0,0,0,0,0,44.9152,332.648,384.188,1.43653,0.845538,4.82878,3.3283,6.17791,NN_Adam
0,0,0,0,0,-400.33,89.8621,336.496,2.92057,6.03877,1.5786,0.691473,5.86949,NN_Adam
0,0,0,0,0,41.9606,-341.504,145.722,1.69292,2.06677,1.07194,2.25874,1.72265,NN_Adam
0,0,0,0,0,208.385,181.643,217.377,0.716573,5.17546,1.07081,2.99641,0.0620472,NN_Adam
0,0,0,0,0,28.0603,-229.938,97.336,1.6922,1.45137,2.50077,1.26709,5.01784,NN_Adam
0,0,0,0,0,0.0492106,104.997,137.524,1.57038,3.27351,4.26038,6.03365,1.68825,NN_Adam
0,0,0,0,0,-506.433,70.7484,170.906,3.00272,6.04345,0.846041,0.888499,0.322384,NN_Adam
0,0,0,0,0,-156.719,-307.711,92.2554,1.09968,2.26897,1.90786,0.802121,0.324958,NN_Adam
0,0,0,0,0,-408.485,-279.439,176.67,3.74128,5.82256,1.12709,0.972907,0.98026,NN_Adam
0,0,0,0,0,-136.995,259.274,512.433,2.05681,1.00799,0.677248,0.363817,5.36892,NN_Adam
0,0,0,0,0,-88.6805,85.5066,405.839,2.37437,2.81792,4.77734,0.630371,5.93834,NN_Adam
0,0,0,0,0,379.104,-70.6876,286.572,2.95717,3.10663,5.09763,2.75701,5.89801,NN_Adam
0,0,0,0,0,-223.412,-10.0372,172.308,0.0448071,1.16558,2.68836,0.991487,0.906191,NN_Adam
0,0,0,0,0,-55.1527,-73.6896,343.479,0.928183,2.4239,1.70422,4.98723,0.0907237,NN_Adam
0,0,0,0,0,-126.016,498.235,165.486,1.81855,5.89919,0.357719,1.97409,5.31042,NN_Adam
0,0,0,0,0,198.971,-301.142,457.183,5.29613,1.32235,5.01554,2.29324,0.586595,NN_Adam
0,0,0,0,0,-230.58,-233.976,273.861,0.792525,3.20025,4.57388,3.21459,0.721104,NN_Adam
0,0,0,0,0,-428.718,143.857,396.289,2.81779,0.172427,0.304222,1.92545,2.06914,NN_Adam
0,0,0,0,0,382.566,-44.4646,45.0583,3.02573,2.54875,0.916008,1.98062,5.88884,NN_Adam
0,0,0,0,0,192.584,315.918,57.0568,1.02325,1.06066,4.77444,1.14485,1.11678,NN_Adam
0,0,0,0,0,24.0071,321.797,448.96,1.49604,0.219117,1.58087,0.450639,0.374479,NN_Adam
0,0,0,0,0,492.595,-51.8765,114.476,6.1781,5.66462,0.459274,2.10055,2.89142,NN_Adam
0,0,0,0,0,-246.628,212.368,439.67,2.43042,1.0801,0.468147,0.118363,2.03274,NN_Adam
0,0,0,0,0,-351.526,328.758,366.375,2.38923,0.218903,0.195436,1.80266,0.572269,NN_Adam
0,0,0,0,0,-196.173,62.9757,28.7598,2.83088,3.89238,1.53154,2.85455,0.164514,NN_Adam
0,0,0,0,0,-101.208,-146.08,602.157,4.10636,0.813543,0.375938,2.00648,5.93834,NN_Adam
0,0,0,0,0,4.44719,348.38,247.561,1.55783,0.0704864,1.91159,5.71391,4.84654,NN_Adam
0,0,0,0,0,-27.0785,-103.157,4.25866,1.31402,5.7888,3.05272,2.8747,0.353671,NN_Adam
0,0,0,0,0,-158.606,-244.623,112.711,4.13671,5.48004,2.85453,5.60606,1.26648,NN_Adam
0,0,0,0,0,219.355,-301.466,205.414,2.19961,3.84955,4.60061,2.32383,0.247987,NN_Adam
0,0,0,0,0,-107.891,-2.63198,588.624,3.16589,0.658517,0.897173,1.81553,3.33779,NN_Adam
0,0,0,0,0,-100.348,-319.976,513.811,4.4083,0.427461,0.354224,2.05345,0.165034,NN_Adam
0,0,0,0,0,99.2293,215.548,43.8006,4.28063,4.9742,3.69124,2.54507,0.353671,NN_Adam
0,0,0,0,0,-217.66,-460.271,181.068,4.27065,5.90207,0.38128,2.00574,0.191397,NN_Adam
0,0,0,0,0,-40.3184,-21.346,428.491,3.62843,0.327606,0.827452,3.03734,3.09063,NN_Adam
0,0,0,0,0,-370.945,118.301,415.196,2.8327,0.161474,0.128975,2.50298,2.06914,NN_Adam
0,0,0,0,0,-290.645,64.4037,216.086,2.92345,0.635355,1.00886,5.39911,1.75357,NN_Adam
0,0,0,0,0,284.043,51.6154,203.327,3.32102,3.44315,4.09227,3.57908,6.22657,NN_Adam
0,0,0,0,0,155.489,345.603,259.409,1.14782,1.49524,4.28113,2.18491,2.83862,NN_Adam
0,0,0,0,0,501.147,-58.3039,64.1655,6.16732,5.66316,0.38557,1.9833,1.50097,NN_Adam
0,0,0,0,0,116.593,-57.8904,92.2404,2.68058,4.22037,2.4452,4.18426,6.22657,NN_Adam
0,0,0,0,0,-386.605,178.159,72.2535,2.70958,6.11799,1.0478,6.18756,1.75357,NN_Adam
0,0,0,0,0,472.68,70.931,346.087,0.148611,0.057252,0.296917,1.93504,2.89142,NN_Adam
0,0,0,0,0,-46.7323,272.386,425.431,1.74031,1.02131,4.74622,3.44883,6.17791,NN_Adam
0,0,0,0,0,-2.34843,348.081,266.737,1.57708,0.090831,1.90786,5.7764,4.84654,NN_Adam
0,0,0,0,0,-140.77,-335.77,309.47,1.17369,2.07393,0.458886,2.41345,1.4549,NN_Adam
0,0,0,0,0,12.1154,31.8486,301.156,4.34868,2.49104,1.48699,4.70574,0.0907237,NN_Adam
0,0,0,0,0,-172.315,-213.784,27.0605,4.03382,0.185009,0.336403,5.63331,0.954884,NN_Adam
0,0,0,0,0,-65.8266,191.587,147.646,1.90167,0.517716,1.26541,4.79528,0.914063,NN_Adam
0,0,0,0,0,-42.2476,109.831,69.9,5.07952,5.63674,2.8346,2.96979,0.353671,NN_Adam
0,0,0,0,0,-208.167,4.79682,105.187,3.1185,0.246698,1.43013,4.78744,0.914063,NN_Adam
0,0,0,0,0,-368.6,214.428,42.3572,2.61462,6.15716,0.81031,6.2689,1.75357,NN_Adam
0,0,0,0,0,-303.884,-323.25,33.0106,3.95759,5.52287,1.46723,0.412007,1.08158,NN_Adam
0,0,0,0,0,33.4678,-130.702,398.03,1.82137,0.536893,1.85355,1.94674,6.01895,NN_Adam
0,0,0,0,0,-15.98,14.5499,24.4816,5.54474,6.05043,2.55321,3.41398,0.353671,NN_Adam
0,0,0,0,0,-319.354,-396.475,92.3525,4.0341,6.04259,0.686943,0.767562,0.291986,NN_Adam
0,0,0,0,0,-228.344,73.8528,297.013,2.82869,0.765596,1.9273,5.08719,0.988303,NN_Adam
0,0,0,0,0,-103.328,-243.27,489.133,1.16885,1.5705,1.11342,1.40189,6.01895,NN_Adam
0,0,0,0,0,397.022,-146.456,337.344,5.92974,6.13787,0.304899,2.48564,0.881721,NN_Adam
0,0,0,0,0,-316.256,217.727,362.266,2.53854,6.03367,0.623736,2.41422,2.06914,NN_Adam
0,0,0,0,0,365.709,45.4112,164.295,0.123462,4.89659,1.76838,1.76935,2.76285,NN_Adam
0,0,0,0,0,-61.6947,-419.915,370.072,4.56628,6.20876,0.43095,2.25265,0.165034,NN_Adam
0,0,0,0,0,-288.164,115.422,271.975,2.76007,0.8729,3.9278,3.75609,6.17791,NN_Adam
0,0,0,0,0,-447.043,-233.451,189.757,3.62268,5.89864,0.383755,2.05427,0.384745,NN_Adam
0,0,0,0,0,-84.7459,-311.149,288.241,1.30488,1.88822,0.607867,2.62872,1.4549,NN_Adam
0,0,0,0,0,-83.4495,-295.653,304.878,1.29555,1.81925,0.593348,2.68718,1.4549,NN_Adam
0,0,0,0,0,125.458,510.673,227.987,1.32985,6.2145,0.192459,1.79869,1.38371,NN_Adam
0,0,0,0,0,-184.145,-131.927,376.676,0.621599,1.09331,2.06849,1.09982,1.88987,NN_Adam
0,0,0,0,0,211.012,-192.901,423.334,5.5421,1.73125,4.27918,2.66751,0.586595,NN_Adam
0,0,0,0,0,-98.2282,239.242,106.962,1.96024,4.17541,1.83614,2.47924,0.486989,NN_Adam
0,0,0,0,0,218.508,-184.969,229.593,2.43909,1.58487,2.28948,0.75488,1.09903,NN_Adam
0,0,0,0,0,-460.776,-25.0519,365.87,3.19575,0.059019,0.327629,2.00126,2.06914,NN_Adam
0,0,0,0,0,-238.699,-56.5432,148.095,3.37415,1.7428,3.134,2.89171,3.28783,NN_Adam
0,0,0,0,0,-242.431,199.497,494.784,2.45283,0.718746,1.01453,0.381142,2.39757,NN_Adam
0,0,0,0,0,64.425,-437.993,397.364,4.85818,0.153363,0.262511,2.06682,2.3339,NN_Adam
0,0,0,0,0,-318.08,420.298,65.8385,2.21858,5.90751,0.176529,1.781,6.07848,NN_Adam
0,0,0,0,0,-45.3521,19.6693,573.82,2.73234,0.670405,0.978194,1.9419,3.33779,NN_Adam
0,0,0,0,0,-129.122,71.1114,72.6764,2.63798,3.68384,1.55179,3.21672,0.164514,NN_Adam
0,0,0,0,0,-226.337,-54.8426,48.2571,0.237731,2.76083,6.19305,3.60418,3.84344,NN_Adam
0,0,0,0,0,-66.3246,327.44,239.366,1.77061,0.0941513,1.99663,5.5806,4.84654,NN_Adam
0,0,0,0,0,-156.241,340.941,85.7402,2.0002,4.77699,1.51569,1.99855,0.164514,NN_Adam
0,0,0,0,0,156.617,-438.827,291.237,5.05502,6.02704,0.454396,2.17816,2.3339,NN_Adam
0,0,0,0,0,46.7778,-295.127,516.5,1.7278,2.5354,5.73574,1.91198,1.90659,NN_Adam
0,0,0,0,0,-8.87641,135.922,282.683,1.63572,0.358508,4.25466,4.94303,6.17791,NN_Adam
0,0,0,0,0,42.9455,-374.135,186.215,4.82642,5.48385,0.503388,2.92637,2.3339,NN_Adam
0,0,0,0,0,-467.572,-155.003,315.461,3.46151,0.0564877,0.703907,1.12151,3.41488,NN_Adam
0,0,0,0,0,25.8235,362.62,43.1638,1.49956,1.03771,4.73378,1.17546,1.11678,NN_Adam
0,0,0,0,0,330.773,-220.769,374.748,5.69432,1.29504,4.78743,2.27802,0.586595,NN_Adam
0,0,0,0,0,-314.508,196.415,87.969,2.58324,0.176614,0.726585,5.86615,1.75357,NN_Adam
0,0,0,0,0,-371.608,80.7094,70.0893,6.0692,3.02318,5.8683,2.95661,3.84344,NN_Adam
0,0,0,0,0,-197.555,209.505,21.3606,2.32663,0.137073,0.409599,5.67217,1.75357,NN_Adam
0,0,0,0,0,-35.1094,-93.6103,275.614,1.21178,2.83258,1.59935,4.75122,0.0907237,NN_Adam
0,0,0,0,0,-35.3761,468.396,115.539,1.64605,0.10917,0.535257,0.288361,5.82413,NN_Adam
0,0,0,0,0,-422.401,-162.566,353.8,3.50877,6.20974,0.469222,2.04308,3.41488,NN_Adam
0,0,0,0,0,30.1147,448.28,381.136,1.50354,0.0779229,0.332629,2.04318,5.90084,NN_Adam
0,0,0,0,0,332.528,-149.82,225.759,2.71801,2.37684,1.67467,0.293797,2.71482,NN_Adam
0,0,0,0,0,-466.942,215.456,65.9803,2.70916,5.84742,0.71534,1.04565,1.75357,NN_Adam
0,0,0,0,0,-191.147,-201.116,242.928,0.81068,4.25158,4.78416,0.954775,0.721104,NN_Adam
0,0,0,0,0,133.783,-208.129,77.9653,2.1419,4.75796,3.65721,2.71161,2.21858,NN_Adam
0,0,0,0,0,-147.436,-139.018,71.7315,3.89747,0.42929,0.0011847,5.40574,0.954884,NN_Adam
0,0,0,0,0,66.9895,321.369,27.3417,1.36513,1.0893,4.67029,1.0352,1.11678,NN_Adam
0,0,0,0,0,-353.6,-4.60679,383.718,0.0128724,1.92638,0.683721,1.99627,1.88987,NN_Adam
0,0,0,0,0,-136.781,-240.475,400.148,1.05351,1.54933,0.80684,2.34337,6.01895,NN_Adam
0,0,0,0,0,-86.6958,414.952,273.838,1.77669,5.60579,1.2484,1.76682,0.486989,NN_Adam
0,0,0,0,0,-268.127,-164.381,87.3262,0.549813,2.80584,5.94239,3.36137,3.84344,NN_Adam
0,0,0,0,0,-65.2565,214.423,494.486,1.86623,0.00306256,1.28151,1.86594,3.33779,NN_Adam
0,0,0,0,0,292.596,-112.286,38.826,2.77501,3.84438,4.42718,3.37193,6.22657,NN_Adam
0,0,0,0,0,340.743,-332.354,62.5022,5.5101,5.49661,0.450815,2.23247,0.00805729,NN_Adam
0,0,0,0,0,454.663,45.3579,304.556,0.0993308,6.00435,0.568199,2.11901,2.89142,NN_Adam
0,0,0,0,0,284.75,-81.6712,188.129,2.86199,3.58999,4.06527,3.45013,6.22657,NN_Adam
0,0,0,0,0,-261.073,257.63,126.069,2.36266,0.489477,0.316377,5.97296,6.07848,NN_Adam
0,0,0,0,0,252.18,-167.861,135.884,2.55403,1.92948,2.25816,0.706546,0.246225,NN_Adam
0,0,0,0,0,-253.265,-111.741,110.414,0.415339,2.65319,5.99767,3.55647,3.84344,NN_Adam
0,0,0,0,0,-331.277,351.523,251.786,2.32639,0.0138737,0.943456,0.577191,6.07848,NN_Adam
0,0,0,0,0,426.253,22.6882,283.946,3.19463,3.14689,5.44334,2.23092,5.89801,NN_Adam
0,0,0,0,0,-136.864,287.147,501.059,2.01552,0.947249,0.637505,0.428948,5.36892,NN_Adam
0,0,0,0,0,407.671,-204.884,92.9458,5.81741,5.44926,0.508736,2.39286,5.00623,NN_Adam
0,0,0,0,0,353.793,82.3885,1.87324,3.37025,3.1805,1.35332,0.2071,0.917386,NN_Adam
0,0,0,0,0,-344.138,210.768,12.2647,2.59193,6.03183,0.95143,6.15168,1.75357,NN_Adam
0,0,0,0,0,-48.0643,-277.325,48.8092,1.39904,2.16743,1.2074,2.45069,1.72265,NN_Adam
0,0,0,0,0,-35.3838,29.4645,198.03,5.58906,3.08617,0.970952,4.55459,0.0907237,NN_Adam
0,0,0,0,0,361.634,-28.3567,177.514,3.06322,2.47126,1.75169,0.240851,2.71482,NN_Adam
0,0,0,0,0,-206.092,160.865,536.155,2.47871,0.788999,1.07064,0.470135,2.39757,NN_Adam
0,0,0,0,0,213.891,-367.087,446.55,5.23964,0.344413,0.256647,1.8727,5.13599,NN_Adam
0,0,0,0,0,-366.421,172.866,311.109,2.70073,5.99359,1.7162,0.494221,5.86949,NN_Adam
0,0,0,0,0,-367.943,114.767,480.001,2.83908,0.552396,0.708537,0.911629,2.39757,NN_Adam
0,0,0,0,0,130.709,159.091,44.7336,4.02448,5.08823,3.46678,2.7254,0.353671,NN_Adam
0,0,0,0,0,-10.6825,-60.0259,242.551,1.39445,2.9337,1.39944,4.57358,0.0907237,NN_Adam
0,0,0,0,0,-391.001,335.321,229.365,2.43256,6.19606,0.69212,1.05311,0.999488,NN_Adam
0,0,0,0,0,145.624,-359.719,435.73,5.09683,0.45641,0.993035,0.529936,5.34562,NN_Adam
0,0,0,0,0,453.161,87.5124,262.025,0.190478,6.01494,1.33759,0.67516,2.89142,NN_Adam
0,0,0,0,0,-205.148,277.309,199.942,2.20762,0.703286,0.427855,5.82895,6.07848,NN_Adam
0,0,0,0,0,-136.024,-120.502,1.9903,3.86611,0.0831898,6.26004,5.52049,0.954884,NN_Adam
0,0,0,0,0,-255.167,289.165,288.953,2.29379,0.58286,0.840354,6.06893,6.07848,NN_Adam
0,0,0,0,0,-117.604,-427.552,286.265,4.44384,0.71366,0.165162,0.382094,0.191397,NN_Adam
0,0,0,0,0,244.059,-285.384,262.292,2.2781,3.66717,4.74626,2.21224,0.247987,NN_Adam
0,0,0,0,0,-124.719,339.533,340.598,1.92274,0.217104,1.6385,6.13931,4.84654,NN_Adam
0,0,0,0,0,54.2646,-151.7,338.798,1.91426,0.564109,1.95425,2.05394,6.01895,NN_Adam
0,0,0,0,0,-443.447,-271.831,62.5725,3.69152,5.86555,0.597589,1.17863,0.98026,NN_Adam
0,0,0,0,0,30.5608,-466.934,350.057,4.77758,0.0114886,0.344474,2.00242,0.165034,NN_Adam
0,0,0,0,0,-20.5723,373.386,491.055,1.62566,0.517534,0.76764,0.971388,1.23374,NN_Adam
0,0,0,0,0,-114.461,-190.223,414.113,1.02903,1.08697,1.60417,1.68774,0.873547,NN_Adam
0,0,0,0,0,-240.475,367.691,66.9514,2.14988,5.63732,1.53332,0.249193,1.75357,NN_Adam
0,0,0,0,0,17.9598,354.804,430.673,1.52018,0.209909,1.45494,0.473346,0.374479,NN_Adam
0,0,0,0,0,24.3147,-254.296,71.3773,1.66593,1.97359,2.52986,0.615621,1.73232,NN_Adam
0,0,0,0,0,57.6111,-424.911,311.139,1.70535,3.02031,5.62979,2.10889,1.34452,NN_Adam
0,0,0,0,0,188.8,-371.38,278.632,5.18256,0.79077,0.177508,0.176844,2.87431,NN_Adam
0,0,0,0,0,23.5361,-396.782,156.806,4.77162,5.47374,0.425014,2.8713,2.3339,NN_Adam
0,0,0,0,0,127.655,-456.399,91.9215,4.98493,5.50255,0.539387,2.2194,6.27677,NN_Adam
0,0,0,0,0,74.1412,-270.4,467.121,1.83838,3.09661,5.34226,1.3819,1.90659,NN_Adam
0,0,0,0,0,-444.672,-180.603,73.5568,3.52713,5.5208,0.47555,2.19322,5.9272,NN_Adam
0,0,0,0,0,-48.0677,14.974,588.145,2.83947,0.751981,0.909099,1.87435,3.33779,NN_Adam
0,0,0,0,0,-420.915,207.948,181.416,2.68258,6.05558,1.23047,0.361353,0.999488,NN_Adam
0,0,0,0,0,-80.8008,-354.129,109.933,1.34637,2.26161,0.973216,2.20076,1.72265,NN_Adam
0,0,0,0,0,-259.777,-272.733,353.847,0.809522,2.08594,0.515484,2.09899,1.46502,NN_Adam
0,0,0,0,0,-128.249,-46.9906,508.134,3.49268,2.46247,4.92767,1.18118,5.93834,NN_Adam
0,0,0,0,0,-220.149,301.266,268.333,2.20167,0.606054,0.816991,5.9504,6.07848,NN_Adam
0,0,0,0,0,225.528,-152.328,153.869,2.54734,1.64937,2.43929,0.799629,0.246225,NN_Adam
0,0,0,0,0,156.117,376.076,257.899,1.17725,1.31455,4.47447,2.17968,2.83862,NN_Adam
0,0,0,0,0,-86.0987,360.735,56.3833,4.94663,2.56508,0.634961,2.38863,2.53861,NN_Adam
0,0,0,0,0,72.1265,205.476,93.8681,1.23316,3.03785,3.29002,1.17274,1.68825,NN_Adam
0,0,0,0,0,412.66,294.822,136.672,0.620304,6.16399,5.87314,2.45818,5.4464,NN_Adam
0,0,0,0,0,-418.804,187.104,278.297,2.72131,5.95195,1.33529,0.882954,5.86949,NN_Adam
0,0,0,0,0,-115.086,-436.846,17.5909,4.45463,6.15421,0.550836,0.288256,0.291986,NN_Adam
0,0,0,0,0,527.841,-17.7682,80.617,6.24949,5.92008,0.190469,1.79791,1.50097,NN_Adam
0,0,0,0,0,362.204,-154.083,395.628,5.88078,6.27885,0.356249,2.41777,0.881721,NN_Adam
0,0,0,0,0,85.9363,420.31,241.545,1.36911,0.156669,1.15959,6.25611,1.38371,NN_Adam
0,0,0,0,0,175.242,411.061,161.532,1.16766,0.0115315,1.03234,0.0278522,1.38371,NN_Adam
0,0,0,0,0,-255.93,113.236,6.20769,2.72503,4.25306,1.42785,2.52284,0.164514,NN_Adam
0,0,0,0,0,-317.554,412.766,253.734,2.2265,6.26502,0.194163,1.80066,6.07848,NN_Adam
0,0,0,0,0,151.307,29.4976,68.0399,3.33415,5.66456,3.11263,2.54834,0.353671,NN_Adam
0,0,0,0,0,-317.014,-271.83,223.107,3.85028,5.78052,1.83288,0.331095,1.08158,NN_Adam
0,0,0,0,0,-200.583,58.5177,99.8783,2.85757,0.211264,1.48029,4.77943,0.914063,NN_Adam
0,0,0,0,0,-94.6555,-171.411,514.147,1.06616,1.27304,1.31419,1.37627,6.01895,NN_Adam
0,0,0,0,0,-268.968,-15.6509,325.612,3.19962,0.781257,1.5063,5.41708,0.988303,NN_Adam
0,0,0,0,0,-437.565,-16.426,410.147,3.17902,0.345604,0.754608,0.89816,6.25163,NN_Adam
0,0,0,0,0,18.6266,412.027,141.315,1.52553,0.473658,0.251951,6.25987,0.458874,NN_Adam
0,0,0,0,0,-68.9851,29.4158,602.712,2.73835,0.800258,0.833314,1.77552,3.33779,NN_Adam
0,0,0,0,0,-74.9042,131.079,30.4716,2.08991,3.58825,1.53023,3.08409,0.164514,NN_Adam
0,0,0,0,0,15.8039,136.961,145.27,1.45568,3.20092,4.10278,0.0325438,1.68825,NN_Adam
0,0,0,0,0,-123.983,365.517,171.283,1.89757,6.11106,1.74515,5.8837,4.84654,NN_Adam
0,0,0,0,0,-199.058,-473.245,174.325,4.31402,5.91582,0.361217,1.9716,0.191397,NN_Adam
0,0,0,0,0,191.987,-299.487,276.925,2.14081,3.72262,4.62615,2.18826,0.247987,NN_Adam
0,0,0,0,0,-104.822,-153.366,80.6082,4.11276,1.01707,5.33883,5.91462,5.26321,NN_Adam
0,0,0,0,0,-309.307,-349.7,291.375,3.98812,6.09614,1.19281,0.840073,3.41488,NN_Adam
0,0,0,0,0,-452.427,15.7866,124.208,3.10668,6.22184,0.966766,0.082822,1.75357,NN_Adam
0,0,0,0,0,-25.7739,327.2,419.213,1.64915,0.152231,1.71619,0.284258,0.374479,NN_Adam
0,0,0,0,0,391.216,-293.017,243.139,5.64008,5.95899,0.443842,2.08825,2.71482,NN_Adam
0,0,0,0,0,-88.9456,34.1911,23.6047,5.91606,5.71784,2.88577,3.08536,0.353671,NN_Adam
0,0,0,0,0,-341.623,-30.6882,219.98,0.0895143,1.89766,1.05529,2.23232,1.88987,NN_Adam
0,0,0,0,0,346.545,332.416,274.149,0.76444,6.25171,1.00653,0.688663,5.73413,NN_Adam
0,0,0,0,0,-132.34,452.589,80.3391,1.85508,5.74254,6.19189,2.64346,5.31042,NN_Adam
0,0,0,0,0,-187.38,54.2738,20.3929,2.85929,3.83951,1.50186,2.89903,0.164514,NN_Adam
0,0,0,0,0,432.9,178.475,171.165,3.53223,2.90074,0.15701,1.76446,4.04251,NN_Adam
0,0,0,0,0,11.4004,-38.5448,109.783,4.99985,0.556968,1.79034,3.79854,0.353671,NN_Adam
0,0,0,0,0,-83.0327,136.046,491.543,2.11862,6.26016,1.50349,1.8493,3.33779,NN_Adam
0,0,0,0,0,395.809,-7.98739,30.2087,3.12123,2.65041,0.875221,1.88168,5.88884,NN_Adam
0,0,0,0,0,162.619,-62.3372,283.205,5.91699,4.77647,3.21903,0.666502,0.955645,NN_Adam
0,0,0,0,0,-223.64,311.247,79.6721,2.19374,0.300691,0.354813,6.08057,6.07848,NN_Adam
0,0,0,0,0,40.2699,216.721,85.5779,1.38681,3.14333,3.16982,1.23599,1.68825,NN_Adam
0,0,0,0,0,-82.6768,328.196,366.686,1.81751,1.3239,6.09644,0.186301,1.23374,NN_Adam
0,0,0,0,0,-447.767,64.7751,369.445,2.99788,0.0122983,0.407832,2.01518,2.06914,NN_Adam
0,0,0,0,0,-425.849,295.867,183.845,2.53417,6.08859,0.73163,1.02283,0.999488,NN_Adam
0,0,0,0,0,-256.285,137.65,118.667,5.79019,2.65101,5.98572,3.49305,3.84344,NN_Adam
0,0,0,0,0,308.105,327.628,135.31,0.815951,6.15832,5.46642,3.07906,5.4464,NN_Adam
0,0,0,0,0,-143.208,46.1727,49.3583,2.82949,3.68318,1.48203,3.18541,0.164514,NN_Adam
0,0,0,0,0,217.108,316.542,90.4806,0.969487,4.98887,1.04761,2.4327,4.54565,NN_Adam
0,0,0,0,0,-104.046,-393.536,460.223,4.45399,0.334559,0.30326,1.92423,0.415395,NN_Adam
0,0,0,0,0,-57.8451,-328.334,36.4845,1.39634,2.30176,1.3151,1.94818,6.08012,NN_Adam
0,0,0,0,0,189.899,-158.966,117.1,2.44424,3.76608,3.68312,3.84181,6.22657,NN_Adam
0,0,0,0,0,-130.583,-457.292,203.626,4.43413,0.50532,0.0966846,0.516979,0.191397,NN_Adam
0,0,0,0,0,-124.388,-286.998,48.6512,1.16165,2.18714,1.34541,2.10174,6.08012,NN_Adam
0,0,0,0,0,-250.962,-270.831,319.664,0.823306,2.03528,0.593847,2.23118,1.46502,NN_Adam
0,0,0,0,0,-135.378,248.795,393.921,2.06903,1.56116,6.03216,0.0818106,1.23374,NN_Adam
0,0,0,0,0,-294.584,-375.679,381.252,4.04702,0.300989,0.151464,1.75319,1.21809,NN_Adam
0,0,0,0,0,-0.829274,22.2499,3.85936,4.74969,5.97734,2.68155,3.39974,0.353671,NN_Adam
0,0,0,0,0,-274.884,260.094,215.505,2.3837,0.59997,0.562902,5.9741,6.07848,NN_Adam
0,0,0,0,0,-153.729,-220.576,226.142,0.961995,4.35577,4.74641,0.905461,0.721104,NN_Adam
0,0,0,0,0,-207.829,486.99,240.041,1.97407,0.0571405,0.105767,1.69824,0.486989,NN_Adam
0,0,0,0,0,-52.6594,232.793,479.162,1.79341,1.06602,5.0608,3.3098,6.17791,NN_Adam
0,0,0,0,0,-68.7722,-35.7699,265.784,0.479458,2.8598,1.68511,4.59586,0.0907237,NN_Adam
0,0,0,0,0,175.171,370.332,37.9836,1.12897,0.820645,4.90588,1.35829,1.11678,NN_Adam
0,0,0,0,0,74.7094,-54.1799,120.375,2.51411,4.16064,1.97144,4.24736,6.22657,NN_Adam
0,0,0,0,0,-321.643,85.4183,510.895,2.88189,0.41719,0.329514,2.11953,0.390971,NN_Adam
0,0,0,0,0,169.114,-186.043,353.941,2.30837,3.71484,5.09368,0.819967,1.90659,NN_Adam
0,0,0,0,0,-396.768,189.24,429.167,2.69645,0.318002,0.237659,1.85859,2.06914,NN_Adam
0,0,0,0,0,129.519,-446.203,295.944,4.99481,6.03355,0.468917,2.16318,2.3339,NN_Adam
0,0,0,0,0,433.588,17.3215,184.855,3.18122,2.55057,0.416729,2.0819,5.89801,NN_Adam
0,0,0,0,0,464.072,-254.98,218.99,5.78072,6.23042,0.162487,1.76622,5.00623,NN_Adam
0,0,0,0,0,-342.718,185.221,267.322,2.64596,6.27731,1.69195,6.10843,0.999488,NN_Adam
0,0,0,0,0,513.802,74.174,265.943,0.143323,0.0238041,0.178251,1.78591,2.89142,NN_Adam
0,0,0,0,0,-96.5109,384.989,472.83,1.81613,0.442138,0.718421,1.08405,5.36892,NN_Adam
0,0,0,0,0,30.7061,449.672,373.678,1.50234,0.0309812,0.387877,2.02602,5.90084,NN_Adam
0,0,0,0,0,24.6308,-71.1853,298.56,1.90378,2.64904,1.54746,4.77657,0.0907237,NN_Adam
0,0,0,0,0,-293.15,258.353,250.369,2.41916,0.614082,0.614145,6.07846,6.07848,NN_Adam
0,0,0,0,0,32.3365,-245.329,321.768,1.70154,3.94753,4.85609,0.916257,1.34452,NN_Adam
0,0,0,0,0,-163.834,-220.733,64.0317,0.93202,1.99759,2.3364,0.848477,0.324958,NN_Adam
0,0,0,0,0,66.9622,-2.9579,236.97,6.23908,4.77567,4.05824,6.19638,0.955645,NN_Adam
0,0,0,0,0,-286.852,152.654,166.023,2.65251,0.543018,0.661339,5.61374,1.75357,NN_Adam
0,0,0,0,0,-166.801,-303.951,399.651,1.06882,2.71663,5.35015,2.66425,2.04068,NN_Adam
0,0,0,0,0,-21.8245,356.717,52.7791,1.63197,1.09613,4.73004,1.11112,1.11678,NN_Adam
0,0,0,0,0,-314.741,-302.583,49.9403,3.90713,5.51361,1.58055,0.347583,1.08158,NN_Adam
0,0,0,0,0,-145.212,45.5524,352.936,5.97904,2.31915,1.97924,5.24282,0.0907237,NN_Adam
0,0,0,0,0,400.755,-277.092,120.604,5.67821,5.77752,0.120604,2.4299,0.00805729,NN_Adam
0,0,0,0,0,144.773,350.324,218.905,1.17878,6.14263,1.86904,5.94117,4.84654,NN_Adam
0,0,0,0,0,-253.707,-442.342,188.726,4.19159,5.92634,0.3795,1.98845,0.191397,NN_Adam
0,0,0,0,0,-156.376,-453.228,171.999,4.37982,6.19471,0.979107,0.370467,0.191397,NN_Adam
0,0,0,0,0,-246.233,434.279,319.624,2.08654,0.0928254,0.216183,1.83044,6.00367,NN_Adam
0,0,0,0,0,6.02702,-28.329,275.255,1.78037,2.60874,1.55333,4.54981,0.0907237,NN_Adam
0,0,0,0,0,-176.856,-487.733,124.976,4.36437,5.98973,0.725783,0.982417,0.191397,NN_Adam
0,0,0,0,0,72.1545,-135.099,274.118,2.06121,2.27407,4.28957,4.56301,2.27078,NN_Adam
0,0,0,0,0,-254.496,-329.707,362.523,4.05493,6.10269,0.593226,2.21232,1.21809,NN_Adam
0,0,0,0,0,-130.423,15.7966,492.135,3.02104,2.52998,4.92631,1.04715,5.93834,NN_Adam
0,0,0,0,0,-92.9096,-33.7859,353.794,3.49001,1.56179,2.34708,4.67793,0.988303,NN_Adam
0,0,0,0,0,190.846,-418.067,91.2013,1.99899,2.97436,0.232342,1.8469,4.79934,NN_Adam
0,0,0,0,0,-172.456,-169.751,404.055,0.777378,1.36108,1.96233,0.749184,1.88987,NN_Adam
0,0,0,0,0,327.844,-262.225,110.134,2.46619,2.62902,1.23151,0.960116,0.246225,NN_Adam
0,0,0,0,0,-420.923,79.9757,206.545,2.95355,5.7139,1.77584,0.441401,5.86949,NN_Adam
0,0,0,0,0,-230.043,-114.11,166.672,3.60176,1.79679,3.22422,2.81964,3.28783,NN_Adam
0,0,0,0,0,-257.154,-104.276,188.288,3.52647,1.66308,3.36415,2.89698,3.28783,NN_Adam
0,0,0,0,0,-290.393,-33.0232,109.956,0.113195,2.652,6.04915,3.45181,3.84344,NN_Adam
0,0,0,0,0,-343.281,16.8649,401.567,6.23383,1.8956,0.655556,2.01084,1.88987,NN_Adam
0,0,0,0,0,-239.574,388.657,171.447,2.12302,0.158551,0.763649,0.130495,6.07848,NN_Adam
0,0,0,0,0,-497.572,-84.4142,314.348,3.30962,0.124765,0.178965,1.78475,0.322384,NN_Adam
0,0,0,0,0,-259.631,87.4456,157.304,5.95817,2.46131,6.07093,3.54714,3.84344,NN_Adam
0,0,0,0,0,-267.997,-324.59,79.2106,4.02206,5.55401,1.75396,0.168789,1.08158,NN_Adam
0,0,0,0,0,-384.669,-112.434,140.478,3.42592,0.420029,0.415584,6.1209,0.458783,NN_Adam
0,0,0,0,0,-290.361,112.212,261.507,2.77271,0.851996,3.88965,3.76874,6.17791,NN_Adam
0,0,0,0,0,429.154,-122.375,287.136,6.00533,5.91691,0.559511,2.27231,2.70961,NN_Adam
0,0,0,0,0,-361.659,12.3376,530.802,3.10744,0.742101,0.098908,1.69073,0.390971,NN_Adam
0,0,0,0,0,293.689,327.49,68.4054,0.839596,6.14782,5.20319,3.10818,5.4464,NN_Adam
0,0,0,0,0,-229.553,310.699,48.7885,2.2069,0.212836,0.322755,6.1524,6.07848,NN_Adam
0,0,0,0,0,-130.33,-315.649,309.745,1.17906,1.96582,0.515977,2.52447,1.4549,NN_Adam
0,0,0,0,0,119.625,-143.47,130.393,2.26559,3.82917,2.9763,4.12352,6.22657,NN_Adam
0,0,0,0,0,430.124,31.1561,151.824,3.21373,2.57809,0.484409,2.06939,5.88884,NN_Adam
0,0,0,0,0,-296.162,-123.578,147.52,0.395263,2.66404,5.88397,3.3782,3.84344,NN_Adam
0,0,0,0,0,-6.22145,-386.337,22.4955,1.55467,2.64149,0.869094,1.96253,1.72265,NN_Adam
0,0,0,0,0,40.8425,0.424278,191.98,0.0103657,4.51619,1.78362,3.58618,1.6879,NN_Adam
0,0,0,0,0,321.234,87.1007,213.384,3.40602,3.44184,4.42292,3.23557,6.22657,NN_Adam
0,0,0,0,0,-328.693,95.3005,207.628,2.85934,0.480306,1.01453,5.62526,1.75357,NN_Adam
0,0,0,0,0,-135.157,311.527,29.292,1.97996,4.52855,1.47353,2.18966,0.164514,NN_Adam
0,0,0,0,0,209.408,381.738,149.994,1.06898,0.0334136,1.02584,6.21019,1.38371,NN_Adam
0,0,0,0,0,-153.769,395.161,331.487,1.94166,5.85968,1.26891,1.46863,0.486989,NN_Adam
0,0,0,0,0,-120.689,-346.425,461.14,4.3769,0.217293,0.370121,2.22581,0.165034,NN_Adam
0,0,0,0,0,96.1173,-296.194,449.503,1.8843,3.10505,5.373,1.48058,1.90659,NN_Adam
0,0,0,0,0,-150.333,-371.754,165.797,1.18637,2.40253,0.547864,2.29887,1.4549,NN_Adam
0,0,0,0,0,-38.8872,-10.9702,190.275,0.274933,3.15169,1.11445,4.46001,0.0907237,NN_Adam
0,0,0,0,0,-442.467,-290.859,126.059,3.72305,5.97501,0.223059,1.82941,0.98026,NN_Adam
0,0,0,0,0,-252.631,282.767,254.866,2.29995,0.656497,0.618009,6.01696,6.07848,NN_Adam
0,0,0,0,0,-23.6787,-45.8472,352.265,1.09421,2.29874,1.63347,4.9433,0.0907237,NN_Adam
0,0,0,0,0,-422.184,106.966,335.832,2.89342,6.10989,1.3457,0.830057,5.86949,NN_Adam
0,0,0,0,0,36.6747,-75.1773,230.321,2.02472,3.6324,2.42369,3.90664,6.22657,NN_Adam
0,0,0,0,0,-303.804,33.4191,296.209,3.03193,0.693152,1.26268,5.54571,1.75357,NN_Adam
0,0,0,0,0,-428.457,216.273,282.075,2.67387,6.24806,1.00312,0.737862,0.885108,NN_Adam
0,0,0,0,0,-283.311,211.894,3.38071,2.49943,6.19631,0.717375,5.91919,1.75357,NN_Adam
0,0,0,0,0,-320.291,-106.536,19.4527,0.320741,2.39916,1.23219,1.96872,0.996245,NN_Adam
0,0,0,0,0,27.4492,-3.65896,258.912,3.00902,2.69025,1.50689,4.49555,0.0907237,NN_Adam
0,0,0,0,0,-206.762,167.126,469.854,2.46161,0.763096,1.36699,6.2083,2.39757,NN_Adam
0,0,0,0,0,-86.2308,-212.636,449.597,1.18533,1.22154,1.42578,1.62369,6.01895,NN_Adam
0,0,0,0,0,-321.848,-33.3643,351.962,0.103088,1.72659,0.873683,2.19317,1.88987,NN_Adam
0,0,0,0,0,-133.545,-329.525,103.507,1.18559,2.24469,1.00633,2.22138,1.72265,NN_Adam
0,0,0,0,0,-299.684,-388.694,261.288,4.05558,6.11186,0.996554,0.937626,3.41488,NN_Adam
0,0,0,0,0,-121.632,247.069,474.023,2.02797,1.51118,6.2003,0.320928,1.23374,NN_Adam
0,0,0,0,0,-240.846,-46.7662,167.147,3.33329,1.78899,3.13523,2.93318,3.28783,NN_Adam
0,0,0,0,0,-499.294,25.5273,18.1764,3.09038,5.62084,0.327352,1.95617,1.99764,NN_Adam
0,0,0,0,0,-161.768,180.151,545.8,2.30233,1.18254,0.601698,0.389519,2.03274,NN_Adam
0,0,0,0,0,-103.777,426.326,229.459,1.80946,5.501,1.34587,1.58859,0.486989,NN_Adam
0,0,0,0,0,-371.79,-6.6313,319.175,0.0178339,1.97945,0.803451,2.00918,1.88987,NN_Adam
0,0,0,0,0,-139.506,43.391,549.593,2.83997,0.396331,0.981134,2.0227,3.33779,NN_Adam
0,0,0,0,0,218.252,423.828,100.129,1.09513,6.0943,0.905051,0.342793,1.38371,NN_Adam
0,0,0,0,0,-124.848,360.998,75.0393,5.04525,2.55023,0.606796,2.35656,2.53861,NN_Adam
0,0,0,0,0,127.242,110.238,54.4102,3.85536,5.33507,3.21001,2.7811,0.353671,NN_Adam
0,0,0,0,0,-106.024,357.605,249.187,1.85891,5.25008,1.65327,1.7549,0.486989,NN_Adam
0,0,0,0,0,-37.4454,-6.23358,239.985,0.164838,2.84667,1.41215,4.48733,0.0907237,NN_Adam
0,0,0,0,0,31.0369,530.429,203.1,1.5123,6.19444,0.167128,1.76822,0.458874,NN_Adam
0,0,0,0,0,-331.273,183.719,292.559,2.63516,0.0933934,1.67086,6.08268,0.999488,NN_Adam
0,0,0,0,0,366.919,-312.784,305.136,5.57726,0.0872502,0.84666,0.803007,2.71482,NN_Adam
0,0,0,0,0,384.256,-259.984,88.9725,5.68822,5.47221,0.502876,2.33218,5.00623,NN_Adam
0,0,0,0,0,-78.1064,460.681,292.161,1.73861,5.98336,0.607432,2.02364,0.486989,NN_Adam
0,0,0,0,0,-65.7934,129.402,179.251,5.18266,3.44038,1.44378,4.78702,0.0907237,NN_Adam
0,0,0,0,0,-103.494,327.782,401.307,1.87649,1.34894,6.04525,0.377121,1.23374,NN_Adam
0,0,0,0,0,169.556,495.868,220.851,1.24103,6.21126,0.543824,1.20758,1.38371,NN_Adam
0,0,0,0,0,-318.356,-170.845,449.223,0.492491,2.22175,0.220153,1.83397,1.88987,NN_Adam
0,0,0,0,0,-366.912,302.181,159.242,2.45263,6.04862,1.15051,0.380377,0.999488,NN_Adam
0,0,0,0,0,-194.134,-422.281,61.3301,4.28136,6.13786,0.744873,0.275485,0.291986,NN_Adam
0,0,0,0,0,-295.833,-242.084,319.518,0.685699,3.07217,5.12894,2.63353,0.721104,NN_Adam
0,0,0,0,0,-287.892,-19.6145,102.034,0.0680652,2.66169,6.07398,3.45441,3.84344,NN_Adam
0,0,0,0,0,-166.636,-139.904,403.921,0.6982,1.24183,2.10374,0.681598,1.88987,NN_Adam
0,0,0,0,0,404.729,222.018,89.87,3.64328,3.00464,0.2075,1.82184,4.3676,NN_Adam
0,0,0,0,0,-228.887,-9.86483,80.5088,0.0428898,2.66324,6.13478,3.69835,3.84344,NN_Adam
0,0,0,0,0,429.348,304.594,242.483,0.616926,0.0334765,0.367873,1.34241,5.73413,NN_Adam
0,0,0,0,0,-3.85765,180.989,286.917,1.59199,0.372835,4.09669,4.78808,6.17791,NN_Adam
0,0,0,0,0,-164.275,-190.511,463.02,0.858964,1.39423,1.33145,1.46174,0.873547,NN_Adam
0,0,0,0,0,-180.885,345.346,78.9208,2.05304,4.8456,1.46125,1.9355,0.164514,NN_Adam
0,0,0,0,0,80.4042,506.33,156.708,1.41312,6.14756,0.71507,0.790811,1.38371,NN_Adam
0,0,0,0,0,13.9989,0.133265,253.853,3.15065,2.63207,1.48841,4.45267,0.0907237,NN_Adam
0,0,0,0,0,7.49666,-415.816,154.674,4.73022,5.53625,0.365757,2.80011,2.3339,NN_Adam
0,0,0,0,0,-101.995,-320.296,491.68,4.40403,0.300627,0.405989,2.1911,0.165034,NN_Adam
0,0,0,0,0,365.538,327.559,251.673,0.730598,6.23479,0.931567,0.723171,5.73413,NN_Adam
0,0,0,0,0,138.851,-96.8685,191.465,2.53233,3.64264,2.8588,4.06913,6.22657,NN_Adam
0,0,0,0,0,265.555,65.4063,200.743,3.38306,3.42753,3.97931,3.70025,6.22657,NN_Adam
0,0,0,0,0,63.1508,-166.89,93.6481,5.07411,1.13902,5.26798,5.91118,5.26321,NN_Adam
0,0,0,0,0,-159.527,95.0808,600.966,2.60375,0.748825,0.578732,1.78277,3.33779,NN_Adam
0,0,0,0,0,-52.5675,-18.0102,583.697,3.47162,0.711921,0.94355,1.87885,3.33779,NN_Adam
0,0,0,0,0,-152.913,-111.112,385.839,0.628256,1.02941,2.33222,0.677944,1.88987,NN_Adam
0,0,0,0,0,411.589,-27.6559,74.003,3.07438,2.60717,0.764785,1.93041,5.88884,NN_Adam
0,0,0,0,0,242.216,-204.729,34.0038,2.43965,3.92549,4.4011,3.27322,6.22657,NN_Adam
0,0,0,0,0,-131.058,-341.838,79.4926,1.20454,2.29903,1.19372,1.89886,6.08012,NN_Adam
0,0,0,0,0,-50.5225,30.2277,202.188,5.74409,3.14966,1.01172,4.60054,0.0907237,NN_Adam
0,0,0,0,0,492.892,-111.481,293.009,6.06087,0.0057569,0.243763,1.86281,5.4841,NN_Adam
0,0,0,0,0,-141.961,-407.119,374.393,4.37665,6.24191,0.430683,2.17567,0.165034,NN_Adam
0,0,0,0,0,-361.737,110.378,311.645,2.84534,5.99534,0.288159,2.85422,2.06914,NN_Adam
0,0,0,0,0,307.112,392.059,342.693,0.906251,0.256076,0.116861,1.71293,5.73413,NN_Adam
0,0,0,0,0,92.1364,-413.275,128.255,1.79002,2.58412,0.519042,2.11763,4.79934,NN_Adam
0,0,0,0,0,-188.574,392.05,429.159,2.01884,0.281666,0.27566,1.89309,6.00367,NN_Adam
0,0,0,0,0,-254.231,282.312,303.626,2.3038,0.608203,0.869247,6.06645,6.07848,NN_Adam
0,0,0,0,0,-166.992,-27.6072,388.381,3.30494,1.13637,1.82124,5.2534,0.988303,NN_Adam
0,0,0,0,0,-173.231,111.397,353.275,2.57001,0.852704,2.16487,5.17797,0.988303,NN_Adam
0,0,0,0,0,107.946,502.556,229.082,1.35904,6.1382,0.735634,1.115,1.38371,NN_Adam
0,0,0,0,0,178.897,-328.688,291.937,2.06898,3.55357,4.82075,2.19455,0.247987,NN_Adam
0,0,0,0,0,-63.6795,243.786,211.146,1.8259,0.488189,2.50802,4.72773,4.84654,NN_Adam
0,0,0,0,0,217.019,404.097,161.658,1.07769,6.23736,1.04025,0.141624,1.38371,NN_Adam
0,0,0,0,0,-264.959,-364.2,289.568,4.08326,5.97947,0.444736,2.32578,1.21809,NN_Adam
0,0,0,0,0,101.942,-64.2019,112.112,2.57956,4.21266,2.36395,4.12907,6.22657,NN_Adam
0,0,0,0,0,-18.5802,258.171,226.649,1.64259,0.362855,2.78978,4.82163,4.84654,NN_Adam
0,0,0,0,0,-40.3229,-135.755,5.72643,1.28199,5.60751,3.23799,2.7241,0.353671,NN_Adam
0,0,0,0,0,-503.28,105.574,41.2053,2.93477,5.8005,0.636589,1.16258,4.41349,NN_Adam
0,0,0,0,0,-132.135,-178.396,353.241,4.07486,2.60717,3.81912,1.94735,0.341132,NN_Adam
0,0,0,0,0,-119.389,213.57,31.8965,2.08043,4.04653,1.59555,2.6248,0.164514,NN_Adam
0,0,0,0,0,156.095,-123.37,150.43,2.47255,3.65657,3.10637,4.1518,6.22657,NN_Adam
0,0,0,0,0,-11.052,-458.895,167.527,4.68818,5.71644,0.285855,2.5571,2.3339,NN_Adam
0,0,0,0,0,-339.139,-106.67,64.8885,0.30464,2.30826,1.18946,1.97356,0.996245,NN_Adam
0,0,0,0,0,25.2333,-261.925,577.206,4.80838,0.717067,0.302582,1.92474,0.415395,NN_Adam
0,0,0,0,0,-64.1784,-42.33,71.0044,0.583034,0.149965,2.49963,2.90853,5.50527,NN_Adam
0,0,0,0,0,-284.53,-157.481,506.58,0.505455,2.30796,0.0379644,1.617,1.88987,NN_Adam
0,0,0,0,0,-306.617,158.015,175.346,2.66568,0.357491,1.07231,5.60025,1.75357,NN_Adam
0,0,0,0,0,279.859,171.779,41.1119,0.550431,4.84773,2.47706,0.20687,1.59582,NN_Adam
0,0,0,0,0,-401.428,-280.646,87.2739,3.75168,5.80324,1.07842,0.6721,0.98026,NN_Adam
0,0,0,0,0,-427.267,-184.51,409.617,3.5492,0.438925,0.0879425,1.67765,3.41488,NN_Adam
0,0,0,0,0,200.944,205.58,90.5105,0.796679,4.68526,1.07973,2.95189,4.54565,NN_Adam
0,0,0,0,0,-28.0523,478.488,304.542,1.62938,6.27765,0.946776,0.857724,2.05852,NN_Adam
0,0,0,0,0,44.1076,-341.44,43.9182,1.69936,2.45734,1.84468,0.773242,1.73232,NN_Adam
0,0,0,0,0,36.6567,-105.134,258.627,1.90612,3.50531,2.74647,3.83898,6.22657,NN_Adam
0,0,0,0,0,23.0275,-258.746,397.661,1.6594,3.53909,5.0291,1.14291,1.34452,NN_Adam
0,0,0,0,0,56.6431,21.7153,69.7635,3.50767,6.24432,2.46006,3.11892,0.353671,NN_Adam
0,0,0,0,0,-41.5081,189.345,141.378,1.78655,0.49394,1.26653,4.75365,0.914063,NN_Adam
0,0,0,0,0,-146.275,-11.4613,518.795,3.21967,0.231796,1.0837,2.15894,3.33779,NN_Adam
0,0,0,0,0,516.51,30.5355,154.207,0.0589999,5.90431,0.329884,1.95274,2.89142,NN_Adam
0,0,0,0,0,71.5033,37.4051,207.415,0.481961,4.53078,1.77909,3.3909,1.6879,NN_Adam
0,0,0,0,0,-245.713,-203.692,111.432,3.83357,5.45896,2.61852,5.81115,1.26648,NN_Adam
0,0,0,0,0,242.86,-218.827,429.668,5.54973,1.51076,4.56902,2.56819,0.586595,NN_Adam
0,0,0,0,0,26.791,66.1801,222.61,1.18605,4.62448,1.86612,3.31135,1.6879,NN_Adam
0,0,0,0,0,-35.0791,-58.1164,527.529,4.16932,0.398037,1.13227,2.16012,3.33779,NN_Adam
0,0,0,0,0,-280.295,-126.577,552.782,3.56571,0.634422,0.281968,1.90949,5.93834,NN_Adam
0,0,0,0,0,-456.723,223.048,55.5581,2.68728,5.80889,0.780169,0.978314,1.75357,NN_Adam
0,0,0,0,0,-281.452,241.735,271.506,2.43187,0.682783,0.682304,5.98234,6.07848,NN_Adam
0,0,0,0,0,-410.467,-209.685,334.417,3.61387,0.0212454,1.04025,0.818262,3.41488,NN_Adam
0,0,0,0,0,-10.0106,92.9469,330.996,1.67814,3.1009,4.73695,0.213116,5.93834,NN_Adam
0,0,0,0,0,-45.2086,214.035,462.427,1.77886,1.01824,5.02269,3.50657,6.17791,NN_Adam
0,0,0,0,0,-426.017,130,436.194,2.84537,0.451572,0.131757,1.73031,2.06914,NN_Adam
0,0,0,0,0,-353.831,-10.9588,68.8811,0.0308784,2.97358,5.85535,3.13932,3.84344,NN_Adam
0,0,0,0,0,200.24,332.352,180.102,1.02846,6.11079,5.44539,3.50799,5.4464,NN_Adam
0,0,0,0,0,118.029,510.775,121.829,1.34362,6.01214,0.626142,1.07404,1.38371,NN_Adam
0,0,0,0,0,-195.192,122.22,420.102,2.58203,2.3175,4.76212,1.0669,5.93834,NN_Adam
0,0,0,0,0,282.249,25.3624,160.139,3.2309,3.62887,3.97547,3.60002,6.22657,NN_Adam
0,0,0,0,0,-108.272,-200.062,535.905,1.07446,1.56197,0.963387,1.38797,6.01895,NN_Adam
0,0,0,0,0,-442.184,-35.8578,74.8215,3.22231,5.23652,0.873304,2.14704,0.82735,NN_Adam
0,0,0,0,0,-96.2142,-155.165,114.266,4.15724,1.18115,5.38685,5.81898,5.26321,NN_Adam
0,0,0,0,0,-4.5914,135.805,366.632,1.60446,2.83998,4.72935,0.488229,5.93834,NN_Adam
0,0,0,0,0,466.334,20.8269,95.6163,3.18617,3.06028,0.150916,1.7547,5.88884,NN_Adam
0,0,0,0,0,-302.73,89.5816,373.039,2.85363,1.01774,4.47709,3.4201,6.17791,NN_Adam
0,0,0,0,0,-276.33,107.61,551.287,2.77009,0.731134,0.782851,0.924751,0.988303,NN_Adam
0,0,0,0,0,-378.418,-349.355,10.506,3.8869,5.82382,0.4241,1.31156,0.444879,NN_Adam
0,0,0,0,0,-199.943,224.259,515.491,2.29867,1.15889,0.351251,0.495764,2.03274,NN_Adam
0,0,0,0,0,-136.376,-154.387,64.1877,3.9897,0.399434,0.00253243,5.43259,0.954884,NN_Adam
0,0,0,0,0,-202.391,-457.328,202,4.29574,5.8916,0.439483,2.04083,0.191397,NN_Adam
0,0,0,0,0,-84.3038,278.772,146.224,1.86432,6.24514,2.37604,5.07895,4.84654,NN_Adam
0,0,0,0,0,-90.4215,-320.578,523.44,4.43729,0.480049,0.346531,1.98149,0.165034,NN_Adam
0,0,0,0,0,-294.718,-120.431,361.384,0.387621,1.64555,1.58471,1.14511,1.88987,NN_Adam
0,0,0,0,0,71.564,497.189,68.6665,1.42754,5.99134,0.72034,0.716358,5.82413,NN_Adam
0,0,0,0,0,399.168,-343.397,96.3499,5.57268,5.90591,0.22839,1.84164,0.00805729,NN_Adam
0,0,0,0,0,-197.956,-256.461,10.2696,4.05493,0.0994343,0.399616,5.86787,0.954884,NN_Adam
0,0,0,0,0,405.303,-229.068,393.332,5.76871,0.263527,0.210312,1.82239,0.881721,NN_Adam
0,0,0,0,0,-191.077,-38.993,378.812,3.34267,1.05153,1.73363,5.30077,0.988303,NN_Adam
0,0,0,0,0,-423.671,-212.162,142.236,3.60579,5.68479,0.330469,2.41325,0.384745,NN_Adam
0,0,0,0,0,-156.796,373.12,158.44,1.96849,6.05558,1.63963,6.03085,4.84654,NN_Adam
0,0,0,0,0,278.352,0.339576,142.307,3.1426,3.64957,3.95635,3.66901,6.22657,NN_Adam
0,0,0,0,0,-126.583,-420.062,205.008,4.41952,0.67693,6.27802,0.296651,0.191397,NN_Adam
0,0,0,0,0,-371.55,-33.7434,7.18724,3.23194,4.84155,0.930859,2.45716,0.82735,NN_Adam
0,0,0,0,0,-219.514,-67.4201,328.132,3.43941,5.86903,2.81926,6.22812,1.26648,NN_Adam
0,0,0,0,0,-321.158,-263.925,33.6808,0.687524,2.794,0.594993,1.98142,0.996245,NN_Adam
0,0,0,0,0,-234.158,-194.488,486.384,0.69302,1.93798,0.293837,2.06267,0.906681,NN_Adam
0,0,0,0,0,-226.579,-77.5857,98.5113,3.47127,1.65906,3.15515,2.71868,3.28783,NN_Adam
0,0,0,0,0,353.591,-360.91,158.072,5.48721,6.00798,6.2342,2.35242,0.00805729,NN_Adam
0,0,0,0,0,244.705,-195.597,229.594,2.4667,1.75208,2.10761,0.764678,1.09903,NN_Adam
0,0,0,0,0,276.848,402.778,257.823,0.968562,6.21106,0.96857,0.750315,5.73413,NN_Adam
0,0,0,0,0,205.329,122.716,85.499,3.68032,4.93107,3.63932,2.48007,0.353671,NN_Adam
0,0,0,0,0,-100.457,-221.529,48.6279,1.14508,1.93165,2.5122,0.815927,0.324958,NN_Adam
0,0,0,0,0,-46.9486,-91.8382,326.66,1.09825,2.51973,1.7773,4.92202,0.0907237,NN_Adam
0,0,0,0,0,-291.14,225.682,65.5976,2.48172,0.124472,0.687294,5.89115,1.75357,NN_Adam
0,0,0,0,0,-302.124,-34.1681,370.628,0.11242,1.6416,0.867128,2.25356,1.88987,NN_Adam
0,0,0,0,0,84.8655,-441.75,142.422,1.76055,2.74149,0.347727,1.9602,4.79934,NN_Adam
0,0,0,0,0,-302.149,-49.8326,188.028,0.163289,2.52536,5.87265,3.45172,3.84344,NN_Adam
0,0,0,0,0,311.42,59.2242,22.2512,3.32941,3.04039,1.83231,6.15517,0.917386,NN_Adam
0,0,0,0,0,-252.677,128.416,334.514,2.67125,0.950923,4.1356,3.80235,6.17791,NN_Adam
0,0,0,0,0,-407.28,85.7732,197.902,2.93376,5.65324,1.89303,0.370066,5.86949,NN_Adam
0,0,0,0,0,-40.6138,349.693,479.843,1.68639,0.458245,1.0738,0.675302,1.23374,NN_Adam
0,0,0,0,0,-182.207,-315.808,504.825,4.18904,0.460509,0.302888,1.92515,0.165034,NN_Adam
0,0,0,0,0,-347.457,195.463,409.602,2.62911,0.124058,0.197403,2.42439,2.06914,NN_Adam
0,0,0,0,0,-193.371,68.6757,140.293,5.94183,2.37827,6.20533,3.81537,3.84344,NN_Adam
0,0,0,0,0,-42.1953,-346.037,222.906,1.44924,1.81246,1.5556,1.5493,6.03257,NN_Adam
0,0,0,0,0,126.61,21.4444,107.121,3.3092,5.93688,2.78385,2.62468,0.353671,NN_Adam
0,0,0,0,0,192.138,153.373,118.382,0.673306,4.66976,3.16833,6.25824,1.59582,NN_Adam
0,0,0,0,0,-92.9824,191.576,353.447,2.02205,0.899221,4.12797,4.20449,6.17791,NN_Adam
0,0,0,0,0,-168.819,-184.604,526.371,0.829814,1.69206,0.528455,1.91783,6.01895,NN_Adam
0,0,0,0,0,152.802,-392.137,133.329,1.94199,2.56737,0.502555,2.15958,4.79934,NN_Adam
0,0,0,0,0,73.4469,-272.943,222.977,1.83355,1.41131,1.77049,1.86603,6.03257,NN_Adam
0,0,0,0,0,-77.3806,35.5596,172.666,5.85239,3.48697,1.00968,4.66482,0.0907237,NN_Adam
0,0,0,0,0,122.606,-475.948,140.405,4.96443,5.69355,0.473491,2.13981,6.27677,NN_Adam
0,0,0,0,0,460.423,-91.6932,206.77,2.94496,2.91915,0.0852817,1.67517,2.71482,NN_Adam
0,0,0,0,0,198.991,332.414,183.117,1.03126,6.11406,5.45508,3.5074,5.4464,NN_Adam
0,0,0,0,0,-276.101,-330.845,242.732,0.875056,3.38913,5.30527,2.09842,0.721104,NN_Adam
0,0,0,0,0,429.161,236.359,294.769,0.503113,6.21617,0.873322,1.0469,5.73413,NN_Adam
0,0,0,0,0,-369.905,76.5823,282.597,2.9373,5.89511,2.01727,0.217421,5.86949,NN_Adam
0,0,0,0,0,289.419,310.566,143.335,0.820542,6.042,5.56704,3.24962,5.4464,NN_Adam
0,0,0,0,0,-408.313,3.48185,476.002,3.13301,0.4834,0.195875,1.80427,1.11345,NN_Adam
0,0,0,0,0,40.1807,25.5091,163.662,0.565581,4.39104,1.5588,3.77326,1.6879,NN_Adam
0,0,0,0,0,42.5747,383.612,319.307,1.46019,0.0875115,1.61286,6.26743,4.84654,NN_Adam
0,0,0,0,0,-65.6335,-30.5162,518.491,3.57668,0.349017,1.14777,2.20831,3.33779,NN_Adam
0,0,0,0,0,1.60582,-458.804,236.897,4.71582,0.582463,0.178948,0.389968,0.191397,NN_Adam
0,0,0,0,0,-345.506,238.944,299.364,2.53636,0.180442,1.26129,0.0851895,0.999488,NN_Adam
0,0,0,0,0,107.348,510.319,111.674,1.36317,5.96938,0.672694,1.05002,1.38371,NN_Adam
0,0,0,0,0,190.186,-354.014,288.017,5.2052,0.839611,0.204332,0.0945869,2.87431,NN_Adam
0,0,0,0,0,196.071,-314.193,422.423,5.2702,6.27504,0.550304,2.28755,5.13599,NN_Adam
0,0,0,0,0,-40.4175,306.554,120.239,1.70162,4.51047,1.71757,2.28072,0.164514,NN_Adam
0,0,0,0,0,236.539,346.317,68.5613,0.971374,0.852975,4.56516,1.99666,1.11678,NN_Adam
0,0,0,0,0,53.3778,319.418,63.2026,1.40499,1.25039,4.68061,0.910452,1.11678,NN_Adam
0,0,0,0,0,-51.7079,-348.848,284.941,1.42344,3.80356,4.97437,1.44404,1.34452,NN_Adam
0,0,0,0,0,63.8821,-364.714,333.253,1.74405,3.49367,5.24836,1.46309,1.34452,NN_Adam
0,0,0,0,0,77.3762,-478.638,17.8699,4.87255,5.49683,0.430824,2.05259,6.27677,NN_Adam
0,0,0,0,0,-74.6934,-359.471,397.565,1.36576,3.12048,5.31678,1.8909,1.34452,NN_Adam
0,0,0,0,0,-202.779,-237.559,467.919,0.86402,2.00685,0.990092,0.882285,5.67876,NN_Adam
0,0,0,0,0,221.294,-322.858,271.521,2.17167,3.5242,4.91586,2.22752,0.247987,NN_Adam
0,0,0,0,0,399.514,-100.054,228.858,2.89607,2.52,1.21438,0.663746,2.71482,NN_Adam
0,0,0,0,0,-16.3155,274.527,451.025,1.63014,1.00746,4.9566,3.31695,6.17791,NN_Adam
0,0,0,0,0,-300.587,-94.7897,315.638,3.44698,5.90754,2.35951,0.0744488,1.26648,NN_Adam
0,0,0,0,0,302.494,-333.102,184.777,5.44948,0.609541,6.2602,0.367382,2.87431,NN_Adam
0,0,0,0,0,-411.008,249.18,198.322,2.59646,6.10593,1.11639,0.491553,0.999488,NN_Adam
0,0,0,0,0,-149.062,19.2633,286.66,3.01289,1.37023,2.05883,4.54428,0.988303,NN_Adam
0,0,0,0,0,69.0815,-405.16,399.199,4.88117,0.0138051,0.424311,2.22146,2.3339,NN_Adam
0,0,0,0,0,-113.123,-305.069,197.228,1.21561,1.71102,1.67349,1.65927,6.03257,NN_Adam
0,0,0,0,0,-271.17,-225.366,358.08,0.693279,2.17561,1.34224,0.534461,1.46502,NN_Adam
0,0,0,0,0,-89.5384,-306.19,502.107,4.42766,0.315452,0.448203,2.18651,0.165034,NN_Adam
0,0,0,0,0,-124.25,230.981,264.079,2.0641,4.86032,2.00323,2.11665,0.486989,NN_Adam
0,0,0,0,0,-159.244,282.366,287.226,2.08428,5.22458,1.79874,1.84139,0.486989,NN_Adam
0,0,0,0,0,37.4474,-197.408,371.738,1.75794,3.78285,4.79707,0.936373,1.34452,NN_Adam
0,0,0,0,0,15.645,-352.882,91.7979,1.61498,2.26814,1.01858,2.21554,1.72265,NN_Adam
0,0,0,0,0,-72.1227,-359.273,311.059,1.37252,3.6227,5.07367,1.56408,1.34452,NN_Adam
0,0,0,0,0,168.162,373.955,7.72228,1.14804,0.698013,4.91744,1.44319,1.11678,NN_Adam
0,0,0,0,0,-253.63,-56.5988,557.846,3.36099,1.63904,5.29661,1.84698,5.93834,NN_Adam
0,0,0,0,0,-69.5165,-150.021,199.528,4.27831,5.2275,3.73226,5.80014,1.26648,NN_Adam
0,0,0,0,0,-290.142,-57.3563,209.561,0.194882,2.4614,5.83355,3.50638,3.84344,NN_Adam
0,0,0,0,0,107.025,-199.587,175.525,5.20447,1.42162,5.52468,5.91894,5.26321,NN_Adam
0,0,0,0,0,-404.906,123.595,274.047,2.84507,5.91543,1.67922,0.501408,5.86949,NN_Adam
0,0,0,0,0,-129.781,-351.692,354.804,1.21707,2.77597,5.43463,2.66525,2.04068,NN_Adam
0,0,0,0,0,62.816,-231.688,41.4094,1.83548,4.82242,3.67407,2.7765,2.21858,NN_Adam
0,0,0,0,0,-121.122,-302.648,349.868,1.18987,1.89364,0.466522,2.53313,1.4549,NN_Adam
0,0,0,0,0,177.284,-440.696,231.156,5.09468,0.520369,0.163849,0.518478,2.87431,NN_Adam
0,0,0,0,0,134.528,-125.36,215.361,2.39139,2.53274,4.5637,4.47428,2.27078,NN_Adam
0,0,0,0,0,191.003,500.994,165.144,1.20651,6.15481,0.136072,1.73366,1.38371,NN_Adam
0,0,0,0,0,-214.569,424.226,169.055,2.0389,6.23787,0.944453,0.311564,6.07848,NN_Adam
0,0,0,0,0,434.238,-288.652,137.699,5.69642,6.00735,0.0434729,2.10104,0.00805729,NN_Adam
0,0,0,0,0,-494.131,-174.499,101.362,3.48094,5.88135,0.25741,1.87355,5.9272,NN_Adam
0,0,0,0,0,-251.083,275.131,136.492,2.31044,0.500417,0.340572,5.99094,6.07848,NN_Adam
0,0,0,0,0,-267.569,85.9838,10.9254,2.83059,4.26269,1.43403,2.52481,0.164514,NN_Adam
0,0,0,0,0,-432.065,-251.814,137.665,3.66919,5.7418,0.43115,2.08387,0.384745,NN_Adam
0,0,0,0,0,-162.138,81.0949,562.843,2.67761,2.03411,5.18513,1.52019,5.93834,NN_Adam
0,0,0,0,0,-379.904,-144.632,388.35,3.50519,6.18443,0.588029,2.17319,3.41488,NN_Adam
0,0,0,0,0,200.484,219.53,171.6,0.830694,4.92955,1.21496,2.81675,4.54565,NN_Adam
0,0,0,0,0,-84.622,-393.837,467.245,4.50069,0.362913,0.294449,1.91059,0.415395,NN_Adam
0,0,0,0,0,265.308,-289.426,268.775,2.31263,3.50699,4.91687,2.27542,0.247987,NN_Adam
0,0,0,0,0,-87.1341,-219.339,530.094,1.19251,1.65158,0.47439,2.03492,6.01895,NN_Adam
0,0,0,0,0,-254.157,388.432,184.653,2.14999,0.145424,0.780917,0.203891,6.07848,NN_Adam
0,0,0,0,0,314.387,-404.557,289.62,5.37297,0.0677995,0.18254,1.79111,5.34562,NN_Adam
0,0,0,0,0,-445.148,214.82,294.856,2.69199,6.28313,0.789227,1.02296,0.885108,NN_Adam
0,0,0,0,0,-63.0399,406.831,279.088,1.72432,5.58027,1.25016,1.86318,0.486989,NN_Adam
0,0,0,0,0,-141.16,-102.902,562.945,3.77135,0.645886,0.340168,2.4179,5.93834,NN_Adam
0,0,0,0,0,-264.459,-347.229,298.073,4.06127,5.96145,0.475319,2.38645,1.21809,NN_Adam
0,0,0,0,0,-1.27998,-10.3816,79.4963,1.44751,0.209756,2.15915,3.44426,0.353671,NN_Adam
0,0,0,0,0,-428.02,56.5571,35.1491,3.01008,6.1174,0.814628,0.0402114,1.75357,NN_Adam
0,0,0,0,0,293.993,-389.95,109.007,5.3585,5.83469,1.12427,0.638128,6.0557,NN_Adam
0,0,0,0,0,-177.363,70.1973,381.119,2.76466,0.874246,2.16248,5.30051,0.988303,NN_Adam
0,0,0,0,0,195.77,450.446,268.955,1.16073,0.718327,5.31159,2.07295,2.83862,NN_Adam
0,0,0,0,0,-167.889,59.6824,367.688,2.79949,0.940458,2.30216,5.1365,0.988303,NN_Adam
0,0,0,0,0,103.669,-150.735,10.8911,2.17316,5.07189,3.39764,3.01009,2.21858,NN_Adam
0,0,0,0,0,-144.55,-115.941,117.76,3.81761,5.09208,3.81493,5.45196,1.26648,NN_Adam
0,0,0,0,0,58.0283,340.355,52.4018,1.40158,1.12532,4.74276,1.00969,1.11678,NN_Adam
0,0,0,0,0,-152.801,-58.5853,241.18,3.50764,5.3703,3.56075,5.98489,1.26648,NN_Adam
0,0,0,0,0,-270.442,17.126,107.054,6.21968,2.62548,6.06909,3.55062,3.84344,NN_Adam
0,0,0,0,0,-128.93,-248.158,387.527,1.09151,1.55516,0.824201,2.36765,6.01895,NN_Adam
0,0,0,0,0,185.716,-266.442,413.559,2.17934,3.26316,5.33733,1.36603,1.90659,NN_Adam
0,0,0,0,0,131.682,-367.582,410.35,5.05626,0.50543,0.982917,0.331939,5.34562,NN_Adam
0,0,0,0,0,-306.101,285.346,123.439,2.39115,0.276578,0.532692,6.1925,6.07848,NN_Adam
0,0,0,0,0,-206.375,-114.643,357.033,0.506904,1.11716,2.09221,1.1268,1.88987,NN_Adam
0,0,0,0,0,-355.152,110.904,488.274,2.83886,0.556842,0.776054,0.866853,2.39757,NN_Adam
0,0,0,0,0,75.1344,299.55,35.1141,1.32517,1.17697,4.64979,0.908867,1.11678,NN_Adam
0,0,0,0,0,323.129,-15.3622,44.8545,3.09404,2.29865,1.13775,2.23845,5.88884,NN_Adam
0,0,0,0,0,218.401,-369.464,159.502,2.10459,3.2454,0.450933,0.5394,4.79934,NN_Adam
0,0,0,0,0,-292.593,391.613,279.363,2.21222,0.192473,0.685463,0.687325,0.572269,NN_Adam
0,0,0,0,0,-143.874,247.009,524.34,2.0981,0.998499,0.697263,0.421403,5.36892,NN_Adam
0,0,0,0,0,352.032,-207.518,57.8019,5.75045,5.20528,0.558957,2.64284,5.00623,NN_Adam
0,0,0,0,0,-311.338,-251.263,347.27,0.678864,2.24598,0.408151,1.98416,1.46502,NN_Adam
0,0,0,0,0,412.632,-126.164,76.7765,2.84438,2.93465,0.992681,0.814417,3.16442,NN_Adam
0,0,0,0,0,-223.886,-118.985,240.5,3.62997,5.59952,3.0352,5.95656,1.26648,NN_Adam
0,0,0,0,0,364.009,384.282,169.994,0.812442,6.06321,0.220888,1.83344,5.4464,NN_Adam
0,0,0,0,0,196.271,-350.921,484.233,5.2223,0.517039,0.185025,1.79182,5.13599,NN_Adam
0,0,0,0,0,210.03,92.4045,165.824,0.414429,4.64185,3.26149,0.128989,1.59582,NN_Adam
0,0,0,0,0,-100.499,70.9922,530.542,2.52638,0.249946,1.35448,1.79565,3.33779,NN_Adam
0,0,0,0,0,-312.17,290.033,193.246,2.39264,0.359601,0.671448,6.216,6.07848,NN_Adam
0,0,0,0,0,16.3353,231.139,55.538,1.4999,2.02137,3.52839,1.60086,1.68825,NN_Adam
0,0,0,0,0,-261.736,-34.0171,321.783,3.27075,0.811345,1.4879,5.37739,0.988303,NN_Adam
0,0,0,0,0,-113.057,-166.627,583.164,4.11634,0.699901,0.381732,2.12122,5.93834,NN_Adam
0,0,0,0,0,-453.622,-174.02,124.372,3.50768,5.70208,0.303245,2.32286,0.384745,NN_Adam
0,0,0,0,0,-466.734,-0.544191,340.681,3.14267,6.23251,0.397415,2.02137,2.06914,NN_Adam
0,0,0,0,0,-194.419,150.278,105.719,2.48311,4.1847,1.72641,2.65227,0.164514,NN_Adam
0,0,0,0,0,107.14,406.762,428.866,1.31307,0.252357,0.886347,1.01898,0.374479,NN_Adam
0,0,0,0,0,-246.927,-317.86,370.589,4.05191,6.09633,0.618134,2.25978,1.21809,NN_Adam
0,0,0,0,0,-346.553,167.161,428.384,2.69208,0.169508,0.214682,2.41076,2.06914,NN_Adam
0,0,0,0,0,144.262,-285.25,278.452,5.18049,1.12585,0.0742804,5.98792,2.87431,NN_Adam
0,0,0,0,0,-302.644,272.987,200.552,2.4074,0.417085,0.701392,6.09093,6.07848,NN_Adam
0,0,0,0,0,72.5644,-397.051,398.481,4.89297,6.26223,0.469475,2.24557,2.3339,NN_Adam
0,0,0,0,0,-37.7807,-506.885,28.7443,4.63826,5.84634,0.634535,0.997608,0.291986,NN_Adam
0,0,0,0,0,-67.7647,-46.1274,358.692,3.7392,1.64115,2.36038,4.67434,0.988303,NN_Adam
0,0,0,0,0,-209.438,350.645,299.71,2.10905,0.519305,0.822616,6.25298,0.572269,NN_Adam
0,0,0,0,0,501.396,-81.9791,166.912,6.12107,5.85469,0.404037,2.00962,2.70961,NN_Adam
0,0,0,0,0,210.927,193.141,163.758,0.741319,4.86608,1.23056,2.86738,4.54565,NN_Adam
0,0,0,0,0,-114.763,-309.467,62.9848,1.21556,2.20065,1.30047,2.04984,6.08012,NN_Adam
0,0,0,0,0,356.477,-155.569,353.033,5.87161,6.09939,0.399983,2.58913,0.881721,NN_Adam
0,0,0,0,0,-95.0202,-64.4281,213.662,0.595766,3.25534,1.66098,4.60545,0.0907237,NN_Adam
0,0,0,0,0,-315.208,-202.622,298.03,0.571328,3.11009,5.01263,2.79875,0.721104,NN_Adam
0,0,0,0,0,100.571,134.382,19.4928,4.06981,5.31147,3.30753,2.83751,0.353671,NN_Adam
0,0,0,0,0,-273.292,89.6508,542.822,2.82459,0.690974,0.950272,0.772198,0.988303,NN_Adam
0,0,0,0,0,-186.069,374.128,39.3779,2.03204,5.57535,1.62623,0.0995009,1.75357,NN_Adam
0,0,0,0,0,-319.907,407.427,74.9128,2.23639,5.79643,0.284396,1.89976,6.07848,NN_Adam
0,0,0,0,0,-347.073,101.359,154.417,2.85727,0.383883,0.770176,5.77068,1.75357,NN_Adam
0,0,0,0,0,-186.618,-102.829,446.287,0.503267,1.32265,1.88557,0.690605,1.88987,NN_Adam
0,0,0,0,0,-144.287,2.66594,485.875,3.12306,2.50244,4.91422,1.04411,5.93834,NN_Adam
0,0,0,0,0,354.258,-285.382,69.6096,2.46318,3.05504,0.603984,1.16348,0.758087,NN_Adam
0,0,0,0,0,273.018,460.735,75.3996,1.03585,6.09888,0.0350439,1.61382,1.11678,NN_Adam
0,0,0,0,0,-425.438,-116.954,445.299,3.40996,0.51542,0.0952057,1.6861,6.25163,NN_Adam
0,0,0,0,0,345.535,250.362,279.671,0.626846,0.162441,5.5743,3.07332,5.4464,NN_Adam
0,0,0,0,0,182.148,-403.548,11.7143,1.99451,3.17997,0.590302,1.17325,1.63146,NN_Adam
0,0,0,0,0,232.073,-176.418,173.097,2.49147,1.69751,2.295,0.840577,1.09903,NN_Adam
0,0,0,0,0,-212.827,23.6236,239.408,3.03096,2.03965,3.0433,3.14714,3.28783,NN_Adam
0,0,0,0,0,-195.626,78.2672,427.999,2.76096,0.872502,1.75162,5.68412,0.988303,NN_Adam
0,0,0,0,0,-315.473,-256.92,8.24738,0.683373,2.84039,0.608635,1.98528,0.996245,NN_Adam
0,0,0,0,0,-205.4,-46.7122,244.094,3.36512,2.06111,3.03568,3.16081,3.28783,NN_Adam
0,0,0,0,0,156.723,-459.39,279.244,5.04111,6.06637,0.432573,2.03528,2.3339,NN_Adam
0,0,0,0,0,-342.236,-375.253,230.301,3.97275,6.18023,0.799113,0.932506,3.41488,NN_Adam
0,0,0,0,0,-323.624,-82.9136,234.475,3.39223,0.785761,0.513429,5.77923,0.458783,NN_Adam
0,0,0,0,0,-411.468,-224.757,354.804,3.64081,0.0379198,0.338732,1.96752,3.41488,NN_Adam
0,0,0,0,0,-42.4791,-100.332,272.615,1.17021,2.86113,1.62251,4.76706,0.0907237,NN_Adam
0,0,0,0,0,98.417,408.881,269.178,1.3345,0.192941,1.21541,6.25656,1.38371,NN_Adam
0,0,0,0,0,-124.266,493.778,59.522,1.81729,5.70537,0.330923,1.95663,5.31042,NN_Adam
0,0,0,0,0,13.4563,327.064,499.207,1.5294,0.40268,1.16307,0.807614,0.374479,NN_Adam
0,0,0,0,0,445.883,-32.5421,218.92,3.06802,2.75999,6.23498,2.19325,5.89801,NN_Adam
0,0,0,0,0,64.3943,483.625,94.614,1.43812,6.04852,0.865742,0.482286,5.82413,NN_Adam
0,0,0,0,0,-385.027,-212.51,83.9673,0.504135,2.82228,0.373476,2.01745,0.996245,NN_Adam
0,0,0,0,0,-1.1108,112.059,129.143,1.58065,3.24946,4.18602,6.09173,1.68825,NN_Adam
0,0,0,0,0,31.8933,-181.491,523.844,4.88629,0.395985,0.56552,2.50197,5.13599,NN_Adam
0,0,0,0,0,236.065,-286.28,62.2574,2.26017,3.61279,0.532177,0.0921553,4.79934,NN_Adam
0,0,0,0,0,27.8083,-23.336,234.528,2.44343,2.87357,1.40442,4.46523,0.0907237,NN_Adam
0,0,0,0,0,91.0108,-277.167,391.023,1.88799,3.50737,5.0561,1.29788,1.34452,NN_Adam
0,0,0,0,0,128.697,-59.9447,256.784,5.84709,4.77807,3.56296,0.243622,0.955645,NN_Adam
0,0,0,0,0,-117.216,-114.401,172.707,3.91462,5.07268,3.81598,5.73545,1.26648,NN_Adam
0,0,0,0,0,77.6768,385.018,316.877,1.3715,0.0705149,1.58158,0.0311272,4.84654,NN_Adam
0,0,0,0,0,153.482,-215.278,151.515,5.33154,1.26129,5.5182,6.09252,5.26321,NN_Adam
0,0,0,0,0,-208.844,216.695,113.932,2.33762,0.556041,0.258262,5.67066,6.07848,NN_Adam
0,0,0,0,0,-376.031,-325.273,245.685,3.85457,0.2302,0.530044,0.673413,3.41488,NN_Adam
0,0,0,0,0,218.752,248.512,193.053,0.848973,6.23274,2.11776,5.48359,4.84654,NN_Adam
0,0,0,0,0,-19.4056,-445.04,418.059,4.66876,0.276484,0.253523,1.87045,0.415395,NN_Adam
0,0,0,0,0,-303.777,-81.2448,420.543,0.261161,1.78652,1.36263,0.961018,1.88987,NN_Adam
0,0,0,0,0,415.14,-158.681,5.25828,5.91785,5.32083,0.388934,2.41749,5.00623,NN_Adam
0,0,0,0,0,-81.8871,-292.483,223.557,1.29768,1.53675,1.7062,1.77061,6.03257,NN_Adam
0,0,0,0,0,266.758,-335.784,444.475,5.38363,0.898516,5.69833,1.92279,0.586595,NN_Adam
0,0,0,0,0,422.889,13.6956,253.632,3.17383,3.23794,5.29654,2.38405,5.89801,NN_Adam
0,0,0,0,0,-116.842,519.248,147.006,1.79208,6.04863,0.194206,1.80289,5.31042,NN_Adam
0,0,0,0,0,-519.776,-88.8922,222.204,3.31093,6.21061,0.185559,1.79125,0.721104,NN_Adam
0,0,0,0,0,-214.034,123.796,434.776,2.61716,2.19947,4.81839,1.17273,5.93834,NN_Adam
0,0,0,0,0,-311.62,24.0002,27.1304,6.20634,2.95793,6.02623,3.24853,3.84344,NN_Adam
0,0,0,0,0,417.102,-68.9729,92.5972,2.97748,2.87415,1.11932,0.689243,3.16442,NN_Adam
0,0,0,0,0,284.894,388.09,22.4619,0.937358,5.48567,0.422575,2.11101,5.4464,NN_Adam
0,0,0,0,0,-115.223,96.0248,106.428,2.44677,0.258107,1.31964,4.55771,0.914063,NN_Adam
0,0,0,0,0,-443.251,82.4319,146.491,2.95766,0.0109627,0.952134,0.0607211,1.75357,NN_Adam
0,0,0,0,0,167.633,-240.292,27.2682,2.17978,3.89235,0.597779,5.93358,4.79934,NN_Adam
0,0,0,0,0,-378.38,-32.6987,281.15,3.22764,0.532421,0.959191,5.98983,0.458783,NN_Adam
0,0,0,0,0,-480.261,130.54,16.6328,2.8762,5.68095,0.822214,1.01241,4.41349,NN_Adam
0,0,0,0,0,-217.742,-47.5773,558.201,3.35652,1.86233,5.20645,1.66176,5.93834,NN_Adam
0,0,0,0,0,-30.1399,-65.3673,353.46,1.13863,2.33751,1.67828,4.98653,0.0907237,NN_Adam
0,0,0,0,0,-17.6962,-150.162,320.347,1.45305,4.10371,4.65636,0.614909,1.34452,NN_Adam
0,0,0,0,0,-113.395,-196.88,147.152,4.18989,5.24253,3.42175,5.66154,1.26648,NN_Adam
0,0,0,0,0,-165.968,-214.138,115.218,4.05282,5.41671,3.05956,5.55359,1.26648,NN_Adam
0,0,0,0,0,181.974,-217.536,224.567,2.26707,4.24102,3.97632,2.35396,0.247987,NN_Adam
0,0,0,0,0,309.267,-287.989,325.093,5.53311,0.363442,1.0027,0.162115,2.71482,NN_Adam
0,0,0,0,0,-101.683,100.918,218.24,5.50138,3.22079,1.36634,4.86013,0.0907237,NN_Adam
0,0,0,0,0,310.091,378.277,209.583,0.884016,6.02529,1.11102,0.718964,5.73413,NN_Adam
0,0,0,0,0,196.854,-112.036,277.466,5.76574,4.9833,2.94428,0.657109,0.955645,NN_Adam
0,0,0,0,0,230.064,-282.568,156.497,2.25391,3.48745,0.408085,0.0272401,4.79934,NN_Adam
0,0,0,0,0,-266.28,-74.3254,88.6382,0.272057,2.67938,6.10303,3.49154,3.84344,NN_Adam
0,0,0,0,0,-11.4836,414.862,108.749,1.59827,0.311848,0.391843,6.22904,5.82413,NN_Adam
0,0,0,0,0,-176.755,-139.46,388.821,0.667951,1.10955,2.02406,1.09053,1.88987,NN_Adam
0,0,0,0,0,-532.077,-36.7262,167.894,3.21046,6.11317,0.1754,1.78024,0.721104,NN_Adam
0,0,0,0,0,-481.253,151.058,332.645,2.83737,0.291669,0.0685628,1.65423,2.06914,NN_Adam
0,0,0,0,0,-108.497,-142.975,565.564,4.06309,0.596873,0.478302,2.27784,5.93834,NN_Adam
0,0,0,0,0,-380.511,-78.6413,420.263,0.203343,2.38273,0.15161,1.75284,1.88987,NN_Adam
0,0,0,0,0,-415.279,-145.125,89.3823,3.4778,0.07222,0.641375,0.0487667,0.721104,NN_Adam
0,0,0,0,0,-184.294,-2.1559,290.531,3.15311,1.12353,2.33177,4.60875,0.988303,NN_Adam
0,0,0,0,0,245.161,-313.901,52.7766,2.23379,3.42663,0.704177,0.291254,4.79934,NN_Adam
0,0,0,0,0,97.0595,140.36,12.9357,4.10708,5.29228,3.34626,2.83391,0.353671,NN_Adam
0,0,0,0,0,-314.156,384.866,300.906,2.25527,0.0599046,0.700743,1.04913,0.572269,NN_Adam
0,0,0,0,0,363.56,-113.351,90.0571,2.83923,3.38252,0.798609,0.0713618,3.16442,NN_Adam
0,0,0,0,0,-237.964,-201.651,6.18971,3.84453,0.107736,0.352504,5.84056,0.954884,NN_Adam
0,0,0,0,0,253.644,154.284,67.6566,0.546342,4.73469,2.74924,0.136563,1.59582,NN_Adam
0,0,0,0,0,-222.628,-284.35,413.647,0.906365,2.09357,0.35961,2.04264,2.04068,NN_Adam
0,0,0,0,0,88.9805,-99.9371,303.59,5.43971,4.81606,3.30966,0.708518,0.955645,NN_Adam
0,0,0,0,0,-137.601,-180.614,314.172,4.06098,2.58545,3.56988,2.18966,0.341132,NN_Adam
0,0,0,0,0,-510.802,-54.7293,93.7565,3.24804,5.88323,0.78791,0.978777,0.721104,NN_Adam
0,0,0,0,0,228.438,441.388,162.129,1.09297,6.18551,0.826861,0.562408,1.38371,NN_Adam
0,0,0,0,0,10.0542,133.32,278.227,1.49561,5.0771,1.752,2.92319,1.14695,NN_Adam
0,0,0,0,0,51.2964,519.96,11.971,1.47247,5.97703,0.0304549,1.6077,5.82413,NN_Adam
0,0,0,0,0,318.553,-223.92,499.995,5.67045,0.583309,0.160915,1.7701,0.586595,NN_Adam
0,0,0,0,0,-217.86,-308.527,311.069,0.955881,2.15082,0.399414,2.35062,1.4549,NN_Adam
0,0,0,0,0,1.66948,-137.17,33.4853,4.72457,0.78228,5.12585,6.00941,5.26321,NN_Adam
0,0,0,0,0,222.939,463.147,77.9291,1.12218,5.7878,0.240015,2.00564,1.11678,NN_Adam
0,0,0,0,0,-392.776,-190.635,368.043,3.59323,6.22881,0.437205,2.15379,3.41488,NN_Adam
0,0,0,0,0,-42.1735,-199.302,187.308,4.5038,1.46511,5.60381,5.77173,5.26321,NN_Adam
0,0,0,0,0,357.527,270.719,276.865,0.647945,0.207666,5.57995,2.9072,5.4464,NN_Adam
0,0,0,0,0,179.909,236.607,134.031,0.920602,4.81301,1.16726,2.86114,4.54565,NN_Adam
0,0,0,0,0,34.3763,363.21,176.183,1.47639,0.300457,1.07929,5.71735,1.38371,NN_Adam
0,0,0,0,0,-20.1082,-356.84,438.332,4.65603,0.0371811,0.559522,2.2752,0.415395,NN_Adam
0,0,0,0,0,-379.976,301.08,72.7743,2.4714,5.8015,1.07963,0.603858,0.999488,NN_Adam
0,0,0,0,0,-303.786,-24.8399,251.508,0.0814437,1.68325,1.09283,2.40207,1.88987,NN_Adam
0,0,0,0,0,-117.837,-387.259,220.114,4.41684,0.810862,6.26461,0.106486,0.191397,NN_Adam
0,0,0,0,0,22.2355,-390.948,435.33,4.76905,0.108345,0.474915,2.12206,0.415395,NN_Adam
0,0,0,0,0,484.839,-59.9298,79.3789,6.1599,5.57212,0.464867,2.12645,1.50097,NN_Adam
0,0,0,0,0,52.3826,-417.947,238.253,4.83698,5.72002,0.519221,2.58812,2.3339,NN_Adam
0,0,0,0,0,-432.9,-257.633,152.978,3.67832,5.79239,0.430428,2.04286,0.384745,NN_Adam
0,0,0,0,0,-119.777,276.037,130.211,1.97992,4.46824,1.80288,2.25334,0.486989,NN_Adam
0,0,0,0,0,-278.152,117.32,387.575,2.7423,0.670185,1.43092,5.88109,0.988303,NN_Adam
0,0,0,0,0,193.98,145.126,63.8619,3.78385,4.93482,3.68824,2.50635,0.353671,NN_Adam
0,0,0,0,0,6.1953,-433.588,0.957337,1.58503,3.08978,0.30287,1.90662,1.72265,NN_Adam
0,0,0,0,0,490.046,-157.749,165.096,5.97175,5.90623,0.349906,1.96878,2.70961,NN_Adam
0,0,0,0,0,294.9,-290.457,211.85,2.36389,3.60644,5.01913,2.19573,0.247987,NN_Adam
0,0,0,0,0,131.487,-88.3544,299.398,5.69138,4.84025,3.20315,0.733803,0.955645,NN_Adam
0,0,0,0,0,163.657,-510.227,207.88,5.02275,0.0321466,0.0729446,1.6587,1.80074,NN_Adam
0,0,0,0,0,-290.181,-42.3214,218.103,0.144751,2.42721,5.84784,3.50474,3.84344,NN_Adam
0,0,0,0,0,178.293,113.653,221.206,0.566781,4.93108,1.4123,3.03458,0.786399,NN_Adam
0,0,0,0,0,-86.7716,-174.421,204.221,4.25055,5.40142,3.55723,5.74199,1.26648,NN_Adam
0,0,0,0,0,29.6843,40.2983,78.4436,4.0775,0.0184218,2.35212,3.20563,0.353671,NN_Adam
0,0,0,0,0,-272.541,-95.5316,120.539,0.336959,2.65036,5.96597,3.51351,3.84344,NN_Adam
0,0,0,0,0,-0.91331,244.527,140.609,1.57435,2.37664,3.26804,2.05515,1.68825,NN_Adam
0,0,0,0,0,-119.528,-410.206,375.841,4.42871,6.22744,0.459563,2.17827,0.165034,NN_Adam
0,0,0,0,0,-461.34,43.765,400.241,3.04696,0.299854,0.191466,1.80147,2.06914,NN_Adam
0,0,0,0,0,-250.656,-382.009,276.574,4.13154,5.95841,0.436032,2.31373,1.21809,NN_Adam
0,0,0,0,0,-6.49862,-76.9913,440.623,1.48641,0.379358,1.78857,1.9339,6.01895,NN_Adam
0,0,0,0,0,-47.5857,362.715,56.7765,1.70105,1.07996,4.74936,1.14361,1.11678,NN_Adam
0,0,0,0,0,401.354,-252.686,290.463,5.721,0.0262657,0.997822,0.657348,2.71482,NN_Adam
0,0,0,0,0,-312.835,381.257,57.4663,2.25785,5.76472,0.982244,0.763339,1.75357,NN_Adam
0,0,0,0,0,-151.665,322.991,410.958,2.00967,1.26961,6.12012,0.441851,1.23374,NN_Adam
0,0,0,0,0,-188.238,371.612,231.402,2.03947,0.184278,1.18158,6.13025,6.07848,NN_Adam
0,0,0,0,0,-312.99,-210.375,419.409,0.591721,2.23772,0.263737,1.88331,1.88987,NN_Adam
0,0,0,0,0,-529.707,93.6236,167.671,2.9666,6.20135,0.101293,1.693,0.322384,NN_Adam
0,0,0,0,0,-96.6941,-295.442,300.497,1.2544,1.83546,0.597998,2.67393,1.4549,NN_Adam
0,0,0,0,0,-174.416,233.469,538.157,2.21227,0.990415,0.605541,0.595497,2.03274,NN_Adam
0,0,0,0,0,120.764,-325.702,507.004,5.06733,0.40982,0.36343,2.01326,5.13599,NN_Adam
0,0,0,0,0,-132.128,-177.089,338.25,4.0712,2.66602,3.75117,1.92546,0.341132,NN_Adam
0,0,0,0,0,105.569,-224.668,231.121,5.1515,1.4825,5.74563,5.93636,5.26321,NN_Adam
0,0,0,0,0,221.704,26.1257,224.66,3.25884,3.38561,3.53111,3.91636,6.22657,NN_Adam
0,0,0,0,0,470.13,267.364,134.724,0.517041,6.23025,0.0236264,1.59953,2.32665,NN_Adam
0,0,0,0,0,-159.89,265.206,480.055,2.11328,1.04857,0.585023,0.23543,5.36892,NN_Adam
0,0,0,0,0,-297.158,-399.026,353.062,4.07226,0.394079,0.0192817,1.59406,1.21809,NN_Adam
0,0,0,0,0,111.414,-430.18,391.824,4.96571,0.108909,0.331315,2.03013,2.3339,NN_Adam
0,0,0,0,0,-212.756,148.428,182.373,2.53229,0.628818,0.966821,5.18821,1.75357,NN_Adam
0,0,0,0,0,-161.898,-36.0499,608.829,3.36048,0.84066,0.431974,1.91499,3.33779,NN_Adam
0,0,0,0,0,-499.466,44.5624,298.927,3.05258,6.28063,0.262619,1.8819,0.322384,NN_Adam
0,0,0,0,0,-471.346,79.019,238.32,2.97527,5.94736,1.23261,0.843934,5.86949,NN_Adam
0,0,0,0,0,20.6481,-213.317,571.151,1.66708,1.76591,0.279278,1.8932,6.01895,NN_Adam
0,0,0,0,0,-246.345,-425.868,293.087,4.18783,6.1737,0.351438,1.97406,1.21809,NN_Adam
0,0,0,0,0,130.985,-148.432,149.58,2.29364,3.74249,3.11028,4.06277,6.22657,NN_Adam
0,0,0,0,0,441.103,68.1479,231.7,0.153097,5.92254,1.5415,0.456147,2.89142,NN_Adam
0,0,0,0,0,236.127,-144.669,273.574,2.59181,1.5793,2.29714,0.546189,1.09903,NN_Adam
0,0,0,0,0,-10.2374,62.7387,405.251,1.7325,0.172218,0.905878,3.08921,3.09063,NN_Adam
0,0,0,0,0,504.1,-121.637,97.0395,6.04618,5.82267,0.294596,1.92738,1.50097,NN_Adam
0,0,0,0,0,-279.554,184.854,115.294,2.55713,0.327357,0.72386,5.65015,1.75357,NN_Adam
0,0,0,0,0,346.764,-128.307,121.164,2.78697,3.36248,0.789178,6.24552,3.16442,NN_Adam
0,0,0,0,0,-69.6144,-106.789,445.267,0.993024,0.644072,1.7436,1.77909,6.01895,NN_Adam
0,0,0,0,0,102.681,-299.063,470.612,1.90151,2.89617,5.36897,1.88819,1.90659,NN_Adam
0,0,0,0,0,431.167,-311.888,231.94,5.65686,0.074115,0.0779265,1.66467,2.71482,NN_Adam
0,0,0,0,0,471.497,198.657,219.325,0.398712,6.10795,0.800205,1.03874,2.89142,NN_Adam
0,0,0,0,0,1.19355,-322.765,528.41,4.71589,0.508765,0.29225,2.05841,0.415395,NN_Adam
0,0,0,0,0,-5.42342,188.673,246.805,1.59946,3.07332,4.01964,0.721118,1.68825,NN_Adam
0,0,0,0,0,-164.006,-386.981,366.627,4.31138,6.15589,0.51264,2.23404,0.165034,NN_Adam
0,0,0,0,0,-196.636,136.454,575.791,2.53491,0.864447,0.855664,0.803841,5.36892,NN_Adam
0,0,0,0,0,424.956,11.9435,70.0189,3.16954,2.7481,0.509142,2.04391,5.88884,NN_Adam
0,0,0,0,0,-176.309,282.138,58.4353,2.12915,4.52882,1.53132,2.23856,0.164514,NN_Adam
0,0,0,0,0,81.3852,-6.94848,109.02,3.05635,6.0361,2.43031,3.06146,0.353671,NN_Adam
0,0,0,0,0,-17.8297,-523.467,82.7776,4.67829,5.861,0.250158,1.84569,5.80573,NN_Adam
0,0,0,0,0,-211.757,26.2147,262.816,3.01829,2.05014,3.11162,3.16929,3.28783,NN_Adam
0,0,0,0,0,404.442,-306.376,156.241,5.63483,5.85304,0.3296,2.08461,0.00805729,NN_Adam
0,0,0,0,0,416.861,271.716,332.044,0.5776,0.157232,0.182888,1.79151,5.73413,NN_Adam
0,0,0,0,0,-422.793,135.694,224.603,2.83062,5.85282,1.59415,0.491223,5.86949,NN_Adam
0,0,0,0,0,-373.86,337.239,14.9049,2.40743,5.80278,0.66183,0.988057,1.75357,NN_Adam
0,0,0,0,0,205.79,-147.303,240.264,2.52013,1.42095,2.51336,0.610216,1.09903,NN_Adam
0,0,0,0,0,-41.4931,121.234,75.5947,5.04232,5.5804,2.88741,2.91158,0.353671,NN_Adam
0,0,0,0,0,-355.276,358.626,234.999,2.35129,6.15801,0.84738,0.931383,6.07848,NN_Adam
0,0,0,0,0,203.415,416.274,163.902,1.11611,6.22892,1.02785,0.188996,1.38371,NN_Adam
0,0,0,0,0,-328.958,36.8457,33.7709,6.1715,2.98917,5.96595,3.18222,3.84344,NN_Adam
0,0,0,0,0,258.935,374.049,207.755,0.965135,0.0390906,1.07191,0.149897,1.38371,NN_Adam
0,0,0,0,0,274.971,-452.078,60.246,5.25879,5.94912,0.132927,1.73069,6.0557,NN_Adam
0,0,0,0,0,56.3436,-141.119,95.2201,5.09212,1.14432,5.2084,5.83759,5.26321,NN_Adam
0,0,0,0,0,-174.882,-73.6395,209.387,3.54003,5.28313,3.53595,5.88009,1.26648,NN_Adam
0,0,0,0,0,105.731,-325.269,124.776,1.88495,2.04238,1.86079,1.12196,5.01784,NN_Adam
0,0,0,0,0,-449.815,92.0742,96.987,2.93944,5.72264,1.41417,0.392372,4.41349,NN_Adam
0,0,0,0,0,-269.031,92.5007,447.789,2.81041,0.710347,1.38148,6.15174,0.988303,NN_Adam
0,0,0,0,0,205.588,-44.9984,261.55,2.92615,3.37612,3.50447,3.76415,6.22657,NN_Adam
0,0,0,0,0,-54.5681,154.339,483.402,1.9107,6.21727,1.48963,1.92007,3.33779,NN_Adam
0,0,0,0,0,-3.05121,239.041,418.547,1.58346,1.01055,4.66632,3.6888,6.17791,NN_Adam
0,0,0,0,0,241.503,-53.09,245.638,2.92495,3.32297,3.81784,3.74158,6.22657,NN_Adam
0,0,0,0,0,-459.451,-110.46,373.453,3.37724,0.255802,0.583849,1.14104,6.25163,NN_Adam
0,0,0,0,0,-158.5,-163.193,305.74,3.94155,2.59183,3.52961,2.20712,0.341132,NN_Adam
0,0,0,0,0,68.2632,-189.815,580.906,1.91584,1.75698,0.263389,1.86526,6.01895,NN_Adam
0,0,0,0,0,87.3135,385.808,45.5733,1.3481,0.913533,4.84389,1.29318,1.11678,NN_Adam
0,0,0,0,0,87.2036,-318.021,490.075,1.83792,2.49884,5.86749,1.97339,1.90659,NN_Adam
0,0,0,0,0,-427.994,178.738,122.701,2.74591,0.50606,6.0818,0.566746,4.41349,NN_Adam
0,0,0,0,0,-37.7833,-187.619,482.836,1.37195,1.11538,1.44632,1.55127,6.01895,NN_Adam
0,0,0,0,0,-163.473,100.702,481.252,2.58942,2.32217,4.92011,1.14364,5.93834,NN_Adam
0,0,0,0,0,329.716,-347.729,174.552,5.47112,5.88701,0.0799081,2.52351,0.00805729,NN_Adam
0,0,0,0,0,-121.673,-355.048,68.1006,1.24056,2.38275,1.14463,1.85265,6.08012,NN_Adam
0,0,0,0,0,-65.9945,452.569,68.9408,4.85714,3.02966,0.22294,1.83835,2.53861,NN_Adam
0,0,0,0,0,267.02,161.804,256.15,0.544618,5.25024,2.52315,0.597958,1.59582,NN_Adam
0,0,0,0,0,-119.504,83.1883,116.525,2.53326,0.31511,1.19808,4.57299,0.914063,NN_Adam
0,0,0,0,0,-26.7558,11.7405,332.363,5.86964,2.33595,1.44517,4.86053,0.0907237,NN_Adam
0,0,0,0,0,140.658,256.379,176.419,1.06898,4.93591,1.22108,2.83509,4.54565,NN_Adam
0,0,0,0,0,260.333,-301.775,373.548,5.42418,0.515237,0.953018,0.17496,5.34562,NN_Adam
0,0,0,0,0,-126.649,-330.769,424.897,1.2051,2.59841,5.6291,2.42996,2.04068,NN_Adam
0,0,0,0,0,-169.937,-305.586,68.0829,1.06322,2.35021,1.827,0.877165,0.324958,NN_Adam
0,0,0,0,0,325.035,-425.301,130.943,5.3649,6.06877,0.15118,1.75123,6.0557,NN_Adam
0,0,0,0,0,-9.05873,214.908,53.8749,1.61277,2.26275,3.41735,1.49853,1.68825,NN_Adam
0,0,0,0,0,-81.5426,130.76,176.066,5.26977,3.4413,1.48103,4.81623,0.0907237,NN_Adam
0,0,0,0,0,-229.81,-40.1547,211.518,3.31444,1.9309,3.10284,3.03984,3.28783,NN_Adam
0,0,0,0,0,133.738,173.381,110.797,0.913794,4.49017,1.21087,3.20733,4.54565,NN_Adam
0,0,0,0,0,255.217,-187.471,52.8139,2.50794,3.89318,4.3468,3.30393,6.22657,NN_Adam
0,0,0,0,0,-4.54886,428.014,355.95,1.58134,0.801947,0.219232,0.468326,5.90084,NN_Adam
0,0,0,0,0,-387.989,106.697,57.3889,2.87301,5.68607,1.69403,6.1576,4.41349,NN_Adam
0,0,0,0,0,-199.002,289.549,491.623,2.17285,1.03115,0.260105,0.665076,2.03274,NN_Adam
0,0,0,0,0,57.0536,398.853,469.449,1.42854,0.414654,0.683928,1.17004,0.374479,NN_Adam
0,0,0,0,0,112.052,366.946,55.0177,1.27425,0.999225,4.80705,1.21816,1.11678,NN_Adam
0,0,0,0,0,-89.1433,65.2682,239.062,5.65106,3.09435,1.14511,4.84353,0.0907237,NN_Adam
0,0,0,0,0,-247.189,-252.766,269.133,0.796513,3.17307,4.78632,3.06901,0.721104,NN_Adam
0,0,0,0,0,-20.5629,436.951,145.926,1.61774,0.411198,0.280007,0.124176,0.458874,NN_Adam
0,0,0,0,0,-293.58,180.308,91.4538,2.59066,0.242677,0.69607,5.72748,1.75357,NN_Adam
0,0,0,0,0,186.842,315.555,104.707,1.03587,5.8915,5.33704,3.65765,5.4464,NN_Adam
0,0,0,0,0,4.02977,-236.714,106.424,1.58768,1.44397,2.47966,1.26169,5.01784,NN_Adam
0,0,0,0,0,-234.354,-421.973,72.3035,4.20535,6.04984,0.812699,0.445336,0.291986,NN_Adam
0,0,0,0,0,143.378,-269.83,500.816,5.20056,0.287868,0.48194,2.24692,5.13599,NN_Adam
0,0,0,0,0,-281.948,-333.534,182.249,0.868835,2.57388,0.40314,2.06384,1.4549,NN_Adam
0,0,0,0,0,-122.12,-376.982,8.2978,1.25732,2.72176,0.934532,1.72779,6.08012,NN_Adam
0,0,0,0,0,258.326,-256.988,130.096,2.35849,4.01706,4.47699,2.52824,0.247987,NN_Adam
0,0,0,0,0,-382.413,-273.143,111.207,3.76178,5.78015,1.32358,0.471374,0.98026,NN_Adam
0,0,0,0,0,-34.2172,113.535,304.65,1.86337,3.01337,4.6775,0.183774,5.93834,NN_Adam
0,0,0,0,0,-342.54,113.306,313.466,2.82204,5.96486,0.335073,2.91333,2.06914,NN_Adam
0,0,0,0,0,66.6766,36.2334,90.0221,3.63917,6.08699,2.46438,3.08588,0.353671,NN_Adam
0,0,0,0,0,-184.223,60.504,181.674,5.96544,0.922393,2.92178,0.875519,0.906191,NN_Adam
0,0,0,0,0,-151.997,460.877,306.681,1.889,6.18934,0.361941,1.9919,0.486989,NN_Adam
0,0,0,0,0,298.512,2.76553,119.117,3.15069,3.68901,4.14836,3.54505,6.22657,NN_Adam
0,0,0,0,0,172.484,398.985,274.825,1.16263,1.04804,4.6979,2.39952,2.83862,NN_Adam
0,0,0,0,0,220.675,-187.635,416.606,5.57853,1.7267,4.25988,2.66674,0.586595,NN_Adam
0,0,0,0,0,-99.6826,275.325,132.788,1.91809,4.43364,1.81999,2.29164,0.486989,NN_Adam
0,0,0,0,0,-262.929,9.72267,127.214,6.24614,2.55416,6.05235,3.6087,3.84344,NN_Adam
0,0,0,0,0,-9.69489,-175.682,536.281,1.51562,1.25913,1.15185,1.52945,6.01895,NN_Adam
0,0,0,0,0,255.106,-229.062,407.311,5.55121,1.48025,4.53915,2.53992,0.586595,NN_Adam
0,0,0,0,0,-361.101,-134.516,368.71,3.49791,6.04175,0.669853,2.34076,3.41488,NN_Adam
0,0,0,0,0,415.002,-276.775,125.4,5.69456,5.82141,0.149376,2.30276,0.00805729,NN_Adam
0,0,0,0,0,-247.218,-189.725,325.573,0.654319,2.12832,1.7824,0.0961506,5.67876,NN_Adam
0,0,0,0,0,-211.385,482.776,194.194,1.98345,6.10544,0.226915,1.83891,0.486989,NN_Adam
0,0,0,0,0,406.098,-235.828,57.6836,5.75698,5.48323,0.398418,2.32188,5.00623,NN_Adam
0,0,0,0,0,-10.0595,341.931,10.708,1.59998,0.972296,4.69991,1.14717,1.11678,NN_Adam
0,0,0,0,0,-233.507,441.459,61.283,2.05725,0.260552,5.31331,2.1057,5.31042,NN_Adam
0,0,0,0,0,-150.029,-443.208,81.6057,4.38578,6.21319,0.699757,0.275989,0.291986,NN_Adam
0,0,0,0,0,28.566,-353.713,94.4536,1.65121,2.26646,1.01468,2.20987,1.72265,NN_Adam
0,0,0,0,0,-109.731,-128.404,396.001,0.863416,0.72815,1.81541,1.84127,6.01895,NN_Adam
0,0,0,0,0,-235.081,241.176,25.0222,2.34334,0.0715698,0.567134,5.83294,1.75357,NN_Adam
0,0,0,0,0,-29.8948,-487.49,100.587,4.65107,6.09213,0.826592,0.472044,5.80573,NN_Adam
0,0,0,0,0,-286.667,25.9828,105.6,6.19266,2.66751,6.03349,3.47984,3.84344,NN_Adam
0,0,0,0,0,303.105,24.0594,217.515,0.0790338,4.76907,1.97377,1.9748,2.76285,NN_Adam
0,0,0,0,0,-25.9322,-28.344,30.3723,3.97157,6.27549,2.36587,3.67459,0.353671,NN_Adam
0,0,0,0,0,530.61,12.1198,67.5281,0.022844,5.97235,0.126075,1.72231,1.50097,NN_Adam
0,0,0,0,0,-73.2158,2.62975,647.513,3.10606,1.29581,0.176744,1.73799,3.33779,NN_Adam
0,0,0,0,0,-145.093,-180.595,427.322,0.893661,1.17379,1.54688,1.60389,0.873547,NN_Adam
0,0,0,0,0,134.208,230.479,45.7855,4.18492,4.75223,3.86089,2.5869,0.353671,NN_Adam
0,0,0,0,0,98.5235,-50.5951,262.832,5.8082,4.76945,3.70071,0.213408,0.955645,NN_Adam
0,0,0,0,0,38.4347,43.3038,319.989,3.98644,2.48095,1.60387,4.80539,0.0907237,NN_Adam
0,0,0,0,0,-56.14,356.659,276.777,1.72681,0.12961,1.76015,5.87891,4.84654,NN_Adam
0,0,0,0,0,117.65,117.587,143.448,0.785047,4.40727,1.37834,3.35337,1.14695,NN_Adam
0,0,0,0,0,-142.005,-91.874,629.904,3.71555,1.10066,0.162153,1.76315,5.93834,NN_Adam
0,0,0,0,0,172.601,231.039,170.851,0.9291,4.89467,1.24004,2.84423,4.54565,NN_Adam
0,0,0,0,0,4.84901,258.248,196.038,1.55212,0.389772,2.65568,4.70336,4.84654,NN_Adam
0,0,0,0,0,-358.482,293.981,269.681,2.45451,6.21264,1.19013,0.506355,0.999488,NN_Adam
0,0,0,0,0,69.2649,29.8076,218.554,0.406381,4.60475,1.83648,3.3322,1.6879,NN_Adam
0,0,0,0,0,53.459,127.097,135.479,1.17261,4.25515,1.39238,3.47499,1.14695,NN_Adam
0,0,0,0,0,-52.4864,264.648,225.88,1.76647,0.245127,2.64935,4.99715,4.84654,NN_Adam
0,0,0,0,0,-262.979,-464.551,157.588,4.19722,6.0951,0.173019,1.77819,0.191397,NN_Adam
0,0,0,0,0,-356.363,-63.9563,265.294,3.31903,0.712474,0.654558,5.92838,0.458783,NN_Adam
0,0,0,0,0,95.6759,403.529,470.998,1.33777,0.499272,0.43559,1.34139,0.374479,NN_Adam
0,0,0,0,0,28.0023,59.3964,274.966,4.27141,2.75383,1.44393,4.68972,0.0907237,NN_Adam
0,0,0,0,0,-505.848,-55.4134,40.2583,3.2505,5.81202,0.708404,1.01454,0.721104,NN_Adam
0,0,0,0,0,315.958,14.5406,192.262,0.0459079,4.71939,1.9365,1.96569,2.76285,NN_Adam
0,0,0,0,0,-60.805,25.188,285.419,5.89049,2.69606,1.54512,4.69366,0.0907237,NN_Adam
0,0,0,0,0,55.6605,-197.857,388.565,1.84496,3.6942,4.81759,1.02304,1.34452,NN_Adam
0,0,0,0,0,201.757,379.683,109.485,1.08207,6.16012,5.23906,3.24523,5.4464,NN_Adam
0,0,0,0,0,-426.113,-248.053,200.433,3.66851,5.84719,0.463883,2.09955,0.384745,NN_Adam
0,0,0,0,0,-112.61,-231.817,324.532,4.26003,2.40631,3.87701,1.91486,0.341132,NN_Adam
0,0,0,0,0,-439.752,174.185,212.398,2.76438,6.13095,1.17014,0.432259,0.885108,NN_Adam
0,0,0,0,0,116.936,-288.675,435.542,1.95549,3.19066,5.3186,1.43109,1.90659,NN_Adam
0,0,0,0,0,-179.103,383.774,308.727,2.00725,5.74813,1.33566,1.49171,0.486989,NN_Adam
0,0,0,0,0,-99.5368,106.079,331.457,2.32418,2.83257,4.69818,0.36551,5.93834,NN_Adam
0,0,0,0,0,-83.591,139.77,223.57,5.25144,3.17404,1.43284,4.94088,0.0907237,NN_Adam
0,0,0,0,0,235.26,-345.044,191.585,5.31072,0.717664,6.25455,0.16263,2.87431,NN_Adam
0,0,0,0,0,-393.887,347.054,115.583,2.41921,5.95262,0.632142,1.17088,0.999488,NN_Adam
0,0,0,0,0,-349.771,-16.4883,165.841,0.0469399,2.7377,5.7712,3.24147,3.84344,NN_Adam
0,0,0,0,0,-278.344,-95.0468,470.515,0.329005,1.8249,0.386184,2.19658,1.88987,NN_Adam
0,0,0,0,0,-280.554,-400.97,125.185,4.10171,6.1041,0.887839,0.474335,0.291986,NN_Adam
0,0,0,0,0,-320.101,-90.6759,269.448,3.41765,0.847301,0.569646,5.81209,0.458783,NN_Adam
0,0,0,0,0,-43.6548,75.9073,333.114,2.09263,3.07256,4.81472,0.15401,5.93834,NN_Adam
0,0,0,0,0,20.3965,-297.994,526.622,1.6391,2.13829,0.122463,1.72368,1.90659,NN_Adam
0,0,0,0,0,217.16,-254.048,117.531,2.27794,4.25906,4.24604,2.47779,0.247987,NN_Adam
0,0,0,0,0,-22.1028,-100.996,237.569,1.3552,0.746809,3.50289,6.23551,3.18951,NN_Adam
0,0,0,0,0,-319.952,-328.992,255.851,3.9407,5.91735,1.3991,0.761264,1.08158,NN_Adam
0,0,0,0,0,-31.0034,-86.3265,358.219,1.22599,2.33882,1.73293,5.05587,0.0907237,NN_Adam
0,0,0,0,0,-158.927,-51.8033,383.903,3.45665,1.15163,1.83251,5.21721,0.988303,NN_Adam
0,0,0,0,0,-67.6022,95.6459,201.849,5.32759,3.32319,1.23638,4.75967,0.0907237,NN_Adam
0,0,0,0,0,174.329,294.226,109.051,1.03574,5.78413,5.46175,3.76589,5.4464,NN_Adam
0,0,0,0,0,-265.331,270.425,466.174,2.34663,0.86736,0.399389,0.642183,2.03274,NN_Adam
0,0,0,0,0,-333.917,336.754,285.502,2.35181,0.214173,0.789986,0.527973,0.572269,NN_Adam
0,0,0,0,0,-50.6671,365.43,212.134,1.70849,6.18838,1.88649,5.82106,4.84654,NN_Adam
0,0,0,0,0,-84.0351,-251.513,258.595,4.38986,2.4406,3.7519,1.77104,0.341132,NN_Adam
0,0,0,0,0,524.258,30.6939,246.768,0.0584286,0.0110285,0.156438,1.7579,2.89142,NN_Adam
0,0,0,0,0,-272.391,311.75,174.969,2.28857,0.132789,1.09225,6.04605,6.07848,NN_Adam
0,0,0,0,0,176.587,472.698,11.5326,1.21303,6.21356,5.64577,2.10669,1.11678,NN_Adam
0,0,0,0,0,66.8961,457.584,299.184,1.42535,0.0539388,1.07022,0.548153,2.05852,NN_Adam
0,0,0,0,0,-250.592,-407.702,15.7017,4.161,5.60805,1.0666,0.772358,0.291986,NN_Adam
0,0,0,0,0,-20.8835,452.223,428.606,1.61689,0.470525,0.0989814,1.69128,5.90084,NN_Adam
0,0,0,0,0,301.618,374.382,26.5656,0.892505,5.4834,0.429213,2.12363,5.4464,NN_Adam
0,0,0,0,0,194.06,245.177,231.709,0.901203,0.0679238,2.24144,5.42582,4.84654,NN_Adam
0,0,0,0,0,-316.857,-326.267,254.281,3.94151,5.89331,1.44583,0.739926,1.08158,NN_Adam
0,0,0,0,0,-362.809,-215.185,228.743,0.535178,3.52208,5.15029,2.10452,0.721104,NN_Adam
0,0,0,0,0,30.4599,-225.092,71.6479,1.7051,1.55447,2.47712,1.2948,5.01784,NN_Adam
0,0,0,0,0,378.02,254.147,278.736,0.591854,0.244151,5.5663,2.8408,5.4464,NN_Adam
0,0,0,0,0,347.959,403.598,118.946,0.859243,6.01384,0.176355,1.78227,5.4464,NN_Adam
0,0,0,0,0,415.359,-331.073,69.4884,5.61021,5.97816,0.124323,1.72064,0.00805729,NN_Adam
0,0,0,0,0,-196.987,58.9514,397.455,2.85077,0.874045,1.91785,5.46487,0.988303,NN_Adam
0,0,0,0,0,-44.6693,-194.648,476.133,1.34505,1.13676,1.44871,1.55689,6.01895,NN_Adam
0,0,0,0,0,-391.845,-292.488,287.427,3.78273,6.25921,0.889761,0.896075,3.41488,NN_Adam
0,0,0,0,0,-417.432,17.2666,100.096,3.10014,0.0291002,0.89333,6.11105,1.75357,NN_Adam
0,0,0,0,0,55.7432,346.79,330.179,1.41133,0.150488,1.7974,6.06438,4.84654,NN_Adam
0,0,0,0,0,-219.027,292.621,147.986,2.21321,0.572993,0.285146,5.97668,6.07848,NN_Adam
0,0,0,0,0,-155.111,-274.003,544.952,4.19721,0.589825,0.305951,1.92518,0.165034,NN_Adam
0,0,0,0,0,-79.6472,-221.809,323.49,4.3677,2.58925,3.76528,1.90325,0.341132,NN_Adam
0,0,0,0,0,-146.891,258.348,49.948,2.08779,4.32999,1.58982,2.38419,0.164514,NN_Adam
0,0,0,0,0,-41.1748,-29.1428,124.896,0.615922,6.23345,2.12839,3.2879,5.50527,NN_Adam
0,0,0,0,0,-114.766,162.546,509.773,2.18548,1.32927,0.759026,6.21745,5.36892,NN_Adam
0,0,0,0,0,-381.304,-68.3652,490.701,3.31878,0.467334,0.250412,1.87027,6.25163,NN_Adam
0,0,0,0,0,94.1969,-378.054,349.763,4.95647,6.03392,0.530336,2.49993,2.3339,NN_Adam
0,0,0,0,0,-260.321,125.452,52.8194,5.83431,2.81946,6.08957,3.38902,3.84344,NN_Adam
0,0,0,0,0,-268.959,273.534,161.318,2.34761,0.474472,0.504337,5.98817,6.07848,NN_Adam
0,0,0,0,0,16.5671,325.132,86.9336,1.5194,1.3481,4.66875,0.895367,1.11678,NN_Adam
0,0,0,0,0,-111.92,464.109,336.125,1.80724,0.0527041,0.824938,1.05527,2.05852,NN_Adam
0,0,0,0,0,-88.7632,-448.349,142.758,1.37512,2.80769,0.289223,1.90032,1.72265,NN_Adam
0,0,0,0,0,96.6664,63.5055,76.4225,3.72266,5.92967,2.79335,2.77108,0.353671,NN_Adam
0,0,0,0,0,-408.393,-77.9999,391.053,3.33008,0.298477,1.0672,0.514719,6.25163,NN_Adam
0,0,0,0,0,310.115,400.147,234.176,0.91128,6.11175,0.852113,1.02248,5.73413,NN_Adam
0,0,0,0,0,-262.928,323.967,361.249,2.25241,0.82585,0.263375,0.392406,2.03274,NN_Adam
0,0,0,0,0,132.515,-281.152,424.317,2.01109,3.25917,5.27134,1.39926,1.90659,NN_Adam
0,0,0,0,0,-17.2759,-319.498,101.443,1.51669,2.09121,1.16218,2.32007,1.72265,NN_Adam
0,0,0,0,0,37.0466,383.713,185.137,1.47434,0.229165,1.14135,5.84533,1.38371,NN_Adam
0,0,0,0,0,-95.036,-59.877,252.736,0.562194,2.98949,1.704,4.68296,0.0907237,NN_Adam
0,0,0,0,0,396.208,215.353,250.619,0.497649,5.6628,1.06227,1.80318,2.76285,NN_Adam
0,0,0,0,0,-270.433,-220.362,80.6631,3.82516,5.28452,2.37906,6.15211,1.26648,NN_Adam
0,0,0,0,0,243.909,-413.292,220.791,5.24546,5.83462,0.511194,2.16269,6.0557,NN_Adam
0,0,0,0,0,-450.2,122.655,58.9837,2.87509,5.66802,1.28561,0.511208,4.41349,NN_Adam
0,0,0,0,0,-154.598,-8.25796,611.35,3.19489,0.856439,0.448916,1.90597,3.33779,NN_Adam
0,0,0,0,0,2.68041,-138.076,303.093,1.59013,4.21934,4.61072,0.529378,1.34452,NN_Adam
0,0,0,0,0,-14.092,-275.374,510.158,1.5194,2.57637,5.40224,2.27963,1.34452,NN_Adam
0,0,0,0,0,-102.38,182.411,312.91,2.08204,0.7459,3.57863,4.55138,6.17791,NN_Adam
0,0,0,0,0,-263.91,106.763,334.78,2.75721,0.943821,4.15108,3.79697,6.17791,NN_Adam
0,0,0,0,0,499.769,-119.128,303.886,6.04917,0.203221,0.0922866,1.68274,5.4841,NN_Adam
0,0,0,0,0,48.6376,-317.922,211.959,1.72256,1.65996,1.70042,1.63174,6.03257,NN_Adam
0,0,0,0,0,-72.3792,97.7114,7.34551,2.20824,3.45627,1.42305,3.16589,0.164514,NN_Adam
0,0,0,0,0,-380.357,335.333,105.259,2.41882,5.81321,0.933718,0.959291,0.999488,NN_Adam
0,0,0,0,0,-311.845,102.327,508.299,2.8244,0.3862,0.362172,2.14801,0.390971,NN_Adam
0,0,0,0,0,229.943,476.073,199.281,1.12079,6.14303,0.204202,1.81084,1.38371,NN_Adam
0,0,0,0,0,141.141,-428.375,207.498,5.03059,0.615317,0.0564503,0.35211,2.87431,NN_Adam
0,0,0,0,0,-249.752,91.4222,109.996,5.93221,2.61866,6.04899,3.5874,3.84344,NN_Adam
0,0,0,0,0,-127.484,-399.601,248.465,4.40336,0.798656,0.0369479,0.206037,0.191397,NN_Adam
0,0,0,0,0,332.349,-38.9737,178.72,3.02479,2.41893,1.97966,0.0450932,2.71482,NN_Adam
0,0,0,0,0,316.711,-136.288,353.528,2.73521,2.82299,0.580562,0.216095,2.38395,NN_Adam
0,0,0,0,0,-80.0593,-132.803,277.885,4.16964,3.56493,2.86752,2.35199,0.341132,NN_Adam
0,0,0,0,0,-50.1776,-118.795,160.474,4.31282,1.41575,5.44665,5.51467,5.26321,NN_Adam
0,0,0,0,0,-224.721,-173.937,127.319,3.79994,5.48937,2.94352,5.60184,1.26648,NN_Adam
0,0,0,0,0,-103.288,51.6424,227.842,5.8195,3.16036,1.23246,4.80502,0.0907237,NN_Adam
0,0,0,0,0,43.8848,-76.0182,182.628,2.09416,3.88876,2.20182,4.03064,6.22657,NN_Adam
0,0,0,0,0,-308.774,-244.399,8.61139,0.66949,2.77454,0.663096,2.06521,0.996245,NN_Adam
0,0,0,0,0,410.127,124.456,242.531,0.294619,5.4944,1.42901,1.54203,2.76285,NN_Adam
0,0,0,0,0,11.8295,75.8935,4.60147,4.55765,5.76342,2.88828,3.16752,0.353671,NN_Adam
0,0,0,0,0,-299.724,-407.928,12.8707,4.07856,5.73669,0.654006,1.14374,0.291986,NN_Adam
0,0,0,0,0,433.019,-102.452,351.018,6.05069,6.17155,0.477622,2.12398,5.4841,NN_Adam
0,0,0,0,0,67.8203,168.908,217.564,1.18889,4.80557,1.53203,3.0877,0.786399,NN_Adam
0,0,0,0,0,-470.324,62.3958,303.408,3.00955,6.10047,0.453106,2.05169,0.322384,NN_Adam
0,0,0,0,0,-173.784,127.086,102.044,2.51018,4.02948,1.72471,2.8194,0.164514,NN_Adam
0,0,0,0,0,429.292,-62.0754,286.781,2.99785,3.17419,5.53272,2.02793,5.89801,NN_Adam
0,0,0,0,0,-72.2044,287.201,278.769,1.81699,0.603024,4.19113,4.02117,6.17791,NN_Adam
0,0,0,0,0,204.923,423.852,188.74,1.12042,6.27181,0.982171,0.281813,1.38371,NN_Adam
0,0,0,0,0,239.42,-137.458,357.135,2.6201,2.87867,0.604321,6.09001,2.38395,NN_Adam
0,0,0,0,0,-163.558,-442.041,74.0362,4.35785,6.16649,0.719818,0.317912,0.291986,NN_Adam
0,0,0,0,0,172.711,-331.65,210.243,5.19237,0.934346,6.12007,0.00243081,2.87431,NN_Adam
0,0,0,0,0,79.4868,-338.752,390.48,4.94256,6.10374,0.618228,2.51646,2.3339,NN_Adam
0,0,0,0,0,114.651,-446.357,46.2488,4.96369,5.37202,0.554452,2.24904,6.27677,NN_Adam
0,0,0,0,0,162.634,-134.546,292.693,5.59208,5.04135,2.96465,0.666145,0.955645,NN_Adam
0,0,0,0,0,106.161,-276.548,85.475,1.93715,3.8366,0.406654,5.93697,4.79934,NN_Adam
0,0,0,0,0,257.808,382.973,253.259,0.978265,6.1528,1.26066,0.4596,5.73413,NN_Adam
0,0,0,0,0,-140.435,494.013,4.27653,1.84771,5.79154,0.168021,1.77172,5.31042,NN_Adam
0,0,0,0,0,440.643,-101.776,9.03733,2.91455,3.27529,0.117549,1.71448,3.16442,NN_Adam
0,0,0,0,0,215.801,-144.765,283.38,2.55044,1.49365,2.38637,0.490729,1.09903,NN_Adam
0,0,0,0,0,-273.101,129.818,91.6857,5.83944,2.72878,6.04126,3.38792,3.84344,NN_Adam
0,0,0,0,0,-176.266,30.4325,12.1363,2.97054,3.76847,1.46022,2.96941,0.164514,NN_Adam
0,0,0,0,0,-41.9888,317.081,106.293,1.70213,4.5291,1.68168,2.23537,0.164514,NN_Adam
0,0,0,0,0,15.3627,204.399,278.047,1.49573,0.345506,3.94544,4.74992,6.17791,NN_Adam
0,0,0,0,0,-343.275,-321.474,205.763,3.89393,5.82873,1.37803,0.734158,1.08158,NN_Adam
0,0,0,0,0,286.252,125.243,232.036,0.412386,5.19058,2.59499,0.48424,1.59582,NN_Adam
0,0,0,0,0,-312.709,294.577,348.917,2.38593,0.482684,0.772604,0.322231,0.572269,NN_Adam
0,0,0,0,0,-405.95,-161.87,267.862,3.52097,0.304739,0.924459,0.0958187,0.458783,NN_Adam
0,0,0,0,0,224.221,-317.933,80.2499,2.18479,3.50029,0.564469,0.193638,4.79934,NN_Adam
0,0,0,0,0,-306.052,182.101,431.581,2.60475,0.124627,0.27464,2.53399,2.06914,NN_Adam
0,0,0,0,0,487.736,-206.628,170.158,5.88241,6.06844,0.216767,1.82864,5.00623,NN_Adam
0,0,0,0,0,-232.936,-3.27555,197.936,0.013962,1.17653,2.60471,0.984145,0.906191,NN_Adam
0,0,0,0,0,-344.375,371.329,12.5481,2.31827,5.87097,0.548193,1.0039,1.75357,NN_Adam
0,0,0,0,0,-496.82,115.304,271.739,2.9135,6.22832,0.259053,1.87476,2.06914,NN_Adam
0,0,0,0,0,101.108,-294.683,407.196,1.9011,3.36154,5.15076,1.44643,1.34452,NN_Adam
0,0,0,0,0,77.5485,-229.775,211.503,1.89614,2.76818,4.68531,4.10595,2.27078,NN_Adam
0,0,0,0,0,-203.912,-459.439,125.995,4.29459,6.07771,0.812843,0.652281,0.191397,NN_Adam
0,0,0,0,0,122.233,-198.192,427.926,2.12333,3.46096,4.59737,1.79939,1.61524,NN_Adam
0,0,0,0,0,1.82575,-325.637,404.999,1.57626,3.32231,5.1734,1.54269,1.34452,NN_Adam
0,0,0,0,0,90.9946,-377.663,226.92,4.9488,5.59327,0.587787,2.75736,2.3339,NN_Adam
0,0,0,0,0,-52.0626,-50.7887,355.131,3.91461,1.7197,2.32368,4.64155,0.988303,NN_Adam
0,0,0,0,0,108.122,338.845,2.90835,1.26171,0.893161,4.73143,1.23607,1.11678,NN_Adam
0,0,0,0,0,-338.446,-284.479,163.438,3.84047,5.72019,1.66024,0.376787,1.08158,NN_Adam
0,0,0,0,0,134.357,-509.262,187.275,4.97041,6.08084,0.234256,1.85256,1.80074,NN_Adam
0,0,0,0,0,-191.862,345.052,271.517,2.07832,0.537505,0.814763,6.09115,0.572269,NN_Adam
0,0,0,0,0,303.898,398.814,224.621,0.919665,6.04184,0.95569,0.976697,5.73413,NN_Adam
0,0,0,0,0,192.858,-269.824,128.477,2.19132,4.25493,4.22396,2.46515,0.247987,NN_Adam
0,0,0,0,0,-256.202,75.9408,589.889,2.85334,1.25966,5.86257,1.84238,5.93834,NN_Adam
0,0,0,0,0,-188.015,433.165,166.072,1.9801,5.51359,1.2301,1.4232,0.486989,NN_Adam
0,0,0,0,0,-376.334,-190.326,74.7325,0.468083,2.74205,0.445832,2.14404,0.996245,NN_Adam
0,0,0,0,0,-43.2706,-254.043,41.222,1.40186,2.13409,1.25747,2.52865,1.72265,NN_Adam
0,0,0,0,0,333.382,32.5629,218.05,0.0973608,4.92562,1.87495,1.85113,2.76285,NN_Adam
0,0,0,0,0,201.669,122.74,161.173,0.546569,4.65398,3.21984,0.136233,1.59582,NN_Adam
0,0,0,0,0,-126.305,136.866,276.106,2.31596,1.23693,2.59797,4.3415,6.17791,NN_Adam
0,0,0,0,0,-2.39253,-403.884,102.136,1.56474,2.48173,0.800135,2.02016,1.72265,NN_Adam
0,0,0,0,0,-45.6327,-349.685,424.913,4.58253,6.24324,0.60769,2.33685,0.415395,NN_Adam
0,0,0,0,0,-1.98282,-309.438,362.734,1.56416,3.59934,5.0414,1.30279,1.34452,NN_Adam
0,0,0,0,0,-433.766,75.3054,13.5294,2.96967,5.67747,1.28183,0.254829,4.41349,NN_Adam
0,0,0,0,0,-363.43,174.309,332.886,2.69417,6.14799,0.172744,2.719,2.06914,NN_Adam
0,0,0,0,0,136.508,-93.212,109.831,2.5425,3.91078,2.68251,4.26609,6.22657,NN_Adam
0,0,0,0,0,255.475,-302.49,455.884,5.41365,1.1267,5.34937,2.09505,0.586595,NN_Adam
0,0,0,0,0,189.778,-350.501,165.311,2.0669,3.41541,0.31606,0.308276,4.79934,NN_Adam
0,0,0,0,0,-184.221,-311.686,113.253,1.03689,2.34551,0.714272,2.44889,1.4549,NN_Adam
0,0,0,0,0,-52.1548,-216.943,35.4184,1.33483,1.93487,2.61617,0.762959,0.324958,NN_Adam
0,0,0,0,0,13.8101,-93.2978,161.986,1.71756,0.762659,3.75845,0.00381821,3.18951,NN_Adam
0,0,0,0,0,-169.332,-58.5154,548.063,3.47402,2.12112,5.09329,1.47044,5.93834,NN_Adam
0,0,0,0,0,-71.0373,340.305,468.373,1.77646,0.420491,1.19534,0.557396,1.23374,NN_Adam
0,0,0,0,0,225.809,472.848,239.036,1.12522,6.23796,0.191944,1.79714,1.38371,NN_Adam
0,0,0,0,0,498.761,109.553,122.578,0.216055,5.80849,0.907943,1.09029,2.89142,NN_Adam
0,0,0,0,0,-156.404,-367.669,463.484,4.30998,0.323777,0.310562,1.97163,0.165034,NN_Adam
0,0,0,0,0,-133.802,-239.566,495.803,1.06127,1.73221,0.518161,2.03118,6.01895,NN_Adam
0,0,0,0,0,-65.9436,470.901,230.41,1.70982,5.82993,0.558513,2.14698,0.458874,NN_Adam
0,0,0,0,0,-301.686,199.576,407.031,2.5571,0.0434687,0.260943,2.62803,2.06914,NN_Adam
0,0,0,0,0,-401.375,282.525,92.7049,2.52804,5.9745,0.925719,0.550585,1.75357,NN_Adam
0,0,0,0,0,231.541,440.352,68.2303,1.08656,5.63367,0.37244,2.08873,1.11678,NN_Adam
0,0,0,0,0,-184.583,487.33,28.5098,1.9325,6.19011,5.91154,1.83319,5.31042,NN_Adam
0,0,0,0,0,209.528,-311.048,234.578,2.16352,3.7504,4.67062,2.28323,0.247987,NN_Adam
0,0,0,0,0,-366.204,195.153,396.267,2.65191,0.110463,0.176311,2.38508,2.06914,NN_Adam
0,0,0,0,0,399.442,-118.477,215.343,2.85299,2.53803,1.1978,0.716091,2.71482,NN_Adam
0,0,0,0,0,98.4625,-400.889,332.574,4.95306,6.02378,0.494161,2.43507,2.3339,NN_Adam
0,0,0,0,0,3.77842,467.191,100.817,1.56252,0.0979401,0.501413,0.28661,5.82413,NN_Adam
0,0,0,0,0,-278.433,-316.24,349.022,3.99042,6.06386,0.588812,2.2352,1.21809,NN_Adam
0,0,0,0,0,194.851,284.36,193.894,0.970011,6.22949,1.99397,5.58264,4.84654,NN_Adam
0,0,0,0,0,-310.781,-24.5979,543.327,3.22038,0.58502,0.270689,2.00097,0.390971,NN_Adam
0,0,0,0,0,183.811,-243.006,450.079,2.21821,3.12566,5.35369,1.44164,1.90659,NN_Adam
0,0,0,0,0,37.5155,217.846,190.071,1.39992,2.8619,3.80206,0.958485,1.68825,NN_Adam
0,0,0,0,0,-278.402,278.053,177.452,2.35663,0.480332,0.533993,6.04061,6.07848,NN_Adam
0,0,0,0,0,473.05,-123.851,346.585,6.02707,0.158227,0.21032,1.82283,5.4841,NN_Adam
0,0,0,0,0,97.8744,-66.3472,88.1393,2.54596,4.30292,2.35966,4.17885,6.22657,NN_Adam
0,0,0,0,0,-132.932,394.064,255.913,1.89589,5.48097,1.46049,1.59774,0.486989,NN_Adam
0,0,0,0,0,80.5912,128.906,60.1705,4.15342,5.42021,3.08723,2.84554,0.353671,NN_Adam
0,0,0,0,0,-224.271,47.2051,80.3496,6.07551,2.64091,6.18597,3.67205,3.84344,NN_Adam
0,0,0,0,0,-177.334,-269.283,251.074,0.988279,4.05272,4.91557,1.15119,0.721104,NN_Adam
0,0,0,0,0,326.035,-268.57,437.787,5.59393,0.987624,5.50706,2.01637,0.586595,NN_Adam
0,0,0,0,0,-286.167,326.282,311.555,2.29063,0.467579,0.743496,0.21277,0.572269,NN_Adam
0,0,0,0,0,-71.0046,16.5537,236.642,6.05381,2.99878,1.16767,4.68638,0.0907237,NN_Adam
0,0,0,0,0,-33.3195,253.959,435.722,1.70112,1.04077,4.7724,3.49909,6.17791,NN_Adam
0,0,0,0,0,-362.615,-83.5985,35.0617,0.226339,3.06418,5.95642,2.92502,3.84344,NN_Adam
0,0,0,0,0,10.0971,-355.639,98.702,1.59896,2.25823,1.00971,2.21199,1.72265,NN_Adam
0,0,0,0,0,-307.642,85.658,317.139,2.86979,0.905647,4.23542,3.61595,6.17791,NN_Adam
0,0,0,0,0,-114.27,-310.784,69.0499,1.21835,2.18449,1.2952,2.05791,6.08012,NN_Adam
0,0,0,0,0,-454.359,136.591,41.2996,2.84944,5.64615,1.17677,0.638869,4.41349,NN_Adam
0,0,0,0,0,6.76038,-177.872,496.733,4.75051,0.268178,0.663425,2.61036,5.13599,NN_Adam
0,0,0,0,0,182.431,-298.988,473.104,5.26008,1.31064,5.06436,2.33221,0.586595,NN_Adam
0,0,0,0,0,-216.552,221.299,470.487,2.34517,1.24016,0.233238,0.293639,2.03274,NN_Adam
0,0,0,0,0,15.8433,381.183,406.274,1.52923,0.167047,1.39042,0.482738,0.374479,NN_Adam
0,0,0,0,0,188.185,-43.0981,42.8754,6.058,2.91003,3.27946,1.04054,4.42808,NN_Adam
0,0,0,0,0,30.9042,-476.443,211.357,4.77679,5.75266,1.27342,1.06616,5.80573,NN_Adam
0,0,0,0,0,272.525,236.153,225.819,0.713822,6.09219,5.69952,3.54474,5.4464,NN_Adam
0,0,0,0,0,282.883,-230.744,496.632,5.59876,0.399952,0.340499,1.97587,0.586595,NN_Adam
0,0,0,0,0,-180.889,457.854,88.1773,1.94691,0.0741987,5.36199,2.55993,5.31042,NN_Adam
0,0,0,0,0,170.383,370.205,322.147,1.13942,1.25835,4.62857,2.34215,2.83862,NN_Adam
0,0,0,0,0,396.691,-241.98,239.015,2.59383,2.85773,0.0828966,1.67205,0.428259,NN_Adam
0,0,0,0,0,209.437,-296.293,297.012,2.18581,3.59759,4.74138,2.18438,0.247987,NN_Adam
0,0,0,0,0,-275.816,47.8503,244.744,6.11112,1.49074,2.28144,0.834694,0.906191,NN_Adam
0,0,0,0,0,70.6822,-225.701,329.803,1.87419,3.92918,4.84609,0.893576,1.34452,NN_Adam
0,0,0,0,0,-15.2849,-315.686,330.369,1.52229,3.73014,5.0142,1.23863,1.34452,NN_Adam
0,0,0,0,0,204.832,-434.197,302.4,5.15289,6.28123,0.941108,0.847093,5.34562,NN_Adam
0,0,0,0,0,-101.886,306.741,459.568,1.89134,1.35655,6.17883,0.470343,1.23374,NN_Adam
0,0,0,0,0,18.5434,459.767,249.233,1.5304,0.670195,0.0248381,0.495858,2.05852,NN_Adam
0,0,0,0,0,-517.281,-29.5614,247.575,3.19863,6.20329,0.239049,1.84576,0.322384,NN_Adam
0,0,0,0,0,-188.41,28.3612,261.119,2.9921,1.08414,2.25379,4.53145,0.988303,NN_Adam
0,0,0,0,0,-110.5,4.81559,119.242,3.09805,0.233418,1.20197,4.41389,0.914063,NN_Adam
0,0,0,0,0,-16.8517,49.5238,52.9119,5.03974,6.0091,2.52073,3.27496,0.353671,NN_Adam
0,0,0,0,0,307.841,-316.608,49.5194,2.34194,3.67445,6.12288,1.05784,0.758087,NN_Adam
0,0,0,0,0,82.1399,-330.077,204.192,1.81453,1.78821,1.61634,1.58227,6.03257,NN_Adam
0,0,0,0,0,-406.795,-233.065,166.949,3.66176,5.71454,0.357726,2.43082,0.384745,NN_Adam
0,0,0,0,0,539.689,-4.66283,119.776,6.27448,6.17822,0.0422699,1.62184,2.89142,NN_Adam
0,0,0,0,0,27.8086,-389.902,328.382,1.64196,3.06556,5.22425,2.48624,1.34452,NN_Adam
0,0,0,0,0,114.625,-118.842,143.204,2.33792,3.93721,2.78557,4.04286,6.22657,NN_Adam
0,0,0,0,0,158.086,59.8887,161.487,3.50365,3.78515,2.80167,4.09443,6.22657,NN_Adam
0,0,0,0,0,-94.0681,224.569,527.419,1.96732,1.15309,0.719242,0.227645,5.36892,NN_Adam
0,0,0,0,0,-313.942,-145.144,247.672,3.57466,5.7312,2.35175,0.00455302,1.26648,NN_Adam
0,0,0,0,0,-70.1691,-245.41,503.765,1.29226,2.89356,5.15045,1.9239,1.34452,NN_Adam
0,0,0,0,0,-313.089,-227.555,110.672,3.77,5.5498,2.0723,6.21641,1.08158,NN_Adam
0,0,0,0,0,-138.87,-245.719,569.206,4.19777,0.68852,0.313297,1.87468,0.165034,NN_Adam
0,0,0,0,0,-60.1535,-212.754,261.722,4.43684,2.91734,3.4081,1.87802,0.341132,NN_Adam
0,0,0,0,0,-333.883,-361.653,59.8358,3.96671,5.70513,1.03704,0.820602,1.08158,NN_Adam
0,0,0,0,0,321.827,-55.864,38.2631,2.9696,3.84599,4.50862,3.26317,6.22657,NN_Adam
0,0,0,0,0,278.361,461.56,144.342,1.02806,6.17373,0.0859564,1.67435,4.74385,NN_Adam
0,0,0,0,0,116.916,-1.18136,5.48962,6.27297,2.61952,3.52683,0.535866,4.42808,NN_Adam
0,0,0,0,0,-33.3144,135.36,116.605,1.81206,3.1296,3.99916,0.0652228,1.68825,NN_Adam
0,0,0,0,0,-199.599,209.192,456.476,2.33244,1.36216,0.151132,0.163679,2.03274,NN_Adam
0,0,0,0,0,305.573,-278.786,219.276,2.40199,3.57767,5.02797,2.20848,0.247987,NN_Adam
0,0,0,0,0,-359.44,244.222,245.077,2.54475,6.26816,1.35195,0.0912576,0.999488,NN_Adam
0,0,0,0,0,289.191,-450.107,214.132,5.2834,0.0434939,0.0739091,1.65975,6.0557,NN_Adam
0,0,0,0,0,-1.36286,264.38,93.8653,1.57557,4.22762,1.72426,2.5303,0.164514,NN_Adam
0,0,0,0,0,-394.638,-320.848,223.922,3.82403,0.291682,0.280785,0.810339,3.41488,NN_Adam
0,0,0,0,0,119.349,-258.138,50.1909,2.00376,3.92688,0.467653,5.89561,4.79934,NN_Adam
0,0,0,0,0,-253.355,197.63,139.142,2.47906,0.390872,0.830459,5.53322,1.75357,NN_Adam
0,0,0,0,0,424.934,-179.555,327.74,5.88323,6.14912,0.434432,2.10631,5.4841,NN_Adam
0,0,0,0,0,72.2976,1.58883,104.678,3.16347,6.09404,2.37831,3.12486,0.353671,NN_Adam
0,0,0,0,0,-137.832,61.3338,403.321,2.72264,1.07798,2.08594,5.28965,0.988303,NN_Adam
0,0,0,0,0,48.6337,122.515,45.0629,4.33439,5.52746,3.00569,2.94315,0.353671,NN_Adam
0,0,0,0,0,314.769,-239.98,499.547,5.63173,0.663597,0.088425,1.67782,0.586595,NN_Adam
0,0,0,0,0,63.3429,141.361,24.0261,4.29108,5.37382,3.21411,2.88986,0.353671,NN_Adam
0,0,0,0,0,-11.3147,-287.883,537.118,1.53146,2.13541,0.101183,1.69611,1.34452,NN_Adam
0,0,0,0,0,-162.455,390.111,86.3652,5.10662,2.71169,0.44998,2.14905,2.53861,NN_Adam
0,0,0,0,0,113.909,-162.417,330.666,2.18235,2.53725,4.32929,4.03077,2.27078,NN_Adam
0,0,0,0,0,-236.114,-131.299,335.422,0.507514,1.30203,1.96159,1.19082,1.88987,NN_Adam
0,0,0,0,0,150.856,336.134,139.288,1.14884,0.27084,0.886656,5.77671,1.38371,NN_Adam
0,0,0,0,0,-32.3097,-121.995,493.866,1.3119,0.824231,1.58423,1.5873,6.01895,NN_Adam
0,0,0,0,0,-328.628,131.616,461.034,2.76026,0.656285,0.930953,0.382427,2.39757,NN_Adam
0,0,0,0,0,-63.4574,-472.092,35.1179,4.57816,5.75533,1.05083,0.562908,0.291986,NN_Adam
0,0,0,0,0,115.986,-71.5051,52.8965,2.58908,4.25273,2.57368,4.28343,6.22657,NN_Adam
0,0,0,0,0,483.597,-223.992,172.238,5.84909,6.11913,0.178536,1.78005,5.00623,NN_Adam
0,0,0,0,0,-192.148,1.24928,481.171,3.135,0.814137,1.71445,6.0476,0.988303,NN_Adam
0,0,0,0,0,-181.212,275.702,452.934,2.15217,1.01142,0.553173,0.1888,5.36892,NN_Adam
0,0,0,0,0,31.0084,19.5819,194.85,0.563203,4.56717,1.80886,3.56876,1.6879,NN_Adam
0,0,0,0,0,-107.345,121.455,463.671,2.29456,6.10762,1.54292,2.00925,3.33779,NN_Adam
0,0,0,0,0,264.707,-345.661,250.938,5.36572,0.750904,0.040487,0.311974,2.87431,NN_Adam
0,0,0,0,0,-340.768,16.6687,404.84,6.23415,1.88658,0.652164,2.01691,1.88987,NN_Adam
0,0,0,0,0,172.147,145.005,151.309,0.699846,4.59149,3.30295,0.066385,1.59582,NN_Adam
0,0,0,0,0,391.131,-269.271,102.799,5.68016,5.53588,0.512506,2.24465,5.00623,NN_Adam
0,0,0,0,0,-41.4939,293.442,548.872,1.71108,0.778619,0.765316,0.840245,5.36892,NN_Adam
0,0,0,0,0,-137.777,338.852,237.935,1.95663,5.17489,1.66261,1.83345,0.486989,NN_Adam
0,0,0,0,0,51.8865,-191.788,363.005,1.83504,3.82806,4.7887,0.892631,1.34452,NN_Adam
0,0,0,0,0,72.4062,463.063,319.102,1.41548,0.0737383,0.967954,0.733466,2.05852,NN_Adam
0,0,0,0,0,-93.6963,324.248,387.234,1.85201,1.37951,6.01311,0.309349,1.23374,NN_Adam
0,0,0,0,0,162.27,251.866,29.2217,0.998392,4.64598,0.904654,2.92713,4.54565,NN_Adam
0,0,0,0,0,-270.761,185.189,452.717,2.54137,0.642069,1.15822,0.153619,0.988303,NN_Adam
0,0,0,0,0,-21.6536,-436.794,7.67205,1.52121,3.09259,0.281225,1.90009,1.72265,NN_Adam
0,0,0,0,0,-354.229,275.549,293.405,2.48037,0.124754,1.10982,0.333971,0.999488,NN_Adam
0,0,0,0,0,-445.675,49.9663,340.253,3.02959,6.15247,0.443591,2.16809,2.06914,NN_Adam
0,0,0,0,0,-77.8675,-192.733,392.326,4.32821,2.56434,3.93322,2.00809,0.341132,NN_Adam
0,0,0,0,0,119.709,-216.131,535.901,5.21813,0.450825,0.43012,2.31258,5.13599,NN_Adam
0,0,0,0,0,271.116,-51.0809,5.35911,2.95516,3.8872,4.34439,3.60316,6.22657,NN_Adam
0,0,0,0,0,-396.867,-95.2893,277.559,3.3772,0.468381,0.868964,6.18473,0.458783,NN_Adam
0,0,0,0,0,16.3901,520.916,46.2739,1.53937,5.83445,0.203363,1.81256,5.82413,NN_Adam
0,0,0,0,0,298.396,151.913,217.822,0.470643,5.22791,2.47519,0.48833,1.59582,NN_Adam
0,0,0,0,0,-337.445,208.971,299.089,2.58699,0.0918418,1.5371,6.23842,0.999488,NN_Adam
0,0,0,0,0,198.007,217.285,26.6019,0.831784,4.57942,0.984403,2.88638,4.54565,NN_Adam
0,0,0,0,0,-376.641,-344.906,191.846,3.88288,0.282258,0.195346,0.811805,3.41488,NN_Adam
0,0,0,0,0,-339.622,-11.9939,236.009,0.0350944,1.85929,1.04595,2.23953,1.88987,NN_Adam
0,0,0,0,0,-174.317,-321.688,99.4058,1.0741,2.39227,0.719912,2.40677,1.4549,NN_Adam
0,0,0,0,0,383.503,-348.096,41.7506,5.54617,5.79521,0.227977,1.84032,0.00805729,NN_Adam
0,0,0,0,0,-192.598,-89.2397,606.388,3.57529,0.901821,0.221049,1.90472,5.93834,NN_Adam
0,0,0,0,0,-454.516,-105.235,291.914,3.369,6.02925,0.460269,2.16546,0.322384,NN_Adam
0,0,0,0,0,148.447,-367.189,229.949,5.09655,0.88103,6.20966,0.0978439,2.87431,NN_Adam
0,0,0,0,0,-1.90675,438.128,86.687,1.57495,0.197945,0.389896,0.116042,5.82413,NN_Adam
0,0,0,0,0,234.546,-182.549,8.40829,2.48016,3.9572,4.37626,3.39453,6.22657,NN_Adam
0,0,0,0,0,376.201,-189.858,304.238,2.67412,2.46994,0.851074,0.989277,2.71482,NN_Adam
0,0,0,0,0,-333.175,-420.413,86.5862,4.0422,6.09522,0.0564854,1.63891,0.291986,NN_Adam
0,0,0,0,0,-228.801,155.854,105.853,2.54331,4.35385,1.67069,2.51926,0.164514,NN_Adam
0,0,0,0,0,-113.164,350.043,88.0457,5.02502,2.4621,0.639244,2.44929,2.53861,NN_Adam
0,0,0,0,0,-61.5669,-245.913,175.389,4.46679,5.54272,3.21178,5.61025,1.26648,NN_Adam
0,0,0,0,0,-384.851,176.351,94.4557,2.71186,6.15345,1.11487,6.13807,1.75357,NN_Adam
0,0,0,0,0,69.0801,-465.972,289.902,4.8591,6.04891,0.427868,2.15487,2.3339,NN_Adam
0,0,0,0,0,15.747,354.017,139.544,1.52627,1.35741,4.88876,0.821339,1.11678,NN_Adam
0,0,0,0,0,-51.7722,125.595,412.734,1.96171,5.88734,1.60824,2.34379,3.33779,NN_Adam
0,0,0,0,0,-187.302,-237.881,242.094,0.903607,4.15602,4.87499,1.03001,0.721104,NN_Adam
0,0,0,0,0,-20.4761,-525.882,103.018,4.67339,5.90801,0.238763,1.85095,5.80573,NN_Adam
0,0,0,0,0,-88.4163,-4.0928,615.041,3.18779,0.873245,0.754388,1.68113,3.33779,NN_Adam
0,0,0,0,0,184.222,223.725,130.53,0.881833,4.77847,1.17293,2.89461,4.54565,NN_Adam
0,0,0,0,0,225.891,-86.1395,272.091,5.9186,5.0112,2.87777,0.653879,0.955645,NN_Adam
0,0,0,0,0,-367.71,108.876,6.22956,2.85364,6.04407,0.964811,6.0294,1.75357,NN_Adam
0,0,0,0,0,461.575,262.656,86.8405,0.516833,6.01165,0.39085,1.29116,2.32665,NN_Adam
0,0,0,0,0,203.864,-483.573,102.979,5.11131,5.88925,0.257601,1.86317,6.27677,NN_Adam
0,0,0,0,0,-122.779,-335.277,88.8499,1.21957,2.23069,1.21367,1.96924,6.08012,NN_Adam
0,0,0,0,0,-520.225,126.535,87.4695,2.90294,6.05807,0.0884156,1.67744,4.41349,NN_Adam
0,0,0,0,0,-265.945,18.6765,427.91,3.07108,0.686371,1.59731,5.94943,0.988303,NN_Adam
0,0,0,0,0,-317.247,356.715,106.165,2.29761,6.05809,0.971495,0.357002,0.999488,NN_Adam
0,0,0,0,0,-12.8546,114.198,286.593,1.68282,0.434222,4.27934,4.98496,6.17791,NN_Adam
0,0,0,0,0,169.576,-278.695,408.48,2.11731,3.28548,5.32938,1.35386,1.90659,NN_Adam
0,0,0,0,0,-469.245,125.183,124.425,2.8808,0.387038,6.20047,0.672989,4.41349,NN_Adam
0,0,0,0,0,-345.58,-213.119,99.5107,3.69412,5.36667,1.98156,0.308409,1.26648,NN_Adam
0,0,0,0,0,78.606,-380.57,356.784,4.91598,6.05294,0.541907,2.47165,2.3339,NN_Adam
0,0,0,0,0,-132.116,-252.011,455.946,1.08781,1.68039,0.618856,2.16082,6.01895,NN_Adam
0,0,0,0,0,-97.5187,203.381,443.771,2.01772,2.29205,4.79038,1.16585,5.93834,NN_Adam
0,0,0,0,0,-61.3964,370.498,19.8525,4.87636,2.70007,0.613776,2.29701,2.53861,NN_Adam
0,0,0,0,0,48.2451,492.233,136.03,1.47289,6.12622,0.851824,0.532492,1.38371,NN_Adam
0,0,0,0,0,-141.93,8.39876,296.402,3.08246,1.42411,2.06766,4.55801,0.988303,NN_Adam
0,0,0,0,0,-23.3914,375.506,374.77,1.63271,0.767664,5.00976,3.09735,6.17791,NN_Adam
0,0,0,0,0,-517.9,-7.79228,200.827,3.15646,6.18491,0.673688,0.975049,0.322384,NN_Adam
0,0,0,0,0,-5.96995,-62.7898,7.32708,1.47595,6.04494,2.83271,3.04002,0.353671,NN_Adam
0,0,0,0,0,-120.795,385.33,475.387,1.87453,0.438898,0.239964,1.84813,5.36892,NN_Adam
0,0,0,0,0,54.8793,423.851,113.515,1.4419,0.310456,0.364723,0.0326113,5.82413,NN_Adam
0,0,0,0,0,152.155,-11.7989,83.9729,6.2054,2.8625,3.84663,0.307997,4.42808,NN_Adam
0,0,0,0,0,254.418,342.574,121.624,0.931702,6.12065,5.33326,3.27063,5.4464,NN_Adam
0,0,0,0,0,-371.637,-176.204,287.994,3.5842,0.407873,0.975523,6.2233,0.458783,NN_Adam
0,0,0,0,0,370.007,-228.483,239.95,2.58819,2.47935,0.417136,1.97782,0.428259,NN_Adam
0,0,0,0,0,279.832,-357.893,400.636,5.37573,0.219638,0.264681,1.89237,0.586595,NN_Adam
0,0,0,0,0,-407.158,309.837,260.082,2.491,6.24864,0.653139,1.13717,0.999488,NN_Adam
0,0,0,0,0,408.34,-330.139,158.704,5.60324,5.9881,0.264765,1.88466,0.00805729,NN_Adam
0,0,0,0,0,-182.361,416.011,37.1286,5.12513,3.13264,0.191391,1.79803,2.53861,NN_Adam
0,0,0,0,0,310.541,-90.9374,251.783,2.85681,2.25917,1.93913,0.0220824,2.71482,NN_Adam
0,0,0,0,0,217.026,-254.133,103.006,2.27762,4.27828,4.25349,2.50253,0.247987,NN_Adam
0,0,0,0,0,441.017,-16.283,165.797,3.10454,2.65031,0.338554,2.07463,5.89801,NN_Adam
0,0,0,0,0,-179.641,-332.906,193.573,4.21741,5.73931,2.14947,6.21092,1.26648,NN_Adam
0,0,0,0,0,-74.2534,406.168,269.105,1.75148,5.54658,1.24975,1.88265,0.486989,NN_Adam
0,0,0,0,0,-216.933,-124.852,77.2588,3.66385,0.421588,0.230841,5.48537,0.954884,NN_Adam
0,0,0,0,0,70.9493,-167.423,23.6858,1.97141,5.07023,3.3474,3.01518,2.21858,NN_Adam
0,0,0,0,0,268.723,-0.73431,145.3,3.13834,3.62645,3.88397,3.74747,6.22657,NN_Adam
0,0,0,0,0,212.805,-268.821,133.521,2.24028,4.18172,4.30847,2.45136,0.247987,NN_Adam
0,0,0,0,0,194.507,-404.639,145.737,2.01883,2.72719,0.354584,1.96699,4.79934,NN_Adam
0,0,0,0,0,-336.835,100.473,142.564,2.85148,0.377972,0.749948,5.72092,1.75357,NN_Adam
0,0,0,0,0,83.9227,-233.253,47.6312,1.91597,4.77428,3.71106,2.75898,2.21858,NN_Adam
0,0,0,0,0,-248.871,-44.723,545.67,3.31913,1.76542,5.1816,1.75664,5.93834,NN_Adam
0,0,0,0,0,-257.227,-24.7837,152.11,3.23754,1.69613,3.2244,2.85631,3.28783,NN_Adam
0,0,0,0,0,354.45,-221.492,293.601,2.58298,2.44144,0.956611,0.932175,2.71482,NN_Adam
0,0,0,0,0,-124.306,342.103,182.951,1.91925,6.17275,1.87094,5.71855,4.84654,NN_Adam
0,0,0,0,0,-356.737,115.119,143.533,2.82921,0.326452,0.759936,5.84942,1.75357,NN_Adam
0,0,0,0,0,-43.733,-408.23,123.988,1.46391,2.44876,0.817207,1.95142,1.72265,NN_Adam
0,0,0,0,0,121.066,-331.354,520.164,5.06264,0.53539,0.272134,1.89165,5.13599,NN_Adam
0,0,0,0,0,175.273,-297.046,256.965,2.10369,3.82977,4.47468,2.27947,0.247987,NN_Adam
0,0,0,0,0,412.64,109.629,92.9916,3.40103,2.94233,1.03004,0.67118,0.917386,NN_Adam
0,0,0,0,0,-32.4666,291.872,87.5557,1.68145,4.3526,1.70045,2.36474,0.164514,NN_Adam
0,0,0,0,0,-199.232,273.79,353.038,2.19974,1.15332,0.151251,6.24137,2.03274,NN_Adam
0,0,0,0,0,518.286,-13.1641,234.412,6.25774,6.15304,0.256667,1.87323,2.89142,NN_Adam
0,0,0,0,0,428.21,115.492,108.358,3.40489,2.76392,0.411863,1.96814,5.88884,NN_Adam
0,0,0,0,0,351.7,-348.729,203.457,5.50186,6.1458,0.955382,0.655804,5.34562,NN_Adam
0,0,0,0,0,-340.379,-225.138,228.449,0.584258,3.71026,5.13461,1.71914,0.721104,NN_Adam
0,0,0,0,0,-59.6568,-384.575,315.327,1.41676,3.47144,5.19628,1.7108,1.34452,NN_Adam
0,0,0,0,0,-227.723,-111.857,299.491,3.59808,5.79178,2.81551,6.15336,1.26648,NN_Adam
0,0,0,0,0,-50.0386,284.41,455.532,1.74483,1.05211,4.94624,3.19713,6.17791,NN_Adam
0,0,0,0,0,-379.54,116.987,300.402,2.84255,5.9768,0.294503,2.76961,2.06914,NN_Adam
0,0,0,0,0,303.149,-138.489,261.894,2.713,2.268,1.83474,0.0959835,2.71482,NN_Adam
0,0,0,0,0,-103.586,104.169,438.33,2.35308,5.97759,1.63059,2.12828,3.33779,NN_Adam
0,0,0,0,0,108.201,-3.86271,64.4969,3.10579,6.00852,2.78594,2.78535,0.353671,NN_Adam
0,0,0,0,0,500.271,-195.661,107.932,5.9103,6.09246,0.0936266,1.68364,5.00623,NN_Adam
0,0,0,0,0,243.846,205.307,220.505,0.699575,5.28389,0.976559,2.85132,0.0620472,NN_Adam
0,0,0,0,0,303.399,316.07,228.81,0.805673,0.00796622,5.61504,3.08162,5.4464,NN_Adam
0,0,0,0,0,20.3844,-413.281,372.519,1.61992,2.86153,5.84373,1.84389,1.34452,NN_Adam
0,0,0,0,0,-163.581,-364.369,15.3316,1.14869,2.70526,0.982393,1.64784,6.08012,NN_Adam
0,0,0,0,0,-223.918,-94.0407,24.0288,3.53909,0.221588,0.157259,5.59209,0.954884,NN_Adam
0,0,0,0,0,416.42,16.7692,240.438,3.1818,3.24071,5.22935,2.53184,5.89801,NN_Adam
0,0,0,0,0,22.5338,23.039,166.046,0.796509,4.50852,1.61921,3.78843,1.6879,NN_Adam
0,0,0,0,0,-267.103,30.1763,314.01,3.02891,0.777944,1.49719,5.37166,0.988303,NN_Adam
0,0,0,0,0,-110.746,-400.124,169.056,1.30072,2.47105,0.489753,2.22147,1.72265,NN_Adam
0,0,0,0,0,-19.8017,-254.421,86.1476,1.4929,1.65161,2.31044,1.31527,5.01784,NN_Adam
0,0,0,0,0,-471.393,-117.276,340.111,3.385,0.212346,0.599522,1.05078,6.25163,NN_Adam
0,0,0,0,0,15.4122,-28.831,199.383,5.20322,4.75397,1.81282,3.53524,1.6879,NN_Adam
0,0,0,0,0,478.554,90.0959,297.936,0.186039,6.15994,0.373873,1.99864,2.89142,NN_Adam
0,0,0,0,0,80.0315,39.2276,46.0832,3.59727,6.05529,2.75234,2.91107,0.353671,NN_Adam
0,0,0,0,0,-92.4579,331.421,390.611,1.84282,1.33867,6.05639,0.328254,1.23374,NN_Adam
0,0,0,0,0,28.7976,-8.85317,212.455,5.98476,4.57368,1.95478,3.43965,1.6879,NN_Adam
0,0,0,0,0,239.409,-199.394,410.657,5.58859,1.64818,4.35478,2.58927,0.586595,NN_Adam
0,0,0,0,0,-373.411,-108.163,394.153,0.281895,2.25873,0.29345,1.91662,1.88987,NN_Adam
0,0,0,0,0,414.998,-180.004,421.106,5.87388,0.370917,0.17139,1.77803,0.881721,NN_Adam
0,0,0,0,0,361.503,119.567,51.1788,3.46083,3.0092,1.37931,0.269684,0.917386,NN_Adam
0,0,0,0,0,345.984,46.0167,182.666,0.13208,4.85903,1.81669,1.86163,2.76285,NN_Adam
0,0,0,0,0,24.8371,-180.066,458.914,1.70782,0.979568,1.60822,1.58203,6.01895,NN_Adam
0,0,0,0,0,-181.881,-306.744,362.175,1.03549,2.04495,0.377592,2.34248,1.4549,NN_Adam
0,0,0,0,0,-73.4062,-217.25,158.978,4.38652,5.36431,3.42028,5.60585,1.26648,NN_Adam
0,0,0,0,0,-94.5353,447.651,331.479,1.77879,6.25149,1.10988,0.821814,2.05852,NN_Adam
0,0,0,0,0,-185.531,472.811,168.487,1.94468,5.8618,0.392176,2.02096,0.486989,NN_Adam
0,0,0,0,0,192.296,-257.723,486.193,5.3531,1.41317,4.95536,2.41666,0.586595,NN_Adam
0,0,0,0,0,258.812,-119.894,33.6296,2.70752,3.93496,4.19751,3.51833,6.22657,NN_Adam
0,0,0,0,0,193.353,-23.7211,250.091,3.01957,3.31989,3.32885,3.95797,6.22657,NN_Adam
0,0,0,0,0,197.267,245.847,165.931,0.8944,4.96485,1.17885,2.75174,4.54565,NN_Adam
0,0,0,0,0,320.997,-236.938,450.759,5.64722,1.06889,5.34789,2.19748,0.586595,NN_Adam
0,0,0,0,0,-209.033,428.949,191.703,2.02403,6.18456,1.0508,0.386125,6.07848,NN_Adam
0,0,0,0,0,-305.096,8.22581,224.416,6.25621,1.72589,1.12422,2.41624,1.88987,NN_Adam
0,0,0,0,0,-239.067,30.6701,96.7762,6.15546,2.62102,6.10221,3.67474,3.84344,NN_Adam
0,0,0,0,0,-88.4024,53.4683,531.646,2.59763,0.283697,1.36695,1.8076,3.33779,NN_Adam
0,0,0,0,0,323.067,-205.057,407.997,5.71753,1.31887,4.84833,2.30743,0.586595,NN_Adam
0,0,0,0,0,-40.0313,-230.107,240.925,4.5401,2.72885,3.36652,2.02319,0.341132,NN_Adam
0,0,0,0,0,113.134,454.152,203.177,1.32642,0.00102224,1.01858,0.27638,1.38371,NN_Adam
0,0,0,0,0,-350.151,-151.759,213.436,3.55054,0.561529,0.616208,5.97172,0.458783,NN_Adam
0,0,0,0,0,-226.577,-164.028,164.442,3.76788,5.55572,2.98812,5.66847,1.26648,NN_Adam
0,0,0,0,0,261.543,-440.038,6.74169,5.24861,5.76127,0.197074,1.80423,6.0557,NN_Adam
0,0,0,0,0,272.236,-146.886,222.361,2.64666,1.73827,2.14603,0.763655,1.09903,NN_Adam
0,0,0,0,0,-91.7093,211.884,563.173,1.9792,1.07792,0.746755,0.500062,5.36892,NN_Adam
0,0,0,0,0,-217.555,-143.984,212.485,3.72614,5.52965,3.05973,5.88206,1.26648,NN_Adam
0,0,0,0,0,-210.984,-304.96,111.701,0.96547,2.38612,0.683307,2.41122,1.4549,NN_Adam
0,0,0,0,0,287.185,-145.736,345.597,2.67198,2.86295,0.630282,0.021117,2.38395,NN_Adam
0,0,0,0,0,-82.647,232.067,606.969,1.91287,1.06808,0.0563252,1.63915,5.36892,NN_Adam
0,0,0,0,0,315.119,-202.885,287.876,2.56944,2.09562,0.566606,2.30784,0.428259,NN_Adam
0,0,0,0,0,98.257,-276.295,291.953,5.05399,1.2227,0.092737,5.88948,2.87431,NN_Adam
0,0,0,0,0,177.829,254.191,238.379,0.96026,0.0793831,2.26258,5.43075,4.84654,NN_Adam
0,0,0,0,0,-91.9215,332.508,57.6505,4.98194,2.46297,0.729141,2.49224,2.53861,NN_Adam
0,0,0,0,0,-358.853,176.521,391.912,2.68435,0.0409276,0.238136,2.47435,2.06914,NN_Adam
0,0,0,0,0,-209.838,-290.566,461.971,0.944842,2.28087,0.150317,1.75271,2.04068,NN_Adam
0,0,0,0,0,488.274,-61.4754,93.4637,6.15785,5.60502,0.482688,2.0929,1.50097,NN_Adam
0,0,0,0,0,-176.825,-404.364,197,1.1585,2.58072,0.385429,2.00697,1.4549,NN_Adam
0,0,0,0,0,205.314,-148.039,18.678,2.51664,4.01411,4.00599,3.69076,6.22657,NN_Adam
0,0,0,0,0,265.591,104.455,238.901,3.51607,3.35128,4.11722,3.53058,6.22657,NN_Adam
0,0,0,0,0,-308.879,310.926,260.815,2.35264,0.434729,0.678211,0.117524,0.572269,NN_Adam
0,0,0,0,0,-314.713,61.3867,509.105,2.94874,0.379983,0.366927,2.18759,0.390971,NN_Adam
0,0,0,0,0,-300.706,-405.015,275.324,4.07355,6.21698,0.727705,1.16713,3.41488,NN_Adam
0,0,0,0,0,76.963,-138.862,60.0672,5.21839,0.989855,5.14573,5.98943,5.26321,NN_Adam
0,0,0,0,0,-136.299,-54.6768,91.0373,0.381421,5.61449,2.9896,2.66466,5.50527,NN_Adam
0,0,0,0,0,-476.327,-87.7761,309.68,3.32378,6.19429,0.369042,1.98461,0.322384,NN_Adam
0,0,0,0,0,300.221,315.665,158.903,0.810371,6.09084,5.61112,3.15961,5.4464,NN_Adam
0,0,0,0,0,215.672,-161.324,238.941,2.49918,1.49912,2.40053,0.673649,1.09903,NN_Adam
0,0,0,0,0,33.0318,-195.364,220.214,4.87977,1.6166,5.6533,5.76272,5.26321,NN_Adam
0,0,0,0,0,-75.5307,397.286,333.213,1.75847,5.77995,1.24719,1.71997,0.486989,NN_Adam
0,0,0,0,0,178.572,401.251,172.147,1.15201,0.0363478,1.08082,6.24898,1.38371,NN_Adam
0,0,0,0,0,378.433,-352.267,64.7295,5.53353,5.78163,0.279027,1.89478,0.00805729,NN_Adam
0,0,0,0,0,-63.2055,25.1881,71.643,2.76253,5.86834,1.45855,4.30659,0.914063,NN_Adam
0,0,0,0,0,71.6103,-13.4387,46.9623,2.95605,6.08043,2.65799,3.04569,0.353671,NN_Adam
0,0,0,0,0,-32.8243,-308.649,431.952,1.46472,3.22297,5.18009,1.59729,1.34452,NN_Adam
0,0,0,0,0,-49.9381,289.24,156.186,1.74168,6.25191,2.3987,5.10823,4.84654,NN_Adam
0,0,0,0,0,236.121,406.217,378.881,1.04422,0.201347,0.223872,1.87636,2.83862,NN_Adam
0,0,0,0,0,107.514,-258.395,344.194,1.96492,3.75224,5.00157,1.04773,1.34452,NN_Adam
0,0,0,0,0,-41.4447,-119.282,465.312,1.23585,0.710449,1.68619,1.69884,6.01895,NN_Adam
0,0,0,0,0,-149.424,-299.396,389.725,1.10782,2.73012,5.22032,2.82974,2.04068,NN_Adam
0,0,0,0,0,-281.068,-20.5308,26.2484,0.0728712,2.81074,0.00914877,3.27749,3.84344,NN_Adam
0,0,0,0,0,-411.008,237.738,359.794,2.6171,0.177217,0.679785,1.10701,0.999488,NN_Adam
0,0,0,0,0,48.7397,-212.745,133.016,4.93753,1.25842,5.44852,5.92612,5.26321,NN_Adam
0,0,0,0,0,-221.038,-368.695,413.514,4.17215,0.134486,0.406779,1.97343,1.21809,NN_Adam
0,0,0,0,0,58.6997,-256.935,284.514,1.79545,4.06215,4.90787,0.837643,1.34452,NN_Adam
0,0,0,0,0,7.33305,64.0327,113.842,4.59834,5.85584,2.32733,3.27253,0.353671,NN_Adam
0,0,0,0,0,164.883,-116.141,180.372,2.52776,3.56819,3.17869,4.07669,6.22657,NN_Adam
0,0,0,0,0,163.331,-168.822,213.297,2.33939,2.76712,4.58723,4.16516,2.27078,NN_Adam
0,0,0,0,0,243.69,-144.949,97.3563,2.6049,3.80699,4.01798,3.59137,6.22657,NN_Adam
0,0,0,0,0,-231.895,314.992,242.219,2.20546,0.507287,0.799058,6.01506,6.07848,NN_Adam
0,0,0,0,0,-13.4405,-520.03,100.316,4.68631,5.83968,0.292311,1.90841,5.80573,NN_Adam
0,0,0,0,0,243.039,250.166,114.296,0.799614,5.80417,5.48993,3.72327,5.4464,NN_Adam
0,0,0,0,0,-350.098,-345.924,342.019,3.92094,0.16159,0.199707,1.80672,3.41488,NN_Adam
0,0,0,0,0,4.23587,456.888,102.746,1.56138,0.138496,0.494626,0.203882,5.82413,NN_Adam
0,0,0,0,0,-215.499,470.519,111.549,2.00024,5.86345,0.222376,2.02101,5.31042,NN_Adam
0,0,0,0,0,-148.968,70.5644,371.067,2.69913,1.09913,2.10016,5.09992,0.988303,NN_Adam
0,0,0,0,0,-226.711,-257.263,463.459,0.848529,2.11529,0.269002,1.89552,0.906681,NN_Adam
0,0,0,0,0,-250.877,-77.9621,220.705,3.44271,1.77696,3.30868,2.98903,3.28783,NN_Adam
0,0,0,0,0,79.0569,121.901,267.875,0.995277,5.02745,1.70297,2.96118,0.786399,NN_Adam
0,0,0,0,0,-7.45444,86.0953,23.1841,4.7986,5.77095,2.84318,3.11533,0.353671,NN_Adam
0,0,0,0,0,11.8981,-374.008,89.1085,1.60251,2.36402,0.952494,2.11369,1.72265,NN_Adam
0,0,0,0,0,-198.63,-267.659,479.893,0.931993,2.13222,0.191188,1.89436,0.906681,NN_Adam
0,0,0,0,0,288.83,-395.917,273.229,5.34245,6.08279,0.3825,2.04412,5.34562,NN_Adam
0,0,0,0,0,-86.6005,-128.061,102.507,4.11763,1.10038,5.32128,5.75621,5.26321,NN_Adam
0,0,0,0,0,-116.885,89.915,536.549,2.48596,0.262007,1.29856,1.75,3.33779,NN_Adam
0,0,0,0,0,125.975,109.028,184.619,0.713357,4.57519,1.5197,3.22708,1.14695,NN_Adam
0,0,0,0,0,-104.523,-317.139,338.862,1.25232,1.92944,0.470665,2.51759,1.4549,NN_Adam
0,0,0,0,0,112.808,281.648,218.365,1.18968,0.0765827,2.32038,5.30924,4.84654,NN_Adam
0,0,0,0,0,-246.788,-347.386,240.59,0.953079,3.41841,5.23219,2.15191,0.721104,NN_Adam
0,0,0,0,0,-306.808,-75.2774,72.4593,0.240509,2.81153,6.03652,3.2963,3.84344,NN_Adam
0,0,0,0,0,490.476,-179.292,167.486,5.93269,5.9785,0.291063,1.90635,2.70961,NN_Adam
0,0,0,0,0,224.101,484.255,141.668,1.13729,6.10762,0.425372,1.26647,1.38371,NN_Adam
0,0,0,0,0,467.185,191.32,242.414,0.38834,6.13018,0.849029,1.02427,2.89142,NN_Adam
0,0,0,0,0,257.268,300.137,96.2706,0.862081,5.91619,5.41791,3.45566,5.4464,NN_Adam
0,0,0,0,0,-352.468,-48.7367,97.0941,3.27909,0.31775,0.530575,5.84281,0.721104,NN_Adam
0,0,0,0,0,302.272,-285.081,351.989,5.52682,0.417145,0.978806,0.217477,5.34562,NN_Adam
0,0,0,0,0,109.044,-319.325,208.137,1.89967,1.76486,1.61709,1.60394,6.03257,NN_Adam
0,0,0,0,0,268.952,-271.576,221.309,2.35129,3.76478,4.71427,2.25912,0.247987,NN_Adam
0,0,0,0,0,-264.392,-207.455,409.623,0.665114,2.0881,1.2058,0.666664,1.46502,NN_Adam
0,0,0,0,0,63.0712,-381.101,267.77,4.8762,5.73718,0.55614,2.72559,2.3339,NN_Adam
0,0,0,0,0,-273.022,-390.531,394.336,4.10225,0.473434,0.028969,1.60595,1.21809,NN_Adam
0,0,0,0,0,-157.353,-472.285,79.9598,4.39059,5.94443,0.856418,0.664902,0.291986,NN_Adam
0,0,0,0,0,-295.879,198.175,523.575,2.55125,0.600059,0.561686,1.2712,2.39757,NN_Adam
0,0,0,0,0,-264.847,261.285,263.174,2.36283,0.689886,0.62762,5.9884,6.07848,NN_Adam
0,0,0,0,0,276.393,-197.556,59.2092,2.52069,3.83434,4.51645,3.16108,6.22657,NN_Adam
0,0,0,0,0,174.938,-203.18,134.492,5.42316,1.20489,5.4821,6.13748,5.26321,NN_Adam
0,0,0,0,0,-183.343,-110.022,13.2194,3.68202,0.153727,0.100877,5.53487,0.954884,NN_Adam
0,0,0,0,0,177.485,-335.363,13.1627,2.05747,3.06428,1.33873,0.388282,1.63146,NN_Adam
0,0,0,0,0,-382.431,47.2607,459.587,3.0185,0.200136,1.00124,1.16802,1.11345,NN_Adam
0,0,0,0,0,-95.4935,22.1758,112.245,2.91333,0.104873,1.25269,4.35393,0.914063,NN_Adam
0,0,0,0,0,-129.757,-387.973,191.322,1.24773,2.39336,0.517125,2.23864,1.4549,NN_Adam
0,0,0,0,0,-391.055,-76.604,496.633,3.33497,0.652877,0.0908523,1.6811,6.25163,NN_Adam
0,0,0,0,0,-161.402,-290.541,518.221,4.2051,0.451613,0.339643,2.0468,0.165034,NN_Adam
0,0,0,0,0,185.398,-422.484,275.157,5.12596,0.627814,0.173786,0.489609,2.87431,NN_Adam
0,0,0,0,0,338.296,-27.094,209.705,3.06162,2.3765,1.89673,0.0740355,2.71482,NN_Adam
0,0,0,0,0,69.6119,-318.616,318.068,1.78588,3.74693,5.04535,1.23178,1.34452,NN_Adam
0,0,0,0,0,204.376,-205.981,562.349,5.49366,0.663701,0.286133,1.92819,0.596705,NN_Adam
0,0,0,0,0,-21.6497,-366.515,327.952,1.51171,3.53924,5.13467,1.56751,1.34452,NN_Adam
0,0,0,0,0,-115.943,395.883,380.622,1.8556,1.00898,6.21451,0.599701,1.23374,NN_Adam
0,0,0,0,0,-343.975,-322.648,55.6878,3.89491,5.615,1.26716,0.637485,1.08158,NN_Adam
0,0,0,0,0,306.814,165.058,238.319,0.493415,5.33516,2.33584,0.581704,1.59582,NN_Adam
0,0,0,0,0,-121.821,136.599,140.613,2.29891,3.96497,1.83561,2.94953,0.164514,NN_Adam
0,0,0,0,0,97.7149,-205.412,197.543,5.15635,1.45159,5.64097,5.86481,5.26321,NN_Adam
0,0,0,0,0,207.533,-351.627,126.47,2.1038,3.40166,0.44967,0.344449,4.79934,NN_Adam
0,0,0,0,0,-445.587,-206.036,272.143,3.57456,6.08757,0.368368,2.04944,0.384745,NN_Adam
0,0,0,0,0,337.421,-399.093,276.63,5.41418,0.169971,0.0729855,1.65955,5.34562,NN_Adam
0,0,0,0,0,398.054,-310.762,20.4596,5.62027,5.66614,0.296035,1.91815,0.00805729,NN_Adam
0,0,0,0,0,161.084,451.903,327.887,1.22778,6.25217,0.349329,1.97054,2.53824,NN_Adam
0,0,0,0,0,91.551,-1.22375,68.5616,3.12793,6.11876,2.65167,2.89612,0.353671,NN_Adam
0,0,0,0,0,-229.654,106.133,26.0592,2.70888,4.14183,1.48187,2.6678,0.164514,NN_Adam
0,0,0,0,0,-82.6835,239.1,172.412,1.90363,4.33166,1.98923,2.3879,0.486989,NN_Adam
0,0,0,0,0,-295.843,401.103,222.036,2.20608,6.15612,0.925645,0.762262,6.07848,NN_Adam
0,0,0,0,0,33.4527,174.306,242.541,1.38116,0.044951,4.28361,4.91026,6.17791,NN_Adam
0,0,0,0,0,399.167,-62.2556,50.1223,2.98671,2.62561,0.840957,1.88693,5.88884,NN_Adam
0,0,0,0,0,-82.838,-457.137,97.3996,1.39154,3.01859,0.183047,1.79233,1.72265,NN_Adam
0,0,0,0,0,-63.7036,231.329,395.006,1.83944,0.939489,4.57515,3.82485,6.17791,NN_Adam
0,0,0,0,0,294.838,-334.539,253.6,5.43474,0.69453,0.0940763,0.36304,2.87431,NN_Adam
0,0,0,0,0,257.893,421.037,245.168,1.02103,6.04223,1.01441,0.985827,5.73413,NN_Adam
0,0,0,0,0,-168.047,-376.21,471.839,4.29227,0.473608,0.194008,1.8041,0.165034,NN_Adam
0,0,0,0,0,224.996,248.524,83.7007,0.834949,4.82453,1.03956,2.72317,4.54565,NN_Adam
0,0,0,0,0,42.6354,-198.43,245.603,1.78237,2.57396,4.46886,4.31799,2.27078,NN_Adam
0,0,0,0,0,-422.21,-177.536,242.914,3.53944,0.197949,0.89187,0.228487,0.458783,NN_Adam
0,0,0,0,0,-240.181,-38.1414,133.822,3.299,1.7111,3.12641,2.86553,3.28783,NN_Adam
0,0,0,0,0,93.1089,477.234,321.412,1.37787,0.103287,0.745647,0.987191,2.05852,NN_Adam
0,0,0,0,0,150.899,359.005,238.296,1.17268,6.16025,1.79428,6.07175,4.84654,NN_Adam
0,0,0,0,0,-267.271,-9.67691,335.62,3.17752,0.78147,1.54153,5.44289,0.988303,NN_Adam
0,0,0,0,0,105.731,-397.736,368.917,4.97202,6.15081,0.501155,2.29996,2.3339,NN_Adam
0,0,0,0,0,135.081,-32.8686,240.82,6.04421,4.62567,3.66985,0.177259,0.955645,NN_Adam
0,0,0,0,0,334.611,-304.167,236.487,2.4036,3.22396,5.65933,1.96162,0.247987,NN_Adam
0,0,0,0,0,-338.655,-139.481,32.5049,0.390575,2.4718,1.12955,1.87667,0.996245,NN_Adam
0,0,0,0,0,-440.479,-230.436,216.331,3.6234,5.92817,0.407936,2.08039,0.384745,NN_Adam
0,0,0,0,0,-84.8519,73.3545,177.701,5.56998,3.48247,1.17871,4.72764,0.0907237,NN_Adam
0,0,0,0,0,459.328,-167.516,0.355977,5.93343,5.53329,0.366216,1.99837,5.00623,NN_Adam
0,0,0,0,0,-322.152,-253.823,319.853,0.667219,2.9994,5.45,2.3649,0.721104,NN_Adam
0,0,0,0,0,-467.329,88.3085,175.549,2.95473,5.80738,1.34278,0.687681,5.86949,NN_Adam
0,0,0,0,0,-408.916,27.0227,19.2114,3.07552,4.9986,0.927059,2.2466,0.82735,NN_Adam
0,0,0,0,0,-228.177,356.572,269.946,2.13984,0.461617,0.756087,0.0109955,0.572269,NN_Adam
0,0,0,0,0,382.487,58.0058,156.906,0.150166,4.97516,1.69908,1.69862,2.76285,NN_Adam
0,0,0,0,0,-410.948,-76.9902,229.027,3.32649,0.389165,0.803852,6.17083,0.458783,NN_Adam
0,0,0,0,0,-231.307,-112.781,22.6258,3.59513,0.212588,0.202641,5.63284,0.954884,NN_Adam
0,0,0,0,0,-45.9425,368.215,3.83618,4.83642,2.73667,0.627096,2.27904,2.53861,NN_Adam
0,0,0,0,0,1.99055,-504.587,305.836,4.71629,0.0688959,0.21194,1.82383,0.165034,NN_Adam
0,0,0,0,0,419.128,-195.534,301.676,5.84661,6.03821,0.492769,2.14378,2.70961,NN_Adam
0,0,0,0,0,503.953,80.807,121.337,0.158629,5.85292,0.903012,0.993963,2.89142,NN_Adam
0,0,0,0,0,407.096,92.8607,254.409,0.224111,5.48361,1.4929,1.53055,2.76285,NN_Adam
0,0,0,0,0,-47.6002,465.957,109.164,1.67254,0.0970663,0.535905,0.281021,5.82413,NN_Adam
0,0,0,0,0,-324.283,-358.902,96.4347,3.97754,5.68097,1.22649,0.752538,1.08158,NN_Adam
0,0,0,0,0,-271.98,-132.655,466.526,0.453645,1.84504,0.4219,2.13301,1.88987,NN_Adam
0,0,0,0,0,-26.942,-345.231,56.7954,1.49271,2.35409,1.03171,2.20446,1.72265,NN_Adam
0,0,0,0,0,-56.4716,-408.893,463.974,4.57513,0.40305,0.243214,1.85818,0.415395,NN_Adam
0,0,0,0,0,-211.034,141.015,338.127,2.55235,0.437442,2.30549,5.45313,6.17791,NN_Adam
0,0,0,0,0,-42.4897,-374.407,476.738,4.5992,0.319833,0.343336,2.05021,0.415395,NN_Adam
0,0,0,0,0,-427.963,-209.554,372.591,3.59688,0.213991,0.212149,1.82499,3.41488,NN_Adam
0,0,0,0,0,-126.995,-191.471,305.401,4.1267,2.58341,3.54764,2.18402,0.341132,NN_Adam
0,0,0,0,0,-181.297,388.687,101.969,5.14871,2.69701,0.44791,2.10349,2.53861,NN_Adam
0,0,0,0,0,75.7358,123.489,278.767,1.02073,5.08416,1.72245,2.9038,0.786399,NN_Adam
0,0,0,0,0,-96.2108,-248.774,386.641,1.20168,1.49876,0.839361,2.43,6.01895,NN_Adam
0,0,0,0,0,-234.073,247.143,432.166,2.32888,1.21566,0.0832798,0.316628,2.03274,NN_Adam
0,0,0,0,0,67.7376,175.244,43.9697,4.3435,5.2061,3.35808,2.7533,0.353671,NN_Adam
0,0,0,0,0,50.2421,-86.3157,78.178,5.23949,1.14221,4.88524,5.90803,5.26321,NN_Adam
0,0,0,0,0,28.7244,339.713,474.282,1.48623,0.32042,1.26969,0.70036,0.374479,NN_Adam
0,0,0,0,0,-438.839,-272.267,218.135,3.69676,6.0744,0.295566,1.91871,0.384745,NN_Adam
0,0,0,0,0,201.903,-257.567,355.356,2.23553,3.53315,5.27413,1.13096,1.90659,NN_Adam
0,0,0,0,0,205.015,107.549,72.4943,3.62456,4.99146,3.60372,2.51571,0.353671,NN_Adam
0,0,0,0,0,384.026,-207.938,108.584,5.78684,5.38934,0.576042,2.49758,5.00623,NN_Adam
0,0,0,0,0,-310.16,405.088,193.44,2.22415,6.03994,0.870225,0.964078,0.999488,NN_Adam
0,0,0,0,0,-198.591,-96.4997,89.6067,3.59385,1.6995,3.04215,2.75431,3.28783,NN_Adam
0,0,0,0,0,-230.082,115.688,241.18,2.67565,0.805975,3.26772,4.20996,6.17791,NN_Adam
0,0,0,0,0,230.115,128.814,134.457,0.51037,4.76028,3.04968,0.0775739,1.59582,NN_Adam
0,0,0,0,0,-304.763,142.05,198.187,2.70511,0.38634,1.22069,5.5341,1.75357,NN_Adam
0,0,0,0,0,146.462,-416.671,213.667,5.05027,0.653881,0.0621255,0.29049,2.87431,NN_Adam
0,0,0,0,0,-3.79066,-203.703,489.431,4.6938,0.218616,0.641861,2.60136,5.13599,NN_Adam
0,0,0,0,0,23.5115,506.261,111.806,1.5242,5.73472,0.410761,2.00818,5.82413,NN_Adam
0,0,0,0,0,-55.441,-377.863,120.325,1.42502,2.31698,0.909879,2.1197,1.72265,NN_Adam
0,0,0,0,0,-125.327,-434.091,100.154,4.43124,6.25359,0.814218,0.100479,0.291986,NN_Adam
0,0,0,0,0,45.9753,-225.779,53.4347,1.77163,4.86424,3.58489,2.78787,2.21858,NN_Adam
0,0,0,0,0,-199.229,463.765,77.468,1.97643,6.14775,5.72609,2.43644,5.31042,NN_Adam
0,0,0,0,0,-381.695,-227.869,169.671,3.67962,5.60769,0.458115,2.5407,0.384745,NN_Adam
0,0,0,0,0,-282.49,-134.844,369.871,0.44529,1.62194,1.58604,1.14233,1.88987,NN_Adam
0,0,0,0,0,363.797,-106.317,26.2299,2.85702,3.45682,0.849269,0.167458,3.16442,NN_Adam
0,0,0,0,0,-317.216,-5.21815,505.058,3.15794,0.327803,0.448017,2.17505,0.390971,NN_Adam
0,0,0,0,0,-514.4,19.2771,203.687,3.10403,6.11327,0.767308,1.005,0.322384,NN_Adam
0,0,0,0,0,-314.383,-31.063,80.7722,0.0983849,2.79855,6.00728,3.31841,3.84344,NN_Adam
0,0,0,0,0,-68.7443,-374.624,228.571,1.38919,2.01398,1.33927,1.4976,6.03257,NN_Adam
0,0,0,0,0,-218.359,19.5338,289.648,3.05227,2.00963,3.24293,3.1749,3.28783,NN_Adam
0,0,0,0,0,263.084,-273.207,271.406,2.33714,3.55294,4.78938,2.33906,0.247987,NN_Adam
0,0,0,0,0,138.008,345.133,67.4383,1.19032,1.07565,4.83714,1.06474,1.11678,NN_Adam
0,0,0,0,0,313.63,374.32,28.2869,0.873258,5.53027,0.410311,2.06325,5.4464,NN_Adam
0,0,0,0,0,-142.169,371.29,186.679,1.93624,6.12083,1.68977,5.99706,4.84654,NN_Adam
0,0,0,0,0,-313.67,-146.446,299.417,3.57798,0.727688,0.860836,5.86038,0.458783,NN_Adam
0,0,0,0,0,-395.655,207.357,172.641,2.65877,5.98774,1.45111,0.169617,0.999488,NN_Adam
0,0,0,0,0,24.0298,176.826,125.838,1.43551,3.06557,3.8141,0.450046,1.68825,NN_Adam
0,0,0,0,0,-236.873,389.389,185.712,2.11717,0.177839,0.786653,0.130018,6.07848,NN_Adam
0,0,0,0,0,-490.007,53.2853,204.424,3.03305,6.05747,1.05207,0.710839,0.322384,NN_Adam
0,0,0,0,0,165.601,-125.484,139.057,2.49297,3.64751,3.22595,4.15906,6.22657,NN_Adam
0,0,0,0,0,238.938,-21.5307,152.699,3.05155,3.53411,3.64837,4.00079,6.22657,NN_Adam
0,0,0,0,0,-389.378,22.2236,248.214,3.08451,0.486096,0.871882,6.00151,0.458783,NN_Adam
0,0,0,0,0,207.059,484.615,199.01,1.16666,6.16469,0.541498,1.21598,1.38371,NN_Adam
0,0,0,0,0,132.874,288.025,51.6326,1.13845,1.22814,4.65618,0.916771,1.11678,NN_Adam
0,0,0,0,0,340.451,-171.116,149.346,2.67581,2.30677,1.64576,0.826226,0.246225,NN_Adam
0,0,0,0,0,164.681,198.637,121.875,0.878523,4.63475,1.22212,3.01518,4.54565,NN_Adam
0,0,0,0,0,-276.755,344.915,93.9128,2.24687,0.146341,0.511954,0.0966579,6.07848,NN_Adam
0,0,0,0,0,-289.337,23.5114,93.9514,6.20197,2.70015,6.05305,3.44867,3.84344,NN_Adam
0,0,0,0,0,207.612,-187.227,78.8464,2.40745,3.85159,4.02394,3.60772,6.22657,NN_Adam
0,0,0,0,0,-421.834,-231.747,105.764,3.6438,5.59343,0.442564,2.24634,0.384745,NN_Adam
0,0,0,0,0,529.619,-28.9754,189.17,6.22848,6.13272,0.19452,1.80348,2.89142,NN_Adam
0,0,0,0,0,-247.628,-279.648,165.667,3.98761,5.68949,2.18958,6.12092,1.26648,NN_Adam
0,0,0,0,0,378.062,-88.4561,117.015,2.91161,2.35722,0.883275,2.09023,5.88884,NN_Adam
0,0,0,0,0,-335.774,-303.305,116.99,3.87607,5.65831,1.54816,0.429207,1.08158,NN_Adam
0,0,0,0,0,-223.585,-170.759,132.347,3.79351,5.49077,2.97462,5.60337,1.26648,NN_Adam
0,0,0,0,0,289.213,370.327,99.8566,0.907686,0.673895,4.95682,1.93371,1.11678,NN_Adam
0,0,0,0,0,-199.166,352.255,421.061,2.08521,0.476926,0.881855,0.543481,5.36892,NN_Adam
0,0,0,0,0,-57.6543,81.1566,470.778,2.1883,6.22117,1.62506,2.00082,3.33779,NN_Adam
0,0,0,0,0,-235.343,12.5544,288.149,3.08825,1.94037,3.33136,3.11774,3.28783,NN_Adam
0,0,0,0,0,-278.525,396.352,175.082,2.18327,0.021892,0.798975,0.40181,6.07848,NN_Adam
0,0,0,0,0,-25.6681,-423.61,396.248,4.65174,0.0274231,0.441056,2.11008,0.165034,NN_Adam
0,0,0,0,0,31.2692,412.423,371.497,1.495,0.872162,0.205847,0.43186,5.90084,NN_Adam
0,0,0,0,0,367.092,-257.06,305.396,5.67177,0.0440494,1.1931,0.442845,2.71482,NN_Adam
0,0,0,0,0,198.016,-200.899,514.402,5.49043,0.375926,0.384969,2.3477,0.596705,NN_Adam
0,0,0,0,0,407.838,-192.502,125.208,5.84209,5.48293,0.547833,2.42492,5.00623,NN_Adam
0,0,0,0,0,75.5273,-411.985,70.9908,1.7521,2.69174,0.593117,2.03405,1.72265,NN_Adam
0,0,0,0,0,-64.8823,-259.888,7.90992,1.32593,2.25162,2.2601,0.825438,0.324958,NN_Adam
0,0,0,0,0,-183.678,480.03,300.915,1.9362,0.178461,0.107887,1.70202,6.00367,NN_Adam
0,0,0,0,0,-436.278,50.7614,213.608,3.02548,5.74288,1.67417,0.547804,5.86949,NN_Adam
0,0,0,0,0,38.7884,-37.5638,161.063,2.37204,4.10671,1.92824,4.0282,6.22657,NN_Adam
0,0,0,0,0,126.89,-372.087,304.944,5.04084,0.860793,0.269672,0.0550896,2.87431,NN_Adam
0,0,0,0,0,30.8562,15.6746,256.307,3.61154,2.75051,1.53416,4.48932,0.0907237,NN_Adam
0,0,0,0,0,463.288,47.1819,91.6705,3.24272,3.05762,0.159265,1.76482,5.88884,NN_Adam
0,0,0,0,0,-114.967,154.04,216.764,2.21157,4.25642,2.11817,2.60816,0.486989,NN_Adam
0,0,0,0,0,50.813,-171.644,366.296,1.85842,3.83031,4.75609,0.847197,1.34452,NN_Adam
0,0,0,0,0,-89.7418,-12.6414,263.402,0.140032,2.89698,1.66325,4.64539,0.0907237,NN_Adam
0,0,0,0,0,337.731,419,153.595,0.892341,6.17022,0.10403,1.69625,0.378545,NN_Adam
0,0,0,0,0,529.388,0.713791,192.977,0.00129813,6.13076,0.203379,1.81181,2.89142,NN_Adam
0,0,0,0,0,-364.616,-70.4751,408.835,0.190736,2.14937,0.351336,1.97262,1.88987,NN_Adam
0,0,0,0,0,142.277,-4.898,136.41,3.1072,4.09373,2.60778,4.00964,6.22657,NN_Adam
0,0,0,0,0,283.115,80.2256,159.271,3.4176,3.50065,4.16597,3.63652,6.22657,NN_Adam
0,0,0,0,0,-210.807,-154.924,25.5795,3.77511,0.235925,0.183952,5.65303,0.954884,NN_Adam
0,0,0,0,0,-294.338,274.908,343.506,2.39014,0.578656,0.816783,0.0774318,0.572269,NN_Adam
0,0,0,0,0,38.3245,383.914,304.255,1.47118,0.0593131,1.65192,6.20862,4.84654,NN_Adam
0,0,0,0,0,-251.043,-368.167,32.2623,4.11359,5.55942,1.42612,0.392529,0.291986,NN_Adam
0,0,0,0,0,-281.083,-66.3838,370.391,3.37345,0.715709,1.47391,5.7181,0.988303,NN_Adam
0,0,0,0,0,130.352,79.6682,126.478,3.6899,5.3378,2.97317,2.75737,0.353671,NN_Adam
0,0,0,0,0,-14.0599,-496.595,5.892,4.68372,5.80414,0.689337,0.893086,0.291986,NN_Adam
0,0,0,0,0,-186.127,15.0412,552.615,3.06081,0.394375,0.903989,1.96064,3.33779,NN_Adam
0,0,0,0,0,299.406,88.3667,17.5423,3.42838,3.04488,1.86308,6.1423,0.917386,NN_Adam
0,0,0,0,0,-457.788,-140.169,21.5553,3.43866,5.48563,0.384202,2.16732,5.9272,NN_Adam
0,0,0,0,0,115.02,-310.441,385.699,1.92541,3.40413,5.18304,1.4435,1.34452,NN_Adam
0,0,0,0,0,88.832,37.519,255.344,0.399303,4.95575,1.80837,3.10571,1.14695,NN_Adam
0,0,0,0,0,-17.9888,-304.088,330.329,1.51155,3.76825,4.97532,1.19633,1.34452,NN_Adam
0,0,0,0,0,-30.9947,401.981,491.886,1.6477,0.643925,0.0873583,1.67683,1.23374,NN_Adam
0,0,0,0,0,-54.452,-253.333,68.5353,1.35869,2.04375,1.22631,2.59784,1.72265,NN_Adam
0,0,0,0,0,8.51512,-228.796,513.775,1.60791,2.92014,5.12635,1.7786,1.34452,NN_Adam
0,0,0,0,0,-176.199,0.453559,151.854,6.28043,0.8627,3.0893,0.829597,0.906191,NN_Adam
0,0,0,0,0,-10.189,359.719,508.723,1.59865,0.548142,0.732619,1.06119,1.23374,NN_Adam
0,0,0,0,0,352.225,216.639,36.5077,3.69284,2.81118,0.484868,2.11475,4.3676,NN_Adam
0,0,0,0,0,22.9836,31.132,275.858,4.07634,2.66086,1.61655,4.54801,0.0907237,NN_Adam
0,0,0,0,0,148.78,186.561,270.775,0.897305,5.16372,1.46769,2.74168,0.786399,NN_Adam
0,0,0,0,0,-27.2116,276.407,303.188,1.66885,0.671916,4.20923,4.06175,6.17791,NN_Adam
0,0,0,0,0,211.661,-180.834,66.3342,2.43432,3.86706,4.0555,3.61623,6.22657,NN_Adam
0,0,0,0,0,-157.782,-77.8205,529.002,3.59979,2.2226,5.01071,1.37465,5.93834,NN_Adam
0,0,0,0,0,236.07,-278.244,350.861,5.41581,0.653586,0.97051,6.11374,5.34562,NN_Adam
0,0,0,0,0,260.707,337.148,204.174,0.912495,6.2065,5.5786,3.20648,5.4464,NN_Adam
0,0,0,0,0,243.799,-472.28,222.28,5.18885,6.28243,0.124439,1.72021,1.80074,NN_Adam
0,0,0,0,0,56.217,-339.956,104.415,1.73436,2.19701,1.04007,2.26979,1.72265,NN_Adam
0,0,0,0,0,-253.866,161.127,498.469,2.57599,0.740771,1.06154,0.327796,2.39757,NN_Adam
0,0,0,0,0,88.0811,-497.696,266.916,4.8875,6.16476,0.307698,1.92742,2.3339,NN_Adam
0,0,0,0,0,129.261,465.503,269.511,1.2999,6.08829,1.07474,0.915412,1.38371,NN_Adam
0,0,0,0,0,46.8896,508.209,296.312,1.47856,0.128091,0.441804,1.26369,2.05852,NN_Adam
0,0,0,0,0,-75.324,134.575,211.722,5.22233,3.24447,1.43704,4.87623,0.0907237,NN_Adam
0,0,0,0,0,-113.259,-141.034,422.466,0.894079,0.867384,1.70425,1.74181,6.01895,NN_Adam
0,0,0,0,0,-115.084,-122.168,466.151,0.815194,0.929589,1.58842,1.63058,6.01895,NN_Adam
0,0,0,0,0,173.774,-454.157,364.907,5.07783,0.274709,0.143287,1.74335,2.3339,NN_Adam
0,0,0,0,0,-239.184,302.482,149.68,2.23955,0.502417,0.363419,6.05369,6.07848,NN_Adam
0,0,0,0,0,-6.74798,-287.294,451.131,1.54727,3.17282,5.30772,1.35147,1.90659,NN_Adam
0,0,0,0,0,-365.963,168.106,396.678,2.71092,0.0645761,0.235321,2.43438,2.06914,NN_Adam
0,0,0,0,0,-186.031,220.799,468.386,2.27089,1.34254,0.183031,0.209131,2.03274,NN_Adam
0,0,0,0,0,-390.368,-16.1525,30.3617,3.18283,4.9489,0.911284,2.41737,0.82735,NN_Adam
0,0,0,0,0,132.428,-117.071,299.409,5.55924,4.89772,3.09781,0.76348,0.955645,NN_Adam
0,0,0,0,0,-123.872,97.0593,581.763,2.47675,0.560857,1.06497,1.5125,3.33779,NN_Adam
0,0,0,0,0,-194.355,-41.307,566.295,3.35077,1.93322,5.18302,1.66802,5.93834,NN_Adam
0,0,0,0,0,216.893,-244.245,398.361,5.43846,1.59957,4.38116,2.55219,0.586595,NN_Adam
0,0,0,0,0,-35.8712,-501.748,60.2112,4.64097,5.85245,0.824562,0.829266,0.291986,NN_Adam
0,0,0,0,0,304.005,-28.1765,205.142,3.04884,2.3379,2.16572,6.12138,2.71482,NN_Adam
0,0,0,0,0,-381.016,-313.038,30.5203,3.82928,5.71618,0.915514,0.848305,0.444879,NN_Adam
0,0,0,0,0,-3.97437,-407.659,276.974,4.70262,5.80127,0.556495,2.575,2.3339,NN_Adam
0,0,0,0,0,-318.73,341.541,288.715,2.32167,0.216582,0.847414,0.462169,0.572269,NN_Adam
0,0,0,0,0,-122.408,-183.033,348.986,4.12286,2.63417,3.7907,1.9466,0.341132,NN_Adam
0,0,0,0,0,-52.5051,221.058,615.346,1.80395,1.10838,0.0569347,1.64007,5.36892,NN_Adam
0,0,0,0,0,-155.647,210.919,164.472,2.20625,4.3757,1.922,2.39515,0.486989,NN_Adam
0,0,0,0,0,-196.281,-410.057,170.944,1.12436,2.73294,0.300089,1.92157,1.4549,NN_Adam
0,0,0,0,0,-131.006,376.952,392.296,1.90513,1.07605,6.18896,0.573545,1.23374,NN_Adam
0,0,0,0,0,-169.571,-457.869,135.981,4.35763,6.09407,0.94136,0.47042,0.191397,NN_Adam
0,0,0,0,0,-306.045,174.82,519.304,2.62245,0.593338,0.675285,1.107,2.39757,NN_Adam
0,0,0,0,0,13.7288,-206.708,3.40958,4.77884,0.712781,5.2707,6.24428,5.26321,NN_Adam
0,0,0,0,0,287.362,-170.41,112.073,2.60615,2.16256,2.01939,0.748432,0.246225,NN_Adam
0,0,0,0,0,-517.458,17.2932,26.8992,3.10814,5.80881,0.192144,1.79876,1.99764,NN_Adam
0,0,0,0,0,20.944,47.5331,276.718,4.2972,2.69215,1.43047,4.66272,0.0907237,NN_Adam
0,0,0,0,0,-1.35323,458.518,138.285,1.57344,0.287639,0.371942,0.23926,0.458874,NN_Adam
0,0,0,0,0,51.2259,295.072,131.482,1.3988,1.5602,4.75177,0.610986,1.11678,NN_Adam
0,0,0,0,0,-313.075,88.1673,559.529,2.86703,0.837563,0.0961309,1.68749,0.390971,NN_Adam
0,0,0,0,0,-261.341,227.757,273.286,2.42465,0.766455,0.674162,5.85517,6.07848,NN_Adam
0,0,0,0,0,-503.596,-40.5313,14.6937,3.2218,5.74395,0.676783,1.09929,0.721104,NN_Adam
0,0,0,0,0,167.129,387.887,112.322,1.16383,6.11729,5.27509,3.30449,5.4464,NN_Adam
0,0,0,0,0,-389.932,98.3024,265.975,2.89453,5.84109,1.88093,0.369452,5.86949,NN_Adam
0,0,0,0,0,-284.969,-11.9817,177.901,0.0419358,2.49007,5.91229,3.55397,3.84344,NN_Adam
0,0,0,0,0,-502.529,-68.5812,329.683,3.27718,0.344213,0.0191461,1.59446,0.322384,NN_Adam
0,0,0,0,0,-250.466,326.688,464.947,2.22458,0.502348,0.568382,1.11067,2.03274,NN_Adam
0,0,0,0,0,-500.269,-164.421,182.164,3.45876,6.06461,0.239912,1.85625,0.384745,NN_Adam
0,0,0,0,0,203.482,399.763,138.327,1.09966,6.2605,0.98786,0.0408837,1.38371,NN_Adam
0,0,0,0,0,120.467,319.533,211.346,1.21022,6.20182,2.10344,5.62545,4.84654,NN_Adam
0,0,0,0,0,-274.941,-121.896,305.308,3.5587,5.89189,2.49147,6.23548,1.26648,NN_Adam
0,0,0,0,0,333.732,39.2672,168.765,0.117021,4.74761,1.82677,1.9651,2.76285,NN_Adam
0,0,0,0,0,132.663,-206.93,577.373,5.28219,0.691752,0.329971,2.01287,5.13599,NN_Adam
0,0,0,0,0,368.767,252.796,257.16,0.600766,0.169928,5.52718,2.97377,5.4464,NN_Adam
0,0,0,0,0,-300.385,-122.252,550.089,3.52778,0.684432,0.218471,1.8237,5.93834,NN_Adam
0,0,0,0,0,-39.443,378.963,273.323,1.6743,0.0314696,1.71875,6.05113,4.84654,NN_Adam
0,0,0,0,0,-314.41,-302.053,248.174,3.90673,5.8519,1.63532,0.550806,1.08158,NN_Adam
0,0,0,0,0,126.902,-284.218,150.21,1.99034,1.78116,2.06102,1.15482,5.01784,NN_Adam
0,0,0,0,0,-206.192,-289.71,278.264,0.95201,2.06542,0.491321,2.52994,1.4549,NN_Adam
0,0,0,0,0,399.409,-167.31,122.659,5.88639,5.40207,0.595138,2.51618,5.00623,NN_Adam
0,0,0,0,0,184.182,-145.333,1.538,2.47355,4.04548,3.96582,3.78987,6.22657,NN_Adam
0,0,0,0,0,104.119,-280.928,165.365,1.92548,1.67004,2.13745,1.14762,5.01784,NN_Adam
0,0,0,0,0,2.55718,105.512,4.26053,4.68783,5.58337,3.02098,3.10043,0.353671,NN_Adam
0,0,0,0,0,-448.717,125.63,140.661,2.86853,0.495314,6.18852,0.513462,4.41349,NN_Adam
0,0,0,0,0,-92.229,-34.1041,584.895,3.49574,0.652292,0.896824,1.87565,3.33779,NN_Adam
0,0,0,0,0,-21.9316,-12.3661,305.35,0.51344,2.44219,1.7239,4.61473,0.0907237,NN_Adam
0,0,0,0,0,-172.446,20.8452,606.971,3.02128,0.851273,0.354293,1.98019,3.33779,NN_Adam
0,0,0,0,0,398.831,279.882,263.738,0.611754,6.19821,0.987417,0.777631,5.73413,NN_Adam
0,0,0,0,0,-190.926,-193.332,29.2238,3.93318,0.237643,0.229284,5.66621,0.954884,NN_Adam
0,0,0,0,0,-235.715,-104.416,264.935,3.55856,5.68463,2.92505,6.04145,1.26648,NN_Adam
0,0,0,0,0,-241.766,195.163,5.80995,2.46227,6.28127,0.602404,5.73463,1.75357,NN_Adam
0,0,0,0,0,88.165,290.289,96.0848,1.27581,1.42978,4.70578,0.704749,1.11678,NN_Adam
0,0,0,0,0,189.616,304.691,234.519,1.01407,6.24196,1.94248,5.79613,4.84654,NN_Adam
0,0,0,0,0,-225.736,375.582,90.3966,2.11192,5.65265,1.5995,0.241888,1.75357,NN_Adam
0,0,0,0,0,166.665,291.94,324.822,1.05204,1.72753,4.15279,2.33837,2.83862,NN_Adam
0,0,0,0,0,-356.676,-179.765,247.878,3.60837,0.495756,0.788111,6.07984,0.458783,NN_Adam
0,0,0,0,0,345.466,309.838,152.106,0.731115,6.23643,5.49086,2.9545,5.4464,NN_Adam
0,0,0,0,0,-404.78,211.764,226.892,2.65952,6.15404,1.28851,0.300589,0.885108,NN_Adam
0,0,0,0,0,-174.864,-89.2998,251.602,3.6136,5.455,3.33648,6.03813,1.26648,NN_Adam
0,0,0,0,0,-215.428,-238.033,146.294,3.97661,5.60314,2.61415,5.78413,1.26648,NN_Adam
0,0,0,0,0,-32.7542,348.85,82.7998,1.66406,1.23512,4.7264,1.01028,1.11678,NN_Adam
0,0,0,0,0,109.324,-260.827,496.95,5.10917,0.244185,0.536511,2.34488,5.13599,NN_Adam
0,0,0,0,0,-51.8006,485.845,223.461,1.67687,5.87581,0.514236,2.06773,0.458874,NN_Adam
0,0,0,0,0,102.054,-236.917,84.1741,1.97746,3.97911,0.293559,5.79121,4.79934,NN_Adam
0,0,0,0,0,233.726,-432.515,73.974,5.20766,5.59944,0.407235,2.1344,6.0557,NN_Adam
0,0,0,0,0,300.588,-91.4058,184.563,2.84626,3.58445,4.20874,3.34399,6.22657,NN_Adam
0,0,0,0,0,22.5336,-163.278,353.514,1.7078,0.611196,1.9259,1.98553,6.01895,NN_Adam
0,0,0,0,0,-171.15,-395.52,207.456,1.16228,2.494,0.431034,2.07602,1.4549,NN_Adam
0,0,0,0,0,230.597,-424.259,216.218,5.21017,5.83551,0.50438,2.14695,6.0557,NN_Adam
0,0,0,0,0,-82.016,-52.3107,156.059,0.567737,5.71088,2.48864,2.95254,5.50527,NN_Adam
0,0,0,0,0,300.373,400.885,20.4213,0.92771,5.62654,0.331519,1.94682,5.4464,NN_Adam
0,0,0,0,0,-295.689,-156.562,461.802,0.486922,2.03526,0.333276,1.95756,1.88987,NN_Adam
0,0,0,0,0,40.2772,500.979,151.407,1.49041,6.06757,0.886779,0.684064,1.38371,NN_Adam
0,0,0,0,0,-255.89,330.341,371.024,2.22973,0.816682,0.281521,0.430256,2.03274,NN_Adam
0,0,0,0,0,339.911,354.961,208.71,0.807036,6.01816,1.09197,0.757092,5.73413,NN_Adam
0,0,0,0,0,164.141,197.105,133.902,0.876243,4.67046,1.23983,3.01424,4.54565,NN_Adam
0,0,0,0,0,10.1527,-446.674,76.4382,4.7351,0.0259749,0.623092,0.120071,5.80573,NN_Adam
0,0,0,0,0,299.364,-40.0363,286.459,3.00857,2.1705,1.9907,6.21243,2.71482,NN_Adam
0,0,0,0,0,259.024,274.055,159.746,0.813465,6.01314,5.47053,3.5756,5.4464,NN_Adam
0,0,0,0,0,-89.792,-200.405,19.8718,1.14932,1.96969,2.56777,0.855673,0.324958,NN_Adam
0,0,0,0,0,-2.58641,-34.2522,44.2868,4.63702,0.0580131,2.27762,3.66823,0.353671,NN_Adam
0,0,0,0,0,-32.9729,161.464,139.584,1.77223,3.21847,3.89691,0.284189,1.68825,NN_Adam
0,0,0,0,0,25.3551,-41.0924,333.445,2.12367,2.41546,1.35914,4.92902,0.0907237,NN_Adam
0,0,0,0,0,-166.25,-376.908,439.31,4.29681,0.236111,0.309409,2.04967,0.165034,NN_Adam
0,0,0,0,0,274.05,-353.652,4.45222,2.22994,3.2607,0.415315,1.29343,4.79934,NN_Adam
0,0,0,0,0,3.45205,-402.317,63.8102,1.57928,2.57687,0.833283,1.94309,1.72265,NN_Adam
0,0,0,0,0,-257.356,-28.7062,295.218,3.25246,0.818671,1.44414,5.26828,0.988303,NN_Adam
0,0,0,0,0,-2.34491,199.365,135.854,1.58248,2.99384,3.7273,0.699778,1.68825,NN_Adam
0,0,0,0,0,-209.677,-1.01774,553.908,3.14632,0.403395,0.85935,1.90983,3.33779,NN_Adam
0,0,0,0,0,-112.998,-14.436,212.796,0.127047,3.25094,1.22894,4.76804,0.0907237,NN_Adam
0,0,0,0,0,168.317,476.76,122.035,1.23127,6.05964,0.795583,0.701348,1.38371,NN_Adam
0,0,0,0,0,-447.045,222.041,257.201,2.68056,0.00344437,0.796663,0.829366,0.885108,NN_Adam
0,0,0,0,0,21.9339,-138.188,7.76494,4.86976,0.669675,5.12056,6.11404,5.26321,NN_Adam
0,0,0,0,0,-251.976,-119.873,454.255,0.443893,1.68689,0.530617,2.28314,1.88987,NN_Adam
0,0,0,0,0,151.26,505.792,213.544,1.2801,6.21326,0.473142,1.27989,1.38371,NN_Adam
0,0,0,0,0,-130.875,149.127,211.617,2.29098,4.25213,2.10585,2.59036,0.486989,NN_Adam
0,0,0,0,0,98.8045,446.49,92.9309,1.35292,0.0457436,0.615398,0.18515,5.82413,NN_Adam
0,0,0,0,0,-312.953,-76.6029,472.374,0.239871,1.9896,0.329382,1.99207,1.88987,NN_Adam
0,0,0,0,0,-79.4676,-330.264,131.894,1.3344,1.95459,1.63858,1.59682,6.03257,NN_Adam
0,0,0,0,0,-109.622,130.188,45.5111,2.27059,3.67026,1.61386,2.99677,0.164514,NN_Adam
0,0,0,0,0,338.148,376.061,119.385,0.838114,5.8643,0.952647,0.882589,0.378545,NN_Adam
0,0,0,0,0,-122.245,103.172,145.412,2.44036,3.8661,1.84124,3.07789,0.164514,NN_Adam
0,0,0,0,0,-278.289,-35.9297,62.8145,0.128247,2.74572,6.16063,3.41234,3.84344,NN_Adam
0,0,0,0,0,462.948,90.0047,221.757,0.19193,5.97138,1.30416,0.620562,2.89142,NN_Adam
0,0,0,0,0,-75.9312,187.874,59.3877,1.95463,3.03496,3.27672,1.023,1.68825,NN_Adam
0,0,0,0,0,-195.434,-157.915,542.838,0.679399,1.89064,0.134326,2.06174,0.906681,NN_Adam
0,0,0,0,0,225.453,151.128,98.1851,0.59036,4.64272,2.96299,0.132438,1.59582,NN_Adam
0,0,0,0,0,-335.774,60.4557,460.75,2.96337,6.2593,1.15881,1.54828,1.11345,NN_Adam
0,0,0,0,0,-496.274,95.8949,258.829,2.9506,6.13173,0.319922,1.94559,2.06914,NN_Adam
0,0,0,0,0,-120.59,-86.0717,263.871,0.61968,2.90533,1.78701,4.86078,0.0907237,NN_Adam
0,0,0,0,0,255.018,371.888,311.763,0.969537,6.252,1.2221,0.584365,5.73413,NN_Adam
0,0,0,0,0,12.9848,-33.5195,284.103,1.94034,2.59739,1.60471,4.58428,0.0907237,NN_Adam
0,0,0,0,0,-53.002,-45.1507,593.076,3.84712,0.744709,0.888203,1.83131,3.33779,NN_Adam
0,0,0,0,0,-166.502,-216.436,421.748,0.914925,1.88164,1.60694,0.303426,5.67876,NN_Adam
0,0,0,0,0,-153.522,511.494,203.351,1.86233,6.2454,0.12356,1.71982,0.458874,NN_Adam
0,0,0,0,0,166.039,-443.677,29.7628,5.0702,5.42676,0.503759,2.13872,6.27677,NN_Adam
0,0,0,0,0,-347.911,313.932,404.437,2.40743,0.429252,0.0859483,1.67534,0.572269,NN_Adam
0,0,0,0,0,-148.361,279.177,90.8856,2.05913,4.50845,1.59665,2.33101,0.164514,NN_Adam
0,0,0,0,0,-477.853,-32.5866,245.025,3.20957,5.90644,0.500719,2.13563,0.322384,NN_Adam
0,0,0,0,0,-374.184,246.803,248.737,2.55848,6.26724,1.25404,0.224056,0.999488,NN_Adam
0,0,0,0,0,17.4328,-517.463,248.252,4.74602,6.2016,0.242054,1.84846,5.80573,NN_Adam
0,0,0,0,0,-190.541,-32.842,357.845,3.31228,1.09018,1.70559,5.18526,0.988303,NN_Adam
0,0,0,0,0,-321.605,163.7,232.19,2.67064,0.0990888,1.73556,5.73661,0.999488,NN_Adam
0,0,0,0,0,-99.1652,296.703,121.713,1.89322,4.51149,1.75969,2.21214,0.486989,NN_Adam
0,0,0,0,0,22.193,-322.34,221.229,1.63945,1.65492,1.67587,1.63628,6.03257,NN_Adam
0,0,0,0,0,-149.273,45.2155,60.896,2.84721,3.73132,1.51053,3.17765,0.164514,NN_Adam
0,0,0,0,0,-419.885,-3.97976,70.9469,3.15095,5.12089,0.923743,2.27691,0.82735,NN_Adam
0,0,0,0,0,266.902,81.5338,143.921,3.43785,3.52494,4.06106,3.76275,6.22657,NN_Adam
0,0,0,0,0,-29.9376,-97.131,218.342,1.27166,0.746307,3.57883,6.23716,3.18951,NN_Adam
0,0,0,0,0,322.731,-251.654,94.1999,2.47918,2.58784,1.32679,0.98244,0.246225,NN_Adam
0,0,0,0,0,75.7328,196.598,70.3605,1.20291,3.10523,3.23802,1.08193,1.68825,NN_Adam
0,0,0,0,0,-193.334,134.514,421.567,2.53356,2.28973,4.7656,1.09537,5.93834,NN_Adam
0,0,0,0,0,-260.836,-84.2754,291.44,3.45399,5.81057,2.72102,6.13494,1.26648,NN_Adam
0,0,0,0,0,362.573,-45.5031,294.452,3.01663,2.22189,1.51881,0.49227,2.71482,NN_Adam
0,0,0,0,0,96.6464,-514.931,131.757,4.89775,6.04522,0.627584,1.04259,5.80573,NN_Adam
0,0,0,0,0,429.923,-7.79151,148.264,3.12327,2.57472,0.499989,2.06952,5.88884,NN_Adam
0,0,0,0,0,261.941,-309.25,81.8407,2.27345,3.4806,0.481864,0.347072,4.79934,NN_Adam
0,0,0,0,0,134.282,-189.352,38.9169,2.18739,4.86655,3.6288,2.79423,2.21858,NN_Adam
0,0,0,0,0,-88.3082,13.7663,538.367,2.9869,0.409225,1.08408,2.1059,3.33779,NN_Adam
0,0,0,0,0,333.895,-160.814,299.085,2.69261,2.89756,0.692365,0.200823,2.38395,NN_Adam
0,0,0,0,0,-151.003,-26.096,416.123,3.31242,1.14085,1.8467,5.38344,0.988303,NN_Adam
0,0,0,0,0,30.9402,-131.125,214.753,1.80247,0.906339,3.3718,0.1148,3.18951,NN_Adam
0,0,0,0,0,-13.5528,-332.026,347.093,1.52974,3.59573,5.0882,1.36084,1.34452,NN_Adam
0,0,0,0,0,133.758,-437.991,69.1972,5.00857,5.37352,0.613525,2.26305,6.27677,NN_Adam
0,0,0,0,0,93.3606,128.443,193.36,0.942141,4.63969,1.52077,3.25029,0.786399,NN_Adam
0,0,0,0,0,103.069,-195.564,215.755,5.19739,1.55091,5.63677,5.86426,5.26321,NN_Adam
0,0,0,0,0,324.816,225.475,192.186,0.606699,6.1676,5.43911,3.45504,5.4464,NN_Adam
0,0,0,0,0,471.027,106.664,213.873,0.2226,5.96946,1.20097,0.729511,2.89142,NN_Adam
0,0,0,0,0,156.961,345.876,18.9614,1.14469,0.875591,4.78139,1.3142,1.11678,NN_Adam
0,0,0,0,0,19.4344,-284.495,490.03,1.63886,2.906,5.28359,1.83545,1.90659,NN_Adam
0,0,0,0,0,88.651,-454.411,144.889,1.76342,2.8697,0.229255,1.84321,4.79934,NN_Adam
0,0,0,0,0,274.884,-385.261,265.753,5.33198,5.94719,0.511958,2.13194,5.34562,NN_Adam
0,0,0,0,0,-251.783,-155.309,370.21,0.552579,1.592,1.77495,0.875661,1.88987,NN_Adam
0,0,0,0,0,-145.204,169.935,582.464,2.27776,0.899199,0.86263,0.796795,5.36892,NN_Adam
0,0,0,0,0,-110.696,-196.403,0.654738,1.05748,2.0873,2.4573,0.915565,0.324958,NN_Adam
0,0,0,0,0,-433.125,88.7737,125.027,2.93927,0.00122554,0.932591,6.27534,1.75357,NN_Adam
0,0,0,0,0,-331.159,281.392,390.175,2.43712,0.0268847,0.452633,2.03896,2.06914,NN_Adam
0,0,0,0,0,-462.654,-225.564,277.129,3.59518,0.0260491,0.196212,1.80716,0.384745,NN_Adam
0,0,0,0,0,385.585,-97.765,365.76,6.03485,6.17412,0.358328,2.51606,0.881721,NN_Adam
0,0,0,0,0,-145.151,125.896,478.189,2.42694,2.33561,4.89606,1.15009,5.93834,NN_Adam
0,0,0,0,0,338.978,-49.8461,11.2265,2.99528,2.4961,1.04747,2.11248,5.88884,NN_Adam
0,0,0,0,0,52.4544,144.807,206.15,1.22299,4.66837,1.58916,3.19937,0.786399,NN_Adam
0,0,0,0,0,90.5335,469.331,237.01,1.38008,6.02672,1.20708,0.708902,1.38371,NN_Adam
0,0,0,0,0,266.396,-381.646,282.661,5.32156,6.17515,1.18993,0.641569,5.34562,NN_Adam
0,0,0,0,0,223.554,463.707,131.492,1.12117,5.93766,0.822914,0.977652,1.38371,NN_Adam
0,0,0,0,0,14.8239,-372.62,488.427,4.75174,0.372234,0.345858,1.97693,0.415395,NN_Adam
0,0,0,0,0,104.729,-260.42,196.245,1.95308,4.30564,3.88452,2.50544,0.247987,NN_Adam
0,0,0,0,0,485.033,-3.21247,263.064,6.27643,6.01035,0.432491,2.08802,2.89142,NN_Adam
0,0,0,0,0,62.5434,-155.039,377.334,1.9542,3.78259,4.74259,0.862278,1.34452,NN_Adam
0,0,0,0,0,252.374,-129.351,17.4653,2.66774,3.9476,4.25863,3.5147,6.22657,NN_Adam
0,0,0,0,0,91.782,-176.896,418.883,2.04928,3.59042,4.43804,1.72005,1.61524,NN_Adam
0,0,0,0,0,-106.968,143.219,56.5408,2.2123,3.72895,1.64288,2.97059,0.164514,NN_Adam
0,0,0,0,0,-78.0177,-325.037,90.3734,1.33522,2.19287,1.08935,2.28172,1.72265,NN_Adam
0,0,0,0,0,200.736,-136.274,78.247,2.54491,4.74204,3.61507,2.78645,2.21858,NN_Adam
0,0,0,0,0,75.8175,393.9,49.8833,1.38063,0.907125,4.85393,1.31923,1.11678,NN_Adam
0,0,0,0,0,-376.317,19.8348,469.225,3.08864,0.227343,0.997167,1.17482,1.11345,NN_Adam
0,0,0,0,0,102.156,-207.072,551.416,5.1705,0.520608,0.434966,2.25199,5.13599,NN_Adam
0,0,0,0,0,408.345,-20.2674,53.6184,3.09177,2.66245,0.731089,1.96495,5.88884,NN_Adam
0,0,0,0,0,-37.8344,-64.7516,113.914,1.04202,6.26656,2.31405,3.0641,5.50527,NN_Adam
0,0,0,0,0,-358.463,-187.431,233.014,3.62321,0.459026,0.77202,6.09209,0.458783,NN_Adam
0,0,0,0,0,366.419,-172.258,358.028,5.84363,6.16276,0.344384,2.50886,0.881721,NN_Adam
0,0,0,0,0,272.053,-94.6264,243.308,2.80665,3.34603,4.14263,3.49911,6.22657,NN_Adam
0,0,0,0,0,-457.874,187.532,182.511,2.75271,0.424805,0.0278222,0.704648,4.41349,NN_Adam
0,0,0,0,0,-184.489,0.327149,593.382,3.13956,0.725247,0.485975,1.985,3.33779,NN_Adam
0,0,0,0,0,15.2842,344.92,257.365,1.52649,0.0852655,1.93176,5.72334,4.84654,NN_Adam
0,0,0,0,0,84.8316,155.65,83.9553,4.21318,5.26865,3.20583,2.71035,0.353671,NN_Adam
0,0,0,0,0,-384.009,-74.3599,108.382,3.33273,0.223634,0.679587,5.98314,0.721104,NN_Adam
0,0,0,0,0,-186.894,-144.512,460.29,0.657996,1.29307,1.40224,1.50772,0.873547,NN_Adam
0,0,0,0,0,-110.333,114.214,539.532,2.33881,0.272744,1.27007,1.72348,3.33779,NN_Adam
0,0,0,0,0,-308.571,114.477,488.251,2.7862,0.704711,0.952864,0.42439,2.39757,NN_Adam
0,0,0,0,0,-326.946,-354.315,47.0769,3.96691,5.62552,1.1383,0.774352,1.08158,NN_Adam
0,0,0,0,0,25.3451,-464.611,144.009,4.76673,0.48105,6.24169,0.477948,5.80573,NN_Adam
0,0,0,0,0,358.728,-191.3,302.038,2.65155,2.40705,1.05381,0.806319,2.71482,NN_Adam
0,0,0,0,0,-381.977,235.257,282.504,2.58944,0.0937104,1.14588,0.300461,0.999488,NN_Adam
0,0,0,0,0,84.8697,-15.9441,223.339,6.09746,4.73284,4.043,6.12042,0.955645,NN_Adam
0,0,0,0,0,-27.8412,427.763,191.586,1.63561,0.5474,0.269442,0.0870439,0.458874,NN_Adam
0,0,0,0,0,-510.655,92.6617,185.71,2.96191,5.99782,0.30296,1.92949,0.322384,NN_Adam
0,0,0,0,0,-197.518,-425.148,211.286,1.13585,2.90685,0.0881221,1.67844,1.4549,NN_Adam
0,0,0,0,0,-449.191,-146.713,148.837,3.45711,5.67757,0.373865,2.39254,0.384745,NN_Adam
0,0,0,0,0,149.763,-327.24,77.8068,1.99989,3.64502,0.482178,0.0103578,4.79934,NN_Adam
0,0,0,0,0,-487.173,77.9052,66.3939,2.98292,5.75372,1.0174,0.775701,4.41349,NN_Adam
0,0,0,0,0,-122.828,304.754,397.591,1.95385,1.41737,6.00933,0.30952,1.23374,NN_Adam
0,0,0,0,0,-126.154,349.005,524.352,1.91761,0.757598,0.0680592,1.65324,5.36892,NN_Adam
0,0,0,0,0,146.938,-379.982,7.94968,1.93948,3.11105,1.05744,0.673389,1.63146,NN_Adam
0,0,0,0,0,395.433,141.312,239.246,0.34319,5.43662,1.50991,1.52036,2.76285,NN_Adam
0,0,0,0,0,-84.3312,82.263,209.994,5.51014,3.27398,1.21034,4.7867,0.0907237,NN_Adam
0,0,0,0,0,-230.356,235.89,221.521,2.34416,0.721643,0.609883,5.70223,6.07848,NN_Adam
0,0,0,0,0,52.3346,-258.912,67.4878,1.77019,2.02175,2.46294,0.64103,1.73232,NN_Adam
0,0,0,0,0,-114.585,-305.88,344.5,1.21226,1.89773,0.471528,2.54386,1.4549,NN_Adam
0,0,0,0,0,472.921,102.214,136.712,0.212579,5.80317,1.23689,0.668944,2.89142,NN_Adam
0,0,0,0,0,5.16514,314.537,476.795,1.55418,0.307067,1.43947,0.584686,0.374479,NN_Adam
0,0,0,0,0,72.6309,-5.57968,129.968,3.06503,5.95848,2.31602,3.15185,0.353671,NN_Adam
0,0,0,0,0,-251.389,-355.571,421.819,4.09669,0.230128,0.310938,1.92614,1.21809,NN_Adam
0,0,0,0,0,-332.912,-300.361,288.877,0.733795,3.01053,5.89388,1.83658,0.721104,NN_Adam
0,0,0,0,0,531.69,-96.4502,124.856,6.10365,6.20579,0.0279557,1.60428,1.50097,NN_Adam
0,0,0,0,0,-46.94,536.698,167.364,1.65798,6.22373,0.0823155,1.67002,0.458874,NN_Adam
0,0,0,0,0,29.5533,-191.987,113.235,4.86503,1.17495,5.4006,5.86246,5.26321,NN_Adam
0,0,0,0,0,46.1704,247.157,301.686,1.38603,0.663038,4.03778,4.25719,6.17791,NN_Adam
0,0,0,0,0,86.0629,-118.58,287.017,5.34002,4.73505,3.36436,0.60858,0.955645,NN_Adam
0,0,0,0,0,-179.492,238.235,329.569,2.21635,1.01254,4.11026,3.66519,6.17791,NN_Adam
0,0,0,0,0,-160.913,-461.51,187.86,4.3767,6.18701,0.94791,0.505714,0.191397,NN_Adam
0,0,0,0,0,115.615,-158.55,442.002,2.20066,3.44768,4.53469,1.74166,1.61524,NN_Adam
0,0,0,0,0,285.755,228.829,196.002,0.675024,6.01881,5.66055,3.55995,5.4464,NN_Adam
0,0,0,0,0,188.466,44.9971,147.254,3.37569,3.65273,3.02557,4.20578,6.22657,NN_Adam
0,0,0,0,0,-197.933,121.299,179.306,2.59175,0.693515,0.886332,5.08576,1.75357,NN_Adam
0,0,0,0,0,-217.544,-37.2224,137.157,3.31097,1.85936,2.96943,2.91308,3.28783,NN_Adam
0,0,0,0,0,159.652,-252.47,378.264,2.13455,3.50699,5.23265,1.0731,1.90659,NN_Adam
0,0,0,0,0,471.701,126.982,184.742,0.263044,6.00159,1.12247,0.638393,2.89142,NN_Adam
0,0,0,0,0,-258.722,-307.859,165.636,4.01337,5.68526,1.98099,0.0641891,1.26648,NN_Adam
0,0,0,0,0,-119.739,-202.785,33.8274,1.03711,1.98428,2.52896,0.798339,0.324958,NN_Adam
0,0,0,0,0,36.0158,-346.013,462.293,1.67436,2.7167,5.68072,1.92282,1.34452,NN_Adam
0,0,0,0,0,-56.062,-159.574,350.431,1.23284,2.35799,4.36549,4.10308,2.27078,NN_Adam
0,0,0,0,0,-245.977,389.451,119.661,2.13398,0.0172193,0.770525,0.165888,6.07848,NN_Adam
0,0,0,0,0,-336.836,101.666,431.448,2.8481,0.155022,0.19651,2.60957,2.06914,NN_Adam
0,0,0,0,0,-321.285,294.24,343.212,2.39996,0.444288,0.784809,0.352537,0.572269,NN_Adam
0,0,0,0,0,162.404,-131.178,10.8711,2.4619,4.0172,3.73516,4.0127,6.22657,NN_Adam
0,0,0,0,0,-284.6,-211.893,176.004,0.639817,4.16618,4.9968,1.21165,0.721104,NN_Adam
0,0,0,0,0,131.771,45.8714,245.653,0.334967,4.95069,1.63253,3.11607,1.14695,NN_Adam
0,0,0,0,0,-22.3051,-283.503,134.333,1.49212,1.86541,1.22071,2.51216,1.72265,NN_Adam
0,0,0,0,0,297.497,331.199,8.54687,3.9805,3.17038,0.208847,1.82235,4.3676,NN_Adam
0,0,0,0,0,-150.957,498.441,6.63874,1.8648,5.95843,0.0367965,1.61507,5.31042,NN_Adam
0,0,0,0,0,-246.821,-424.35,224.916,4.18548,5.91327,0.444052,2.10246,0.191397,NN_Adam
0,0,0,0,0,-528.468,75.5498,119.104,2.99958,6.02931,0.163975,1.76726,1.99764,NN_Adam
0,0,0,0,0,-293.769,-321.981,124.388,3.97276,5.63513,1.70116,0.30237,1.08158,NN_Adam
0,0,0,0,0,-80.665,-337.33,299.827,1.33599,1.99603,0.516837,2.51592,1.4549,NN_Adam
0,0,0,0,0,-325.095,-125.227,31.3257,0.36756,2.40063,1.18831,1.96222,0.996245,NN_Adam
0,0,0,0,0,468.672,228.818,273.052,0.454134,0.110478,0.11714,1.71215,5.73413,NN_Adam
0,0,0,0,0,-98.6787,146.598,337.749,2.16318,2.66957,4.68802,0.503378,5.93834,NN_Adam
0,0,0,0,0,163.334,-108.801,243.2,5.6954,4.62023,3.28291,0.511682,0.955645,NN_Adam
0,0,0,0,0,-46.8758,-101.097,98.775,4.27823,1.12569,5.09233,5.74697,5.26321,NN_Adam
0,0,0,0,0,-287.662,220.041,199.037,2.48853,0.616537,0.527248,5.88023,6.07848,NN_Adam
0,0,0,0,0,-443.116,147.359,256.324,2.82032,5.98284,1.30526,0.755723,5.86949,NN_Adam
0,0,0,0,0,-256.28,-245.584,208.912,0.76383,4.05997,5.021,1.21705,0.721104,NN_Adam
0,0,0,0,0,-181.64,-62.9507,233.545,3.47507,5.4297,3.44359,5.91954,1.26648,NN_Adam
0,0,0,0,0,-133.908,-296.561,524.633,4.28807,0.46165,0.378516,2.0044,0.165034,NN_Adam
0,0,0,0,0,-44.4866,284.093,48.3274,1.72594,4.25449,1.64768,2.38121,0.164514,NN_Adam
0,0,0,0,0,-40.3842,479.222,329.349,1.65457,0.0698227,0.803024,1.0156,2.05852,NN_Adam
0,0,0,0,0,268.137,-402.897,192.969,5.29947,5.78568,0.478506,2.18725,6.0557,NN_Adam
0,0,0,0,0,155.391,-142.748,60.0631,2.39851,4.93291,3.43977,2.86814,2.21858,NN_Adam
0,0,0,0,0,387.982,20.3241,86.433,3.19387,2.50024,0.706597,2.23175,5.88884,NN_Adam
0,0,0,0,0,33.2335,-229.342,237.865,1.71466,4.32988,4.86561,0.583181,1.34452,NN_Adam
0,0,0,0,0,-50.7675,-394.822,81.534,1.44277,2.5012,0.854809,1.9931,1.72265,NN_Adam
0,0,0,0,0,109.362,470.274,119.988,1.3422,6.20338,0.781237,0.382075,5.82413,NN_Adam
0,0,0,0,0,281.334,-292.04,17.5981,2.33745,3.46564,0.645612,0.456622,4.79934,NN_Adam
0,0,0,0,0,-279.353,405.469,333.624,2.17389,0.196968,0.539209,1.14064,0.572269,NN_Adam
0,0,0,0,0,-351.368,-67.2947,437.692,0.188959,2.13354,0.303811,1.93675,1.88987,NN_Adam
0,0,0,0,0,88.4977,367.061,223.189,1.334,0.259353,1.30473,5.81931,1.38371,NN_Adam
0,0,0,0,0,-142.176,417.051,272.21,1.89925,5.67572,1.27264,1.54772,0.486989,NN_Adam
0,0,0,0,0,-293.996,-264.922,65.8416,3.87495,0.122373,0.597636,6.07963,0.954884,NN_Adam
0,0,0,0,0,240.659,-42.7508,121.548,2.96562,3.5827,3.75894,4.01538,6.22657,NN_Adam
0,0,0,0,0,-26.3222,-153.577,342.191,1.40093,3.99165,4.65874,0.728206,1.34452,NN_Adam
0,0,0,0,0,-446.943,141.742,395.747,2.83469,0.314635,0.194232,1.72916,2.06914,NN_Adam
0,0,0,0,0,-348.941,32.4849,464.769,3.04866,0.0495859,1.18531,1.33198,1.11345,NN_Adam
0,0,0,0,0,-1.31835,375.019,212.158,1.57411,6.25062,1.75956,5.83209,4.84654,NN_Adam
0,0,0,0,0,-176.906,-183.317,429.888,0.803074,1.50478,1.74707,0.742099,1.88987,NN_Adam
0,0,0,0,0,183.259,-477.733,61.7469,5.07862,5.72895,0.315951,1.93876,6.27677,NN_Adam
0,0,0,0,0,120.157,444.492,244.933,1.30668,0.109182,1.00404,0.271673,1.38371,NN_Adam
0,0,0,0,0,-108.164,289.316,560.176,1.92843,0.786638,0.525616,1.17699,5.36892,NN_Adam
0,0,0,0,0,128.534,146.237,36.414,3.99083,5.14585,3.41554,2.77368,0.353671,NN_Adam
0,0,0,0,0,-148.371,-420.342,317.069,4.37301,0.674717,0.28481,0.438495,0.191397,NN_Adam
0,0,0,0,0,-27.2543,175.348,389.729,1.72499,1.02603,4.3472,4.13717,6.17791,NN_Adam
0,0,0,0,0,-229.99,-26.0803,95.9087,0.112836,2.61449,6.11251,3.7147,3.84344,NN_Adam
0,0,0,0,0,-114.077,-311.298,518.851,4.36085,0.44586,0.361238,2.02864,0.165034,NN_Adam
0,0,0,0,0,-230.452,25.5535,312.016,3.03098,1.92434,3.4039,3.16462,3.28783,NN_Adam
0,0,0,0,0,-313.119,228.403,434.125,2.51127,0.924317,0.291906,0.524328,2.03274,NN_Adam
0,0,0,0,0,-210.145,88.2662,528.725,2.74379,1.98722,5.10606,1.47259,5.93834,NN_Adam
0,0,0,0,0,103.238,-196.899,341.902,2.05351,2.53916,4.58646,3.84032,2.27078,NN_Adam
0,0,0,0,0,238.536,-182.055,316.999,2.48949,3.02389,0.561331,6.10517,2.38395,NN_Adam
0,0,0,0,0,220.16,212.04,149.331,0.766687,4.88004,1.18279,2.8041,4.54565,NN_Adam
0,0,0,0,0,-361.252,188.605,484.069,2.65997,0.568443,0.158648,1.69508,2.39757,NN_Adam
0,0,0,0,0,-37.293,-59.2983,146.16,1.00937,6.18259,2.18028,3.12663,5.50527,NN_Adam
0,0,0,0,0,100.871,381.118,145.077,1.31197,0.187582,0.960341,5.91891,1.38371,NN_Adam
0,0,0,0,0,386.855,-164.709,314.2,2.73883,2.46259,0.811494,1.02266,2.71482,NN_Adam
0,0,0,0,0,336.478,-171.246,84.163,2.67071,3.37571,0.851129,0.0454976,3.16442,NN_Adam
0,0,0,0,0,-434.951,-287.502,268.184,3.72561,0.073074,0.140463,1.73991,0.384745,NN_Adam
0,0,0,0,0,-174.451,-73.6555,553.794,3.54111,2.0479,5.128,1.53149,5.93834,NN_Adam
0,0,0,0,0,-369.445,-184.178,385.318,3.60382,6.22428,0.480112,2.23216,3.41488,NN_Adam
0,0,0,0,0,-37.6212,229.835,292.071,1.73272,0.564184,3.9279,4.46297,6.17791,NN_Adam
0,0,0,0,0,-171.547,-26.1141,282.003,3.29249,1.23215,2.30477,4.50545,0.988303,NN_Adam
0,0,0,0,0,282.43,-170.56,289.895,2.59824,2.99696,0.726417,6.1623,2.38395,NN_Adam
0,0,0,0,0,-37.4219,486.097,172.564,1.64745,0.241842,0.407339,0.478588,0.458874,NN_Adam
0,0,0,0,0,-388.492,72.5741,144.03,2.95693,0.300365,0.717181,5.98444,1.75357,NN_Adam
0,0,0,0,0,-370.969,-202.273,30.7537,0.499151,2.88212,0.437923,2.04449,0.996245,NN_Adam
0,0,0,0,0,-316.32,-284.327,85.4132,3.87378,5.58682,1.72036,0.182354,1.08158,NN_Adam
0,0,0,0,0,-432.839,151.667,301.221,2.80454,6.0799,1.25105,0.843149,5.86949,NN_Adam
0,0,0,0,0,110.183,202.857,130.934,1.07318,4.55998,1.29014,3.10268,4.54565,NN_Adam
0,0,0,0,0,286.773,-154.771,382.295,2.64653,2.76623,0.547277,0.212793,2.38395,NN_Adam
0,0,0,0,0,364.125,289.712,270.721,0.671957,0.20001,5.6495,2.76236,5.4464,NN_Adam
0,0,0,0,0,152.104,-271.356,8.85074,2.08136,3.83196,0.672423,6.0504,4.79934,NN_Adam
0,0,0,0,0,-259.469,-328.378,234.593,0.901888,3.43588,5.12546,2.29518,0.721104,NN_Adam
0,0,0,0,0,-374.802,75.9746,251.057,2.94143,5.73778,2.07799,0.267637,5.86949,NN_Adam
0,0,0,0,0,498.955,141.132,260.684,0.275604,6.27101,0.199913,1.81137,2.89142,NN_Adam
0,0,0,0,0,-481.187,-52.0332,349.16,3.24926,0.124591,0.245378,1.86483,0.322384,NN_Adam
0,0,0,0,0,-428.769,-225.802,230.272,3.62609,5.90295,0.44627,2.15625,0.384745,NN_Adam
0,0,0,0,0,-128.127,-146.771,600.644,3.99464,0.809231,0.354407,1.97163,5.93834,NN_Adam
0,0,0,0,0,-271.473,-267.759,317.476,0.77841,2.0999,0.565607,2.16236,1.46502,NN_Adam
0,0,0,0,0,-136.978,-274.051,570.916,4.24883,0.853301,0.119073,1.7153,0.165034,NN_Adam
0,0,0,0,0,175.978,-356.234,159.988,2.02956,3.42594,0.328818,0.292457,4.79934,NN_Adam
0,0,0,0,0,-183.612,334.216,0.909924,5.21464,2.80536,0.53956,2.26354,2.53861,NN_Adam
0,0,0,0,0,109.837,-27.8913,240.983,6.03411,4.60331,3.82579,0.0928138,0.955645,NN_Adam
0,0,0,0,0,-312.513,-79.892,223.336,3.39169,0.795195,0.48951,5.71554,0.458783,NN_Adam
0,0,0,0,0,493.138,-135.823,131.655,6.01437,5.80836,0.375305,1.99224,1.50097,NN_Adam
0,0,0,0,0,-102.139,-133.303,157.723,4.0584,5.06286,3.83757,5.6567,1.26648,NN_Adam
0,0,0,0,0,-115.568,-452.851,262.002,4.46227,5.92592,0.481477,2.22222,0.191397,NN_Adam
0,0,0,0,0,-263.683,331.973,105.022,2.2419,0.222415,0.512484,6.24495,6.07848,NN_Adam
0,0,0,0,0,137.121,-297.164,415.878,2.00297,3.24851,5.2922,1.47144,1.90659,NN_Adam
0,0,0,0,0,117.355,-294.058,322.641,5.09195,1.17931,0.160879,6.04072,2.87431,NN_Adam
0,0,0,0,0,-280.858,394.048,210.941,2.18994,0.0245445,0.880341,0.45223,6.07848,NN_Adam
0,0,0,0,0,131.349,108.316,52.0543,3.8311,5.3238,3.22841,2.77802,0.353671,NN_Adam
0,0,0,0,0,-236.353,202.076,541.676,2.43418,0.710629,0.769404,0.911078,2.39757,NN_Adam
0,0,0,0,0,-152.979,222.935,365.361,2.17225,1.58588,6.02048,6.2142,1.23374,NN_Adam
0,0,0,0,0,-406.297,-98.1841,62.5143,3.37859,0.0522239,0.629959,6.21551,0.721104,NN_Adam
0,0,0,0,0,368.31,-330.7,33.8921,5.55142,5.60185,0.32262,2.07606,0.00805729,NN_Adam
0,0,0,0,0,137.321,-61.4255,143.229,2.72067,3.86841,2.54344,4.19663,6.22657,NN_Adam
0,0,0,0,0,-119.491,251.24,166.161,2.01462,4.43444,1.9529,2.25383,0.486989,NN_Adam
0,0,0,0,0,-441.797,78.6603,423.531,2.96534,0.353886,0.192179,1.80269,2.06914,NN_Adam
0,0,0,0,0,325.556,353.477,160.055,0.826514,0.00784415,5.54347,2.79038,5.4464,NN_Adam
0,0,0,0,0,178.489,509.64,131.356,1.23386,6.19186,0.0497905,1.63091,1.38371,NN_Adam
0,0,0,0,0,144.186,-306.451,110.151,2.01046,2.06053,1.86069,1.16105,5.01784,NN_Adam
0,0,0,0,0,493.639,49.8274,191.329,0.100295,5.86504,1.09566,0.997329,2.89142,NN_Adam
0,0,0,0,0,264.393,-163.836,87.5618,2.58668,3.81687,4.24051,3.38874,6.22657,NN_Adam
0,0,0,0,0,259.686,-452.118,222.232,5.23371,6.13795,0.248739,1.86263,1.80074,NN_Adam
0,0,0,0,0,-110.731,245.219,117.61,1.99462,4.24544,1.86611,2.39487,0.486989,NN_Adam
0,0,0,0,0,-132.427,-330.436,26.3899,1.18948,2.43994,1.21033,1.85458,6.08012,NN_Adam
0,0,0,0,0,-417.182,-208.96,114.348,3.60582,5.5301,0.50488,2.33065,0.384745,NN_Adam
0,0,0,0,0,-461.195,39.8817,97.3139,3.05523,6.13444,0.925882,0.200431,1.75357,NN_Adam
0,0,0,0,0,-152.443,40.0569,144.447,2.88439,0.540203,1.00565,4.68296,0.914063,NN_Adam
0,0,0,0,0,151.867,490.249,238.705,1.27029,6.17191,0.715625,1.11508,1.38371,NN_Adam
0,0,0,0,0,-394.444,253.359,130.053,2.5705,6.00721,1.17115,0.298815,0.999488,NN_Adam
0,0,0,0,0,-469.348,50.8938,43.3494,3.03336,5.37774,0.676076,2.0268,0.82735,NN_Adam
0,0,0,0,0,-167.332,127.936,603.406,2.48856,0.832323,0.362359,1.83726,3.33779,NN_Adam
0,0,0,0,0,15.2772,289.055,153.217,1.51788,2.01692,3.71858,1.82283,1.68825,NN_Adam
0,0,0,0,0,500.372,53.1732,185.891,0.105751,5.81809,0.598647,1.86497,2.89142,NN_Adam
0,0,0,0,0,224.067,-440.292,165.645,5.18297,5.76797,0.453708,2.1272,6.0557,NN_Adam
0,0,0,0,0,-47.2623,218.921,455.315,1.78343,0.989097,5.01331,3.53227,6.17791,NN_Adam
0,0,0,0,0,-354.621,373.257,128.942,2.3304,5.88049,0.213949,2.07647,0.999488,NN_Adam
0,0,0,0,0,-444.15,168.933,110.286,2.77798,0.426468,6.11296,0.644543,4.41349,NN_Adam
0,0,0,0,0,-78.6773,-113.451,311.603,0.964536,2.17852,4.22723,4.49319,2.27078,NN_Adam
0,0,0,0,0,-481.866,-184.095,169.988,3.50654,5.92716,0.339177,1.96073,0.384745,NN_Adam
0,0,0,0,0,296.129,-238.516,444.337,5.60469,1.12704,5.12561,2.43716,0.586595,NN_Adam
0,0,0,0,0,167.042,441.356,32.8359,1.20899,0.0468032,5.1812,2.60692,1.11678,NN_Adam
0,0,0,0,0,157.993,-273.445,350.47,2.09454,3.58583,5.24607,1.0538,1.90659,NN_Adam
0,0,0,0,0,-82.8318,326.931,146.784,1.81886,6.10392,2.05621,5.49207,4.84654,NN_Adam
0,0,0,0,0,127.332,-385.774,105.981,1.88947,2.56215,0.55109,2.23801,4.79934,NN_Adam
0,0,0,0,0,86.1345,213.93,302.251,1.188,0.629803,3.94641,4.41828,6.17791,NN_Adam
0,0,0,0,0,-301.498,-347.384,294.95,3.99729,6.07154,1.25944,0.819296,3.41488,NN_Adam
0,0,0,0,0,62.4933,442.164,64.7996,1.43032,0.0613317,0.493582,0.169053,5.82413,NN_Adam
0,0,0,0,0,197.189,308.949,281.845,1.00273,1.5933,4.25758,2.1709,2.83862,NN_Adam
0,0,0,0,0,-172.222,251.014,546.231,2.17183,0.907457,0.575962,0.802289,2.03274,NN_Adam
0,0,0,0,0,-291.712,283.772,397.862,2.36993,0.554761,0.807675,0.37979,0.572269,NN_Adam
0,0,0,0,0,-274.867,52.059,158.512,6.0959,2.46099,6.08555,3.51009,3.84344,NN_Adam
0,0,0,0,0,-264.301,54.2246,229.256,6.08068,1.44418,2.37384,0.833866,0.906191,NN_Adam
0,0,0,0,0,-104.805,354.157,395.046,1.85834,1.19984,6.16625,0.415152,1.23374,NN_Adam
0,0,0,0,0,180.275,-389.91,393.452,5.14538,0.453329,0.770112,0.586894,5.34562,NN_Adam
0,0,0,0,0,-382.069,219.654,199.372,2.61967,6.07465,1.45534,0.122367,0.999488,NN_Adam
0,0,0,0,0,-20.1886,455.922,212.032,1.61496,0.430191,0.414325,0.245523,0.458874,NN_Adam
0,0,0,0,0,-68.3531,227.278,421.111,1.86295,1.01414,4.68153,3.68208,6.17791,NN_Adam
0,0,0,0,0,-324.732,175.77,295.901,2.64535,0.096157,1.74044,6.03418,0.999488,NN_Adam
0,0,0,0,0,-298.788,216.911,246.637,2.51369,0.049408,1.76477,5.85907,0.999488,NN_Adam
0,0,0,0,0,-508.399,102.311,68.5162,2.9429,5.7976,0.276894,1.88007,4.41349,NN_Adam
0,0,0,0,0,-472.13,-27.4448,249.946,3.19954,5.88835,0.53349,2.15436,0.322384,NN_Adam
0,0,0,0,0,224.666,-152.338,195.711,2.54535,1.54549,2.42752,0.769089,1.09903,NN_Adam
0,0,0,0,0,-264.068,160.204,563.606,2.596,0.826102,0.444715,1.22436,2.39757,NN_Adam
0,0,0,0,0,165.044,297.723,125.884,1.06446,5.81243,5.50699,3.76865,5.4464,NN_Adam
0,0,0,0,0,198.966,-78.0784,25.7495,2.76726,3.81727,3.85216,4.13182,6.22657,NN_Adam
0,0,0,0,0,425.089,1.31489,98.8099,3.14454,2.65508,0.548674,2.05026,5.88884,NN_Adam
0,0,0,0,0,-284.723,-93.0512,331.051,3.4569,5.92952,2.39959,0.0959293,1.26648,NN_Adam
0,0,0,0,0,56.5722,-70.3994,242.106,2.24743,3.54945,2.51426,3.90591,6.22657,NN_Adam
0,0,0,0,0,286.742,-243.692,497.071,5.57852,0.456149,0.282923,1.90133,0.586595,NN_Adam
0,0,0,0,0,-163.226,1.62463,95.0518,3.13159,0.183869,1.29298,4.64555,0.914063,NN_Adam
0,0,0,0,0,-112.425,-517.607,252.708,4.49847,0.174107,0.0292928,1.60632,0.191397,NN_Adam
0,0,0,0,0,240.45,245.829,276.657,0.796154,5.54667,0.928306,2.65331,0.0620472,NN_Adam
0,0,0,0,0,-14.5576,-164.169,78.8764,1.48225,1.59513,3.15267,0.381682,1.73232,NN_Adam
0,0,0,0,0,172.655,137.854,254.473,0.673665,5.0717,1.47426,2.86448,0.786399,NN_Adam
0,0,0,0,0,273.384,93.4784,26.2985,0.329368,4.66401,2.70211,0.0855961,1.59582,NN_Adam
0,0,0,0,0,-179.283,-77.8335,222.783,3.55119,5.34389,3.45374,5.93281,1.26648,NN_Adam
0,0,0,0,0,323.738,-73.161,76.5677,2.91926,3.75616,4.46797,3.28507,6.22657,NN_Adam
0,0,0,0,0,456.466,0.171543,46.3554,3.14192,3.11706,0.187216,1.79738,5.88884,NN_Adam
0,0,0,0,0,-178.298,48.3896,274.993,2.87653,1.13275,2.2746,4.55269,0.988303,NN_Adam
0,0,0,0,0,-130.731,215.876,64.1016,2.11509,4.1359,1.63839,2.62483,0.164514,NN_Adam
0,0,0,0,0,45.4132,345.212,11.7611,1.43991,0.95216,4.73062,1.15121,1.11678,NN_Adam
0,0,0,0,0,3.71385,182.047,215.541,1.55032,3.15233,3.9829,0.573327,1.68825,NN_Adam
0,0,0,0,0,242.883,-188.54,155.546,2.48125,1.90548,2.23152,0.688249,0.246225,NN_Adam
0,0,0,0,0,308.585,-178.468,340.791,2.61712,2.75932,0.731247,0.228463,2.38395,NN_Adam
0,0,0,0,0,189.14,-165.203,387.842,5.56453,1.92318,3.89109,2.84133,0.586595,NN_Adam
0,0,0,0,0,191.456,101.512,154.025,0.487369,4.563,3.35919,0.0498041,1.59582,NN_Adam
0,0,0,0,0,-219.989,-35.9724,116.442,3.30352,1.78398,3.0057,2.84402,3.28783,NN_Adam
0,0,0,0,0,187.265,435.978,336.99,1.16504,6.26182,0.362253,1.97795,2.53824,NN_Adam
0,0,0,0,0,-0.407751,-27.4778,71.1011,1.55586,0.10016,2.28723,3.33101,0.353671,NN_Adam
0,0,0,0,0,311.784,-426.817,157.899,5.34299,6.07578,0.565469,1.19186,6.0557,NN_Adam
0,0,0,0,0,61.8426,450.726,336.978,1.43426,0.0808595,1.05331,0.692211,2.05852,NN_Adam
0,0,0,0,0,-325.157,167.352,150.67,2.6661,0.214766,1.10137,5.7106,1.75357,NN_Adam
0,0,0,0,0,229.17,-282.782,353.011,5.39334,0.654442,0.977095,6.11547,5.34562,NN_Adam
0,0,0,0,0,-250.471,-274.48,81.9865,3.97241,0.24488,0.530337,5.94318,0.954884,NN_Adam
0,0,0,0,0,262.547,82.0985,230.034,3.44448,3.3829,4.01103,3.60548,6.22657,NN_Adam
0,0,0,0,0,-350.483,-30.7096,18.7992,3.22891,4.74939,1.0109,2.54075,0.82735,NN_Adam
0,0,0,0,0,-347.767,355.982,323.678,2.34447,0.100631,0.217442,1.83078,0.572269,NN_Adam
0,0,0,0,0,360.407,-39.66,286.473,3.03203,2.20878,1.57566,0.471269,2.71482,NN_Adam
0,0,0,0,0,347.581,-257.546,397.97,5.64542,1.03894,5.27963,2.07936,0.586595,NN_Adam
0,0,0,0,0,115.802,-503.34,85.4514,4.93856,5.78709,0.313436,1.92317,6.27677,NN_Adam
0,0,0,0,0,-138.511,300.975,179.004,2.0018,4.77047,1.81089,2.0145,0.486989,NN_Adam
0,0,0,0,0,-111.85,-368.973,344.817,1.27622,2.57498,5.82614,2.59707,2.04068,NN_Adam
0,0,0,0,0,-258.842,435.423,192.615,2.10705,6.24135,0.734338,0.720403,6.07848,NN_Adam
0,0,0,0,0,94.266,220.864,171.043,1.16717,0.469523,2.21097,4.66321,4.84654,NN_Adam
0,0,0,0,0,-87.5606,-179.845,385.481,4.25935,2.63305,3.85679,2.03516,0.341132,NN_Adam
0,0,0,0,0,57.3451,225.791,246.813,1.32198,0.2151,3.89142,4.70364,6.17791,NN_Adam
0,0,0,0,0,-283.854,-13.1822,51.8473,0.046319,2.76873,6.19773,3.35923,3.84344,NN_Adam
0,0,0,0,0,-394.391,-130.706,238.03,3.46153,0.401821,0.828185,6.16206,0.458783,NN_Adam
0,0,0,0,0,-109.489,249.678,57.45,1.98382,4.20551,1.6486,2.48771,0.164514,NN_Adam
0,0,0,0,0,3.76549,-192.369,64.6178,1.59025,1.78356,2.93637,0.463822,1.73232,NN_Adam
0,0,0,0,0,-315.042,-361.723,7.96676,3.99577,5.82908,0.823303,0.617241,0.444879,NN_Adam
0,0,0,0,0,-150.755,324.288,206.514,2.0059,0.701372,0.405593,5.91068,6.07848,NN_Adam
0,0,0,0,0,-90.103,40.7523,280.626,5.85854,2.79719,1.7835,4.69716,0.0907237,NN_Adam
0,0,0,0,0,6.18302,-482.744,83.7193,4.72498,6.17935,0.669696,0.42268,5.80573,NN_Adam
0,0,0,0,0,274.239,-401.806,120.534,5.31122,5.77388,1.20226,0.705563,6.0557,NN_Adam
0,0,0,0,0,-41.8492,-255.45,45.2237,1.40836,2.12157,1.25431,2.53327,1.72265,NN_Adam
0,0,0,0,0,-15.6372,236.484,463.273,1.63681,1.04183,4.97883,3.42486,6.17791,NN_Adam
0,0,0,0,0,-36.8348,202.309,30.3578,1.75061,2.03532,3.35359,1.70378,1.68825,NN_Adam
0,0,0,0,0,99.057,-95.6419,354.194,2.37372,0.462043,1.90287,2.14567,6.01895,NN_Adam
0,0,0,0,0,182.098,-391.662,123.426,2.00581,2.66545,0.424674,2.10794,4.79934,NN_Adam
0,0,0,0,0,-346.609,244.265,387.874,2.52757,6.26978,0.454526,2.14825,2.06914,NN_Adam
0,0,0,0,0,223.473,-119.183,231.17,2.65155,1.47529,2.54455,0.53625,1.09903,NN_Adam
0,0,0,0,0,372.349,303.496,218.916,0.683704,0.0890685,5.66036,2.72639,5.4464,NN_Adam
0,0,0,0,0,-204.41,-406.021,332.603,4.24585,6.1416,0.445253,2.14232,1.21809,NN_Adam
0,0,0,0,0,-92.9694,175.464,450.623,2.05773,2.40157,4.78652,1.1075,5.93834,NN_Adam
0,0,0,0,0,-302.264,-108.806,74.8082,0.34538,2.8477,5.95926,3.30282,3.84344,NN_Adam
0,0,0,0,0,-39.1307,70.6088,307.996,2.07686,3.19352,4.75046,0.0692596,5.93834,NN_Adam
0,0,0,0,0,-212.973,216.138,55.462,2.34881,4.43375,1.45848,2.48636,0.164514,NN_Adam
0,0,0,0,0,-327.492,323.675,349.182,2.36199,0.410078,0.62229,0.65067,0.572269,NN_Adam
0,0,0,0,0,-358.445,344.25,232.907,2.37612,6.12232,0.962012,0.832324,6.07848,NN_Adam
0,0,0,0,0,-240.148,-334.249,119.229,0.947681,2.54167,0.567839,2.1845,1.4549,NN_Adam
0,0,0,0,0,-452.23,228.915,87.5539,2.67289,5.88072,0.853174,0.852051,1.75357,NN_Adam
0,0,0,0,0,28.5233,249.881,326.66,1.45683,0.766045,4.17459,4.12588,6.17791,NN_Adam
0,0,0,0,0,-93.0688,-333.198,345.945,1.29832,1.993,0.415594,2.4541,1.4549,NN_Adam
0,0,0,0,0,-192.268,-464.76,338.186,4.32008,0.331607,0.0450072,1.62545,1.21809,NN_Adam
0,0,0,0,0,19.6403,-447.104,126.859,4.75614,0.499426,6.21965,0.364328,5.80573,NN_Adam
0,0,0,0,0,216.389,-230.703,15.2282,2.32405,3.83241,4.57141,3.34059,6.22657,NN_Adam
0,0,0,0,0,359.576,180.859,196.402,0.465776,5.20832,1.46175,1.85194,2.76285,NN_Adam
0,0,0,0,0,207.327,242.389,236.475,0.863108,0.0584286,2.19212,5.48999,4.84654,NN_Adam
0,0,0,0,0,52.4468,-104.532,42.5613,5.17696,0.98799,4.87179,6.09719,5.26321,NN_Adam
0,0,0,0,0,-49.4084,-83.952,488.55,1.03895,0.666863,1.63886,1.67304,6.01895,NN_Adam
0,0,0,0,0,-275.511,-105.038,123.736,0.364248,2.65154,5.96176,3.4847,3.84344,NN_Adam
0,0,0,0,0,-141.174,-337.456,141.195,1.17446,2.29415,0.683355,2.45828,1.4549,NN_Adam
0,0,0,0,0,-309.964,-111.281,70.2674,0.344606,2.88232,5.94318,3.25771,3.84344,NN_Adam
0,0,0,0,0,419.558,-8.96041,246.2,3.12021,3.24394,5.25388,2.46441,5.89801,NN_Adam
0,0,0,0,0,111.711,-276.719,144.519,1.9544,1.71171,2.12765,1.19656,5.01784,NN_Adam
0,0,0,0,0,-399.042,-190.48,304.045,3.58642,6.2131,1.33544,0.486602,3.41488,NN_Adam
0,0,0,0,0,-152.877,357.296,426.215,1.9747,1.11552,6.18071,0.675289,1.23374,NN_Adam
0,0,0,0,0,-312.422,80.7563,205.689,2.88856,0.557494,0.947521,5.53451,1.75357,NN_Adam
0,0,0,0,0,-99.7171,36.9782,637.911,2.78636,1.15209,0.221537,1.84191,3.33779,NN_Adam
0,0,0,0,0,-17.5868,-433.656,115.69,1.53007,2.62532,0.65768,1.84966,1.72265,NN_Adam
0,0,0,0,0,401.521,340.725,100.003,0.703622,5.90972,0.232566,1.84337,5.4464,NN_Adam
0,0,0,0,0,370.479,-253.492,293.024,5.68291,0.0196587,1.21912,0.402203,2.71482,NN_Adam
0,0,0,0,0,246.836,-367.622,12.0985,2.16198,3.19584,0.583118,1.14715,4.79934,NN_Adam
0,0,0,0,0,-284.388,250.132,470.791,2.42002,0.860898,0.396424,0.679193,2.03274,NN_Adam
0,0,0,0,0,233.723,-206.063,408.519,5.56047,1.64773,4.34235,2.59884,0.586595,NN_Adam
0,0,0,0,0,-348.881,-271.08,239.629,3.80207,5.84347,1.59996,0.570984,1.08158,NN_Adam
0,0,0,0,0,-404.389,274.773,290.459,2.54471,0.109028,0.775896,0.786908,0.999488,NN_Adam
0,0,0,0,0,-261.301,-199.999,436.832,0.65299,2.07551,1.0756,0.764744,1.46502,NN_Adam
0,0,0,0,0,-283.841,380.035,50.8409,2.21221,5.70431,1.16997,0.569748,1.75357,NN_Adam
0,0,0,0,0,16.003,-526.092,195.228,4.74275,6.0986,0.237673,1.84288,5.80573,NN_Adam
0,0,0,0,0,-19.9486,-27.9104,220.608,0.950178,2.93219,1.312,4.44904,0.0907237,NN_Adam
0,0,0,0,0,224.566,-172.889,274.229,2.48535,1.6112,2.2502,0.563636,1.09903,NN_Adam
0,0,0,0,0,285.788,365.786,236.555,0.907491,6.20093,1.19212,0.374789,5.73413,NN_Adam
0,0,0,0,0,-18.4852,186.875,93.3048,4.81097,5.13864,3.25377,2.73396,0.353671,NN_Adam
0,0,0,0,0,377.719,-316.195,302.876,5.58594,0.11389,0.710306,0.927042,2.71482,NN_Adam
0,0,0,0,0,398.003,230.737,174.199,3.66668,2.78751,0.242166,1.87468,4.04251,NN_Adam
0,0,0,0,0,-21.2115,262.829,299.527,1.65131,0.639614,4.14156,4.18076,6.17791,NN_Adam
0,0,0,0,0,380.664,277.732,247.427,0.630205,6.12532,1.20239,0.562975,5.73413,NN_Adam
0,0,0,0,0,-253.527,-291.965,304.445,0.855582,2.12657,0.582153,2.14528,1.46502,NN_Adam
0,0,0,0,0,205.297,-134.84,156.771,2.56027,3.6145,3.65511,3.87447,6.22657,NN_Adam
0,0,0,0,0,-76.4677,121.234,325.274,2.13346,2.84366,4.7007,0.328148,5.93834,NN_Adam
0,0,0,0,0,-82.7178,126.025,435.638,2.15153,5.96299,1.61875,2.1491,3.33779,NN_Adam
0,0,0,0,0,-254.067,240.558,525.429,2.38342,0.638561,0.607469,1.13818,2.03274,NN_Adam
0,0,0,0,0,-427.042,-257.212,246.667,3.68357,6.03762,0.372625,2.02925,0.384745,NN_Adam
0,0,0,0,0,-6.31937,-174.23,380.177,1.53407,0.72515,1.84183,1.87907,6.01895,NN_Adam
0,0,0,0,0,25.4894,303.718,224.59,1.48699,0.0797287,2.30847,5.34,4.84654,NN_Adam
0,0,0,0,0,-392.092,299.795,171.284,2.48847,6.08446,0.988269,0.590833,0.999488,NN_Adam
0,0,0,0,0,-274.138,389.763,170.516,2.1836,0.00473785,0.869617,0.315627,6.07848,NN_Adam
0,0,0,0,0,200.009,431.104,273.695,1.1363,0.841478,5.12184,2.13928,2.83862,NN_Adam
0,0,0,0,0,-507.313,-124.899,190.205,3.3829,6.09891,0.663531,1.13432,0.721104,NN_Adam
0,0,0,0,0,249.011,256.679,254.925,0.800225,5.49805,0.900347,2.6449,0.0620472,NN_Adam
0,0,0,0,0,-443.723,17.8669,367.117,3.10119,6.24381,0.447185,2.0799,2.06914,NN_Adam
0,0,0,0,0,60.9043,377.763,418.216,1.41091,0.178116,1.3265,0.591001,0.374479,NN_Adam
0,0,0,0,0,-115.411,276.732,292.811,1.96564,5.16898,1.85665,1.92635,0.486989,NN_Adam
0,0,0,0,0,-115.588,69.5409,232.762,5.74165,3.14121,1.32087,4.86787,0.0907237,NN_Adam
0,0,0,0,0,81.3469,363.335,389.845,1.35026,0.099305,1.55678,0.355803,0.374479,NN_Adam
0,0,0,0,0,526.848,-47.1515,165.693,6.19388,6.04819,0.226783,1.83838,2.89142,NN_Adam
0,0,0,0,0,-152.994,-189.689,564.96,0.891654,1.95041,0.174548,1.76575,6.01895,NN_Adam
0,0,0,0,0,-195.12,-350.259,3.6882,1.06245,2.76326,0.975688,1.58272,6.08012,NN_Adam
0,0,0,0,0,-375.973,-250.417,280.237,3.72892,6.19394,1.29739,0.457872,3.41488,NN_Adam
0,0,0,0,0,-247.014,-19.2568,382.491,3.21914,0.854992,1.57523,5.56351,0.988303,NN_Adam
0,0,0,0,0,-101.496,482.881,126.259,1.77777,5.71041,0.371671,2.19986,5.31042,NN_Adam
0,0,0,0,0,96.2831,-208.867,264.071,5.14424,1.62132,5.79324,5.89631,5.26321,NN_Adam
0,0,0,0,0,107.222,-439.077,49.0896,4.9518,5.32627,0.593129,2.29508,6.27677,NN_Adam
0,0,0,0,0,-38.8281,242.442,283.99,1.72953,0.560075,3.91426,4.40353,6.17791,NN_Adam
0,0,0,0,0,-175.526,-300.089,200.218,4.18289,5.74629,2.3779,6.02423,1.26648,NN_Adam
0,0,0,0,0,176.151,247.184,255.253,0.951494,0.109442,2.30702,5.44569,4.84654,NN_Adam
0,0,0,0,0,-102.949,508.987,20.8708,1.77032,5.84436,0.15293,1.75443,5.31042,NN_Adam
0,0,0,0,0,-304.001,195.566,71.641,2.56986,0.155687,0.685092,5.84531,1.75357,NN_Adam
0,0,0,0,0,-304.804,141.749,171.17,2.70617,0.372393,1.06296,5.55039,1.75357,NN_Adam
0,0,0,0,0,138.947,401.543,361.187,1.23744,0.0669361,0.0224015,2.55925,2.53824,NN_Adam
0,0,0,0,0,-388.349,340.419,173.787,2.4217,6.06049,0.774154,0.97446,0.999488,NN_Adam
0,0,0,0,0,-363.359,63.3592,332.181,2.96885,5.93581,1.92915,0.481938,5.86949,NN_Adam
0,0,0,0,0,75.704,417.142,354.424,1.3912,0.0451158,0.0137173,2.59773,2.53824,NN_Adam
0,0,0,0,0,78.3205,103.76,28.5923,4.06575,5.5311,3.05515,2.95402,0.353671,NN_Adam
0,0,0,0,0,72.4357,260.748,368.549,1.29945,0.924644,4.41084,3.78306,6.17791,NN_Adam
0,0,0,0,0,-135.696,312.939,108.899,1.97973,4.66757,1.57679,2.20419,0.164514,NN_Adam
0,0,0,0,0,-242.767,228.687,359.109,2.38603,1.02083,4.45682,3.32907,6.17791,NN_Adam
0,0,0,0,0,291.69,72.8344,235.876,3.38618,3.38392,4.21336,3.41906,6.22657,NN_Adam
0,0,0,0,0,4.20689,442.807,190.312,1.5612,0.491153,0.294713,0.170525,0.458874,NN_Adam
0,0,0,0,0,-175.146,-33.1825,37.4483,3.32877,3.77566,1.52021,3.00907,0.164514,NN_Adam
0,0,0,0,0,-293.132,206.115,278.152,2.5287,0.162408,1.74039,5.85147,0.999488,NN_Adam
0,0,0,0,0,171.702,334.381,44.2596,1.09628,0.988963,4.78727,1.20421,1.11678,NN_Adam
0,0,0,0,0,-9.36013,-22.6175,130.611,1.17839,0.126622,1.90814,3.48227,0.353671,NN_Adam
0,0,0,0,0,297.716,321.508,73.4589,0.823735,6.14562,5.20707,3.13262,5.4464,NN_Adam
0,0,0,0,0,337.221,-296.064,182.785,5.5626,5.69213,0.366715,2.56981,0.00805729,NN_Adam
0,0,0,0,0,-176.031,-187.132,307.692,3.95698,2.37017,3.71636,2.13843,0.341132,NN_Adam
0,0,0,0,0,525.611,26.4994,269.087,0.0503043,0.219104,0.0195629,1.5939,2.89142,NN_Adam
0,0,0,0,0,353.32,107.066,32.9436,3.43564,3.01854,1.46299,0.238163,0.917386,NN_Adam
0,0,0,0,0,90.0378,-197.729,430.76,1.99792,3.44711,4.95326,1.17272,1.34452,NN_Adam
0,0,0,0,0,-26.3822,-8.03971,374.964,3.43732,0.22698,0.961864,3.20605,3.09063,NN_Adam
0,0,0,0,0,25.3908,-130.334,491.809,1.7631,0.847688,1.58454,1.57651,6.01895,NN_Adam
0,0,0,0,0,-157.754,503.556,250.357,1.87434,0.0839078,0.100715,1.69221,0.458874,NN_Adam
0,0,0,0,0,-281.133,102.973,109.492,5.93183,2.71298,5.94117,3.46173,3.84344,NN_Adam
0,0,0,0,0,337.577,-383.088,298.49,5.43467,0.0997969,0.171504,1.7763,5.34562,NN_Adam
0,0,0,0,0,249.427,377.564,48.017,0.986803,0.605046,4.88032,1.93923,1.11678,NN_Adam
0,0,0,0,0,-247.481,-24.4754,206.789,3.24008,1.85871,3.19798,2.97362,3.28783,NN_Adam
0,0,0,0,0,73.3743,-428.499,292.817,1.74025,3.02984,5.65133,2.142,1.34452,NN_Adam
0,0,0,0,0,-302.83,-223.017,434.556,0.634718,2.30648,0.183171,1.79252,1.88987,NN_Adam
0,0,0,0,0,28.5718,-202.038,432.909,1.71103,1.02617,1.63912,1.61237,6.01895,NN_Adam
0,0,0,0,0,316.995,-151.352,146.453,2.69598,2.16015,1.90182,0.75061,0.246225,NN_Adam
0,0,0,0,0,-71.5251,-439.674,261.318,4.55101,0.685604,0.140167,0.352543,0.191397,NN_Adam
0,0,0,0,0,-72.7263,-365.865,363.073,1.37425,3.3094,5.20828,1.80458,1.34452,NN_Adam
0,0,0,0,0,0.632995,327.418,468.719,1.56873,0.283614,1.41352,0.599656,0.374479,NN_Adam
0,0,0,0,0,191.32,-230.138,310.95,2.2643,3.79792,5.16759,0.878075,1.90659,NN_Adam
0,0,0,0,0,-463.792,-227.224,103.65,3.5971,5.81161,0.313889,1.95293,0.384745,NN_Adam
0,0,0,0,0,60.236,-33.9357,135.387,2.62869,4.18039,1.87364,4.16368,6.22657,NN_Adam
0,0,0,0,0,-32.9053,388.431,369.457,1.65519,0.750704,5.05333,3.01542,6.17791,NN_Adam
0,0,0,0,0,-104.093,244.382,171.955,1.97317,4.39345,1.97489,2.31583,0.486989,NN_Adam
0,0,0,0,0,15.3076,-391.842,76.4832,1.60968,2.48938,0.869118,2.02657,1.72265,NN_Adam
0,0,0,0,0,-86.6729,335.416,451.652,1.82353,0.373343,1.31675,0.432833,1.23374,NN_Adam
0,0,0,0,0,-56.3399,-433.973,412.174,4.58316,0.18059,0.334136,1.95884,0.165034,NN_Adam
0,0,0,0,0,197.257,288.694,197.942,0.971143,6.22496,1.96763,5.62883,4.84654,NN_Adam
0,0,0,0,0,463.372,-118.415,159.675,6.03295,5.66516,0.523628,2.22276,2.70961,NN_Adam
0,0,0,0,0,-382.471,344.087,258.469,2.40888,6.26403,0.601452,1.1738,0.999488,NN_Adam
0,0,0,0,0,-358.104,243.748,232.43,2.54391,6.25093,1.36614,0.0475079,0.999488,NN_Adam
0,0,0,0,0,-205.964,-52.2967,5.79554,3.39015,0.114587,0.117544,5.54266,0.954884,NN_Adam
0,0,0,0,0,-33.9226,-512.66,170.974,4.6462,5.91445,0.348834,1.9802,0.191397,NN_Adam
0,0,0,0,0,-395.237,-290.485,31.6659,3.77533,5.70476,0.954409,0.816261,0.444879,NN_Adam
0,0,0,0,0,67.1014,-445.673,258.839,4.86164,5.86051,0.499993,2.35447,2.3339,NN_Adam
0,0,0,0,0,-460.525,32.2907,330.491,3.07137,6.16633,0.419119,2.1045,2.06914,NN_Adam
0,0,0,0,0,-309.679,-171.649,336.009,0.506002,1.82401,1.34483,1.34617,1.88987,NN_Adam
0,0,0,0,0,-34.455,47.1587,392.607,2.20174,0.145695,0.938364,3.13097,3.09063,NN_Adam
0,0,0,0,0,87.3621,318.212,328.139,1.3027,1.7458,4.11641,2.38674,2.83862,NN_Adam
0,0,0,0,0,-422.796,-9.50994,370.086,0.0224475,2.64064,0.0376363,1.61667,1.88987,NN_Adam
0,0,0,0,0,-525.219,-101.338,107.264,3.33215,6.03948,0.136098,1.7343,0.721104,NN_Adam
0,0,0,0,0,365.962,-83.7323,229.576,2.91666,2.37113,1.58793,0.410488,2.71482,NN_Adam
0,0,0,0,0,-346.66,70.9009,158.871,2.93979,0.348907,0.923031,5.68326,1.75357,NN_Adam
0,0,0,0,0,105.039,-44.078,159.449,2.74437,3.92597,2.27142,4.13681,6.22657,NN_Adam
0,0,0,0,0,168.413,-35.8015,212.143,2.9321,3.49796,2.93242,4.09003,6.22657,NN_Adam
0,0,0,0,0,-4.63281,24.9806,384.511,1.75412,0.224127,1.00534,3.12622,3.09063,NN_Adam
0,0,0,0,0,357.728,-3.42508,59.1241,3.13191,2.38875,1.00204,2.15101,5.88884,NN_Adam
0,0,0,0,0,-122.911,196.009,366.944,2.13062,0.92199,4.3032,4.02173,6.17791,NN_Adam
0,0,0,0,0,-324.02,-377.61,299.645,4.00292,6.24383,0.308042,1.90216,3.41488,NN_Adam
0,0,0,0,0,-463.468,-178.474,112.149,3.50886,5.73282,0.280425,2.22758,0.384745,NN_Adam
0,0,0,0,0,64.7965,-199.585,235.297,1.88469,2.61884,4.51086,4.29271,2.27078,NN_Adam
0,0,0,0,0,-46.1351,-21.3698,308.225,0.434074,2.5211,1.56945,4.74461,0.0907237,NN_Adam
0,0,0,0,0,-311.008,293.815,317.297,2.38443,0.347319,0.983345,0.176679,0.572269,NN_Adam
0,0,0,0,0,57.8841,-312.147,48.3262,1.7538,2.31511,2.05333,0.747478,1.73232,NN_Adam
0,0,0,0,0,-319.23,-348.698,312.781,3.97097,6.17575,1.03123,0.997294,3.41488,NN_Adam
0,0,0,0,0,-224.186,220.804,69.6078,2.36362,4.50646,1.47058,2.43376,0.164514,NN_Adam
0,0,0,0,0,324.403,75.0319,40.2548,3.36856,3.00163,1.74695,6.21624,0.917386,NN_Adam
0,0,0,0,0,-384.135,-306.616,194.001,3.81487,0.348966,0.249483,0.583974,3.41488,NN_Adam
0,0,0,0,0,-314.138,347.262,241.603,2.306,6.26581,1.09517,0.39314,6.07848,NN_Adam
0,0,0,0,0,-130.974,223.686,333.621,2.10055,1.6327,5.91203,6.13092,1.23374,NN_Adam
0,0,0,0,0,427.082,272.363,233.705,0.567576,6.1779,0.8147,0.930435,5.73413,NN_Adam
0,0,0,0,0,-78.7577,1.53382,647.058,3.12207,1.29028,0.156537,1.75835,3.33779,NN_Adam
0,0,0,0,0,323.75,-244.172,404.708,5.63675,1.19009,5.03324,2.22492,0.586595,NN_Adam
0,0,0,0,0,379.475,-94.7036,69.9984,2.89703,3.3641,0.817528,0.184784,3.16442,NN_Adam
0,0,0,0,0,-393.357,-241.952,79.085,0.551394,3.047,0.19022,1.80104,0.996245,NN_Adam
0,0,0,0,0,-99.1952,266.47,489.525,1.92686,1.13734,0.583307,0.169305,5.36892,NN_Adam
0,0,0,0,0,-351.405,-288.247,289.498,0.68692,2.82576,0.0256397,1.60265,0.721104,NN_Adam
0,0,0,0,0,122.926,-170.48,377.19,2.19543,3.80205,4.18193,1.9355,1.61524,NN_Adam
0,0,0,0,0,-106.228,313.948,261.369,1.897,0.0960789,2.04493,5.64767,4.84654,NN_Adam
0,0,0,0,0,-157.076,218.272,164.766,2.19436,4.41479,1.9064,2.36464,0.486989,NN_Adam
0,0,0,0,0,56.7775,-108.193,248.171,2.05402,3.54345,2.75423,3.87212,6.22657,NN_Adam
0,0,0,0,0,-299.713,-420.434,3.83503,4.09303,5.84301,0.125608,1.72216,0.291986,NN_Adam
0,0,0,0,0,-89.5694,-484.187,189.916,4.52931,6.08044,1.02841,0.629341,0.191397,NN_Adam
0,0,0,0,0,180.833,-123.757,37.334,2.54109,3.97373,3.6649,3.98009,6.22657,NN_Adam
0,0,0,0,0,-149.724,265.3,518.003,2.08451,0.965861,0.641498,0.486073,5.36892,NN_Adam
0,0,0,0,0,-154.747,-142.785,72.8907,3.88663,0.442136,0.0225652,5.42554,0.954884,NN_Adam
0,0,0,0,0,121.942,-357.04,33.7779,1.89971,3.01623,1.40237,0.308285,1.63146,NN_Adam
0,0,0,0,0,-253.061,16.3401,157.885,6.21851,1.40449,2.46022,1.09173,0.906191,NN_Adam
0,0,0,0,0,-179.859,-178.506,69.2834,3.92311,0.405859,0.191193,5.53063,0.954884,NN_Adam
0,0,0,0,0,186.056,470.065,122.514,1.19361,6.02442,0.834948,0.72265,1.38371,NN_Adam
0,0,0,0,0,353.038,-350.602,84.9486,5.50109,5.63276,0.441608,2.05792,0.00805729,NN_Adam
0,0,0,0,0,167.867,477.13,212.962,1.23226,6.13585,0.861806,0.8575,1.38371,NN_Adam
0,0,0,0,0,120.738,-226.047,485.509,5.20283,0.257185,0.413831,2.61936,5.13599,NN_Adam
0,0,0,0,0,-110.463,-70.1692,417.269,0.565882,0.575059,1.79442,1.90689,6.01895,NN_Adam
0,0,0,0,0,156.617,233.365,242.714,0.979813,0.196012,2.49241,5.19473,4.84654,NN_Adam
0,0,0,0,0,-66.9408,369.246,411.596,1.74999,1.16634,6.19522,0.506579,1.23374,NN_Adam
0,0,0,0,0,-455.54,-39.1757,328.323,3.22723,6.1343,0.444802,2.13536,0.322384,NN_Adam
0,0,0,0,0,63.789,-363.451,218.662,4.8861,5.55508,0.546309,2.9088,2.3339,NN_Adam
0,0,0,0,0,-218.463,462.052,195.975,2.01226,6.15147,0.783709,0.860882,6.07848,NN_Adam
0,0,0,0,0,-15.0447,424.3,453.278,1.60607,0.474979,0.515443,1.17801,1.23374,NN_Adam
0,0,0,0,0,404.595,-84.5795,247.111,2.93528,3.2342,5.20401,2.54788,5.89801,NN_Adam
0,0,0,0,0,-141.548,82.7993,557.421,2.61196,2.13551,5.13292,1.46031,5.93834,NN_Adam
0,0,0,0,0,-59.156,297.281,148.657,1.76708,6.17832,2.33268,5.20391,4.84654,NN_Adam
0,0,0,0,0,15.0296,204.534,147.829,1.49754,2.98969,3.72425,0.768078,1.68825,NN_Adam
0,0,0,0,0,-353.308,-1.56446,466.118,3.14594,0.0780709,1.17889,1.27718,1.11345,NN_Adam
0,0,0,0,0,63.544,526.87,62.4847,1.4507,5.97911,0.112048,1.70597,5.82413,NN_Adam
0,0,0,0,0,-55.1355,-128.411,202.536,4.30649,5.16477,3.86664,5.82404,1.26648,NN_Adam
0,0,0,0,0,309.816,45.2964,208.604,0.144962,4.7732,1.94904,1.95098,2.76285,NN_Adam
0,0,0,0,0,-248.488,180.118,425.304,2.51411,0.622703,1.40048,6.14071,0.988303,NN_Adam
0,0,0,0,0,330.757,-91.3462,102.195,2.87182,3.71278,4.49417,3.20299,6.22657,NN_Adam
0,0,0,0,0,384.228,-39.3447,32.4059,3.03935,2.59886,0.901811,1.95509,5.88884,NN_Adam
0,0,0,0,0,291.434,222.494,109.273,0.651934,5.89743,5.35072,3.65783,5.4464,NN_Adam
0,0,0,0,0,-184.648,234.793,283.217,2.23705,0.910809,3.88679,3.80558,6.17791,NN_Adam
0,0,0,0,0,-324.18,330.683,405.377,2.34577,0.3396,0.181494,1.74606,0.572269,NN_Adam
0,0,0,0,0,-97.8788,-254.278,457.804,1.20323,1.50311,1.20827,1.52336,6.01895,NN_Adam
0,0,0,0,0,-182.256,-226.564,212.231,0.893293,4.32897,4.7949,0.980871,0.721104,NN_Adam
0,0,0,0,0,19.8681,157.132,44.0288,4.58657,5.35541,3.16971,2.86985,0.353671,NN_Adam
0,0,0,0,0,25.8583,-40.3207,27.4271,5.28286,6.27512,2.37182,3.71505,0.353671,NN_Adam
0,0,0,0,0,-30.2089,-220.828,570.338,1.43463,1.81937,0.252287,1.8493,6.01895,NN_Adam
0,0,0,0,0,-196.231,297.314,293.672,2.15384,1.06552,0.0414095,6.21841,2.03274,NN_Adam
0,0,0,0,0,-363.154,-326.397,204.868,3.8734,5.86111,1.17724,0.948198,1.08158,NN_Adam
0,0,0,0,0,108.621,30.7581,217.381,0.276055,4.76946,1.63913,3.30918,1.14695,NN_Adam
0,0,0,0,0,-19.0049,-437.2,354.7,4.6688,6.1942,0.398057,2.23825,0.165034,NN_Adam
0,0,0,0,0,156.123,389.917,300.542,1.18942,1.13099,4.64776,2.44431,2.83862,NN_Adam
0,0,0,0,0,18.8012,413.092,318.596,1.52516,0.871542,0.13587,0.277724,5.90084,NN_Adam
0,0,0,0,0,-226.748,-161.52,471.97,0.618732,1.74859,0.41067,2.27291,0.906681,NN_Adam
0,0,0,0,0,303.821,405.653,144.803,0.927671,5.89418,0.960789,0.922971,0.378545,NN_Adam
0,0,0,0,0,31.0534,354.416,84.4616,1.48322,1.22784,4.71566,1.05901,1.11678,NN_Adam
0,0,0,0,0,-58.2306,-385.021,28.5593,1.42056,2.59196,1.09114,1.66809,6.08012,NN_Adam
0,0,0,0,0,-334.522,158.629,394.311,2.6987,6.26471,0.313417,2.60001,2.06914,NN_Adam
0,0,0,0,0,-60.7956,62.0047,521.405,2.34626,0.255424,1.40817,1.87198,3.33779,NN_Adam
0,0,0,0,0,-415.347,-176.31,128.235,3.5429,5.51639,0.483639,2.47427,0.384745,NN_Adam
0,0,0,0,0,78.1936,184.656,38.7446,4.31163,5.11414,3.44623,2.75429,0.353671,NN_Adam
0,0,0,0,0,7.79902,-484.716,257.27,4.72831,0.397945,0.381078,0.584467,0.191397,NN_Adam
0,0,0,0,0,16.7012,-36.3249,351.285,2.00184,2.32744,1.30189,5.01683,0.0907237,NN_Adam
0,0,0,0,0,160.438,-27.5563,223.967,2.97141,3.47477,2.89298,4.06361,6.22657,NN_Adam
0,0,0,0,0,-98.6678,29.864,9.45997,5.98929,5.65226,2.99081,3.05883,0.353671,NN_Adam
0,0,0,0,0,-380.195,0.38095,422.916,6.28213,2.28646,0.221277,1.83304,1.88987,NN_Adam
0,0,0,0,0,426.34,169.167,40.2862,3.51876,3.1546,0.283014,1.58007,0.917386,NN_Adam
0,0,0,0,0,-166.624,-87.2307,188.334,3.62385,5.20183,3.61192,5.80438,1.26648,NN_Adam
0,0,0,0,0,134.017,3.5005,191.507,0.0260097,4.37569,3.89406,6.1816,0.955645,NN_Adam
0,0,0,0,0,77.9806,271.738,217.822,1.29088,0.208648,2.42096,5.09776,4.84654,NN_Adam
0,0,0,0,0,-427.162,-84.2598,202.712,3.3363,0.30297,0.75772,6.27133,0.458783,NN_Adam
0,0,0,0,0,-289.584,316.68,171.598,2.31143,0.0686367,1.09214,6.16328,6.07848,NN_Adam
0,0,0,0,0,-127.072,-64.0182,399.535,0.466504,0.588892,1.82172,1.94339,6.01895,NN_Adam
0,0,0,0,0,-169.23,368.612,180.182,2.00106,6.07623,1.66832,6.06847,4.84654,NN_Adam
0,0,0,0,0,236.204,-347.221,369.163,5.30966,6.19758,0.425947,2.296,5.13599,NN_Adam
0,0,0,0,0,118.014,-394.069,251.94,5.00332,0.836923,0.0203219,0.170298,2.87431,NN_Adam
0,0,0,0,0,133.598,342.145,277.461,1.19847,1.57282,4.23863,2.21248,2.83862,NN_Adam
0,0,0,0,0,-100.782,-33.7871,230.39,0.323514,3.14124,1.68341,4.59734,0.0907237,NN_Adam
0,0,0,0,0,-234.419,-249.652,66.032,3.95841,0.248574,0.483279,5.82469,0.954884,NN_Adam
0,0,0,0,0,46.6247,-258.54,121.648,1.74917,1.57776,2.36827,1.15783,5.01784,NN_Adam
0,0,0,0,0,-97.9882,42.9232,304.47,5.87003,2.64655,1.87317,4.80237,0.0907237,NN_Adam
0,0,0,0,0,478.807,-177.365,314.786,5.92837,0.240114,0.0806537,1.66814,5.4841,NN_Adam
0,0,0,0,0,91.2384,-201.335,465.994,5.13785,0.169007,0.525603,2.76661,5.13599,NN_Adam
0,0,0,0,0,-295.803,16.974,551.351,3.08416,0.608845,0.270579,2.02916,0.390971,NN_Adam
0,0,0,0,0,-129.872,-199.09,318.289,4.13418,2.4861,3.64044,2.19336,0.341132,NN_Adam
0,0,0,0,0,-265.589,-228.999,92.36,3.85306,5.30123,2.38715,6.17391,1.26648,NN_Adam
0,0,0,0,0,162.377,-232.071,510.607,5.32268,0.403824,0.278756,2.44479,5.13599,NN_Adam
0,0,0,0,0,89.9352,-78.0383,275.076,5.56808,4.63501,3.61062,0.41984,0.955645,NN_Adam
0,0,0,0,0,-135.421,-256.23,547.116,4.22596,0.541405,0.369805,2.03956,0.165034,NN_Adam
0,0,0,0,0,-68.9095,337.805,361.453,1.77196,1.29871,6.09549,0.200126,1.23374,NN_Adam
0,0,0,0,0,-137.427,-219.098,596.324,4.15213,0.926909,0.149423,1.74488,0.165034,NN_Adam
0,0,0,0,0,108.762,-398.464,302.498,4.97874,5.88148,0.591365,2.4488,2.3339,NN_Adam
0,0,0,0,0,-195.616,-139.11,398.327,0.617981,1.33557,2.00118,0.752837,1.88987,NN_Adam
0,0,0,0,0,309.582,224.324,167.889,0.62696,6.07746,5.41022,3.5576,5.4464,NN_Adam
0,0,0,0,0,224.554,-432.035,330.936,5.19162,0.103779,0.6945,1.10623,5.34562,NN_Adam
0,0,0,0,0,-154.43,-79.7801,603.435,3.61819,0.876046,0.229489,2.1228,5.93834,NN_Adam
0,0,0,0,0,386.087,356.023,179.582,0.744859,6.04097,0.256957,1.87259,5.4464,NN_Adam
0,0,0,0,0,385.201,-35.6097,153.126,3.04926,2.34773,0.642215,2.33468,5.88884,NN_Adam
0,0,0,0,0,-224.47,144.227,208.646,2.57039,0.539207,3.25891,4.35616,6.17791,NN_Adam
0,0,0,0,0,128.506,-454.875,213.537,4.9874,0.499309,0.166874,0.472131,2.87431,NN_Adam
0,0,0,0,0,395.263,-147.922,68.8707,2.78324,3.29808,0.688528,0.507507,3.16442,NN_Adam
0,0,0,0,0,277.225,-18.3472,139.008,3.0754,3.65777,3.95468,3.67474,6.22657,NN_Adam
0,0,0,0,0,-200.606,399,174.886,2.03653,6.26433,1.12454,0.039157,6.07848,NN_Adam
0,0,0,0,0,165.899,-201.643,39.8194,2.25921,4.72382,3.81904,2.71455,2.21858,NN_Adam
0,0,0,0,0,97.3641,478.315,207.527,1.36978,6.01978,1.12425,0.702625,1.38371,NN_Adam
0,0,0,0,0,-124.496,173.46,614.626,2.19281,1.02632,0.413848,1.31126,5.36892,NN_Adam
0,0,0,0,0,466.111,-252.841,126.813,5.78611,5.98686,0.212361,1.82277,5.00623,NN_Adam
0,0,0,0,0,-280.001,231.73,186.813,2.45015,0.584775,0.517741,5.88163,6.07848,NN_Adam
0,0,0,0,0,-144.491,73.607,138.356,2.6704,0.499279,1.14765,4.65145,0.914063,NN_Adam
0,0,0,0,0,-245.504,142.466,126.137,5.75736,2.61595,5.9859,3.53275,3.84344,NN_Adam
0,0,0,0,0,244.208,-272.912,456.572,5.44222,1.28786,5.05727,2.28458,0.586595,NN_Adam
0,0,0,0,0,229.471,270.983,261.922,0.868107,5.51602,0.908431,2.63897,0.0620472,NN_Adam
0,0,0,0,0,-102.198,342.668,74.1654,5.00212,2.46679,0.665385,2.48371,2.53861,NN_Adam
0,0,0,0,0,139.419,-119.757,268.62,2.43196,2.35858,4.7341,4.30623,2.27078,NN_Adam
0,0,0,0,0,343.852,161.92,227.518,0.440016,5.21352,1.53884,1.89715,2.76285,NN_Adam
0,0,0,0,0,-164.716,-474.784,177.297,4.3781,6.13616,0.864545,0.687388,0.191397,NN_Adam
0,0,0,0,0,-226.702,-37.7795,214.846,3.30674,1.95092,3.08632,3.05698,3.28783,NN_Adam
0,0,0,0,0,-152.839,462.651,349.536,1.88981,0.159803,0.214681,1.82803,6.00367,NN_Adam
0,0,0,0,0,-55.883,307.305,496.939,1.75059,0.982971,0.634583,0.360059,5.36892,NN_Adam
0,0,0,0,0,-83.9722,-7.88135,340.653,0.0935291,2.41759,1.74722,4.93667,0.0907237,NN_Adam
0,0,0,0,0,-467.284,-198.011,179.636,3.54238,5.88416,0.398472,2.0128,0.384745,NN_Adam
0,0,0,0,0,0.978601,-448.288,323.001,4.7142,6.11322,0.380172,2.28761,0.165034,NN_Adam
0,0,0,0,0,-167.114,112.656,248.729,2.54841,1.08593,2.54021,4.35448,6.17791,NN_Adam
0,0,0,0,0,-410.541,-94.7398,262.784,3.36827,0.408485,0.848685,6.24847,0.458783,NN_Adam
0,0,0,0,0,-18.0756,-326.705,385.355,1.51541,3.424,5.13792,1.46692,1.34452,NN_Adam
0,0,0,0,0,296.153,-81.3294,83.5918,2.87355,3.77201,4.26312,3.46307,6.22657,NN_Adam
0,0,0,0,0,306.434,324.231,33.9215,3.95495,3.05619,0.26134,1.88589,4.3676,NN_Adam
0,0,0,0,0,-30.0414,-361.333,40.2986,1.48771,2.46982,0.986993,2.09093,1.72265,NN_Adam
0,0,0,0,0,-122.816,-342.11,501.369,4.36747,0.429817,0.321656,1.95798,0.165034,NN_Adam
0,0,0,0,0,-81.3664,143.614,127.82,2.08592,0.417736,1.12131,4.68002,0.914063,NN_Adam
0,0,0,0,0,343.716,-235.754,66.6975,5.68188,5.25108,0.551684,2.60873,5.00623,NN_Adam
0,0,0,0,0,-82.2324,-476.338,198.696,4.54119,6.07451,1.12203,0.550844,0.191397,NN_Adam
0,0,0,0,0,-132.794,-411.431,189.189,4.40007,0.665508,6.26968,0.245801,0.191397,NN_Adam
0,0,0,0,0,-246.675,341.117,345.984,2.19678,0.822153,0.226585,0.375857,2.03274,NN_Adam
0,0,0,0,0,-537.401,-13.3088,117.269,3.16627,6.10436,0.0991073,1.69014,1.99764,NN_Adam
0,0,0,0,0,-44.8664,157.624,448.869,1.84775,6.05249,1.49155,2.16539,3.33779,NN_Adam
0,0,0,0,0,-27.9008,390.8,373.698,1.64192,0.752204,5.08601,2.98093,6.17791,NN_Adam
0,0,0,0,0,156.131,126.447,89.5675,0.680444,4.35593,3.42673,6.13714,1.59582,NN_Adam
0,0,0,0,0,69.1504,406.788,341.222,1.40233,6.23724,0.0694259,2.69173,2.53824,NN_Adam
0,0,0,0,0,-319.082,191.903,253.642,2.59993,6.23786,1.85752,5.96128,0.999488,NN_Adam
0,0,0,0,0,-56.751,65.958,575.867,2.28126,0.620648,0.919668,1.95797,3.33779,NN_Adam
0,0,0,0,0,-43.2008,298.007,420.683,1.71451,1.00223,4.78491,3.32882,6.17791,NN_Adam
0,0,0,0,0,109.256,122.14,72.2291,3.98245,5.35325,3.13699,2.78011,0.353671,NN_Adam
0,0,0,0,0,-277.948,-364.185,336.448,4.06033,6.17115,0.436097,2.09923,1.21809,NN_Adam
0,0,0,0,0,-430.021,-283.864,70.5317,3.72487,5.82023,0.727706,1.10835,0.98026,NN_Adam
0,0,0,0,0,265.678,14.4989,210.392,3.19589,3.40278,3.92508,3.7285,6.22657,NN_Adam
0,0,0,0,0,-342.976,52.8798,448.47,2.98853,6.20032,1.16425,1.60221,1.11345,NN_Adam
0,0,0,0,0,157.004,-97.1028,293.546,5.72924,4.87931,3.08978,0.74792,0.955645,NN_Adam
0,0,0,0,0,-29.2921,-113.363,398.973,1.318,0.455183,1.81966,2.05587,6.01895,NN_Adam
0,0,0,0,0,142.804,299.79,265.837,1.12607,0.0340392,2.11079,5.70958,4.84654,NN_Adam
0,0,0,0,0,497.917,137.2,193.133,0.268499,6.08557,0.761899,1.02519,2.89142,NN_Adam
0,0,0,0,0,104.156,-497.584,125.127,4.91849,5.9826,0.852767,0.801296,5.80573,NN_Adam
0,0,0,0,0,247.487,382.499,294.322,0.996372,6.21485,1.2347,0.559748,5.73413,NN_Adam
0,0,0,0,0,-190.284,246.657,277.103,2.22751,0.885949,3.95567,3.73477,6.17791,NN_Adam
0,0,0,0,0,319.561,-169.63,184.277,2.65357,2.1664,1.81073,0.692117,0.246225,NN_Adam
0,0,0,0,0,-183.692,-234.413,244.899,0.905951,4.16262,4.8638,1.01217,0.721104,NN_Adam
0,0,0,0,0,-49.1502,357.073,508.569,1.70736,0.569858,0.715906,1.03474,1.23374,NN_Adam
0,0,0,0,0,254.552,-339.637,460.596,5.3552,0.843802,5.88071,1.82882,0.586595,NN_Adam
0,0,0,0,0,-339.678,-65.6347,50.7079,0.190811,2.97281,5.93943,3.13166,3.84344,NN_Adam
0,0,0,0,0,79.7875,-335.801,139.339,1.80402,2.01873,1.84307,1.12144,5.01784,NN_Adam
0,0,0,0,0,157.017,-404.496,382.727,5.08257,0.34558,0.886089,0.598656,5.34562,NN_Adam
0,0,0,0,0,5.7765,107.318,126.446,1.51692,3.25732,4.20078,6.05377,1.68825,NN_Adam
0,0,0,0,0,78.966,-215.946,513.669,5.0628,0.339186,0.506355,2.47468,5.13599,NN_Adam
0,0,0,0,0,-346.823,49.1702,150.618,3.0007,0.332913,0.920686,5.66265,1.75357,NN_Adam
0,0,0,0,0,74.8779,-106.196,69.7087,2.18485,4.27541,2.48121,4.23127,6.22657,NN_Adam
0,0,0,0,0,221.946,-255.071,476.969,5.42835,1.366,4.99831,2.36667,0.586595,NN_Adam
0,0,0,0,0,-211.994,-189.351,39.6213,3.87052,0.257571,0.288901,5.67219,0.954884,NN_Adam
0,0,0,0,0,-377.587,-90.1499,464.645,3.37577,0.297911,0.308572,2.07627,6.25163,NN_Adam
0,0,0,0,0,150.489,256.992,219.362,1.04088,0.0859694,2.38336,5.26865,4.84654,NN_Adam
0,0,0,0,0,-86.2864,18.8918,34.1351,6.06737,5.77699,2.80107,3.109,0.353671,NN_Adam
0,0,0,0,0,-134.638,226.806,356.205,2.10634,1.61044,5.99417,6.17299,1.23374,NN_Adam
0,0,0,0,0,-215.338,-60.9461,447.689,3.41742,0.781834,1.7057,5.89275,0.988303,NN_Adam
0,0,0,0,0,-124.329,-206.152,105.27,4.16956,5.20782,3.3095,5.56573,1.26648,NN_Adam
0,0,0,0,0,-52.947,-186.571,239.601,4.43574,3.48445,2.88901,2.13561,0.341132,NN_Adam
0,0,0,0,0,-235.123,-31.3891,578.172,3.27411,1.60007,5.36664,1.9586,5.93834,NN_Adam
0,0,0,0,0,-193.379,-267.969,32.2331,4.08704,0.137762,0.484575,5.81874,0.954884,NN_Adam
0,0,0,0,0,8.93567,-114.697,253.237,1.64851,3.51257,2.73132,3.87044,6.22657,NN_Adam
0,0,0,0,0,-138.736,-92.1448,263.809,0.586182,2.8726,1.87235,4.93303,0.0907237,NN_Adam
0,0,0,0,0,350.27,275.064,185.192,3.80711,2.74594,0.851882,0.938652,4.04251,NN_Adam
0,0,0,0,0,-259.481,-102.735,374.096,0.37652,1.49365,1.86606,0.865668,1.88987,NN_Adam
0,0,0,0,0,221.337,29.6323,59.8089,0.13302,4.40898,3.21381,6.18319,1.59582,NN_Adam
0,0,0,0,0,-65.1894,31.8979,402.927,2.68647,0.131466,0.911764,3.0905,3.09063,NN_Adam
0,0,0,0,0,30.8678,110.944,83.9505,4.44096,5.62153,2.77386,2.9932,0.353671,NN_Adam
0,0,0,0,0,119.134,-268.859,250.593,5.12915,1.38957,5.81278,6.13286,5.26321,NN_Adam
0,0,0,0,0,-410.008,-187.063,41.7146,0.427985,3.06749,0.23902,1.85563,0.996245,NN_Adam
0,0,0,0,0,238.895,-382.237,122.464,2.12934,2.79665,0.333498,1.95133,4.79934,NN_Adam
0,0,0,0,0,-88.2682,68.7369,582.622,2.47998,0.593197,1.13008,1.55271,3.33779,NN_Adam
0,0,0,0,0,64.8357,-30.9812,253.784,5.83732,4.72071,3.95217,0.0748578,0.955645,NN_Adam
0,0,0,0,0,186.031,289.325,10.4782,0.999057,4.82429,0.755737,2.77593,4.54565,NN_Adam
0,0,0,0,0,17.291,-134.727,300.319,1.69835,4.23997,4.60127,0.516784,1.34452,NN_Adam
0,0,0,0,0,-370.016,225.089,269.076,2.59499,0.0598067,1.29642,0.1264,0.999488,NN_Adam
0,0,0,0,0,-270.42,40.9331,146.667,6.13282,2.47848,6.10809,3.53246,3.84344,NN_Adam
0,0,0,0,0,263.122,-0.268452,182.996,3.14049,3.49726,3.85559,3.77297,6.22657,NN_Adam
0,0,0,0,0,-374.984,-143.39,488.46,3.50678,0.563502,0.152177,1.7533,6.25163,NN_Adam
0,0,0,0,0,-34.0288,-65.3781,202.063,1.09078,0.649708,3.81476,6.09338,3.18951,NN_Adam
0,0,0,0,0,-209.229,23.4552,193.441,6.171,1.02857,2.78019,0.915618,0.906191,NN_Adam
0,0,0,0,0,162.597,-458.654,189.721,5.05281,0.501371,6.2454,0.668838,1.80074,NN_Adam
0,0,0,0,0,453.397,150.093,236.651,0.319616,6.03367,1.20785,0.692587,2.89142,NN_Adam
0,0,0,0,0,118.173,-34.3334,182.096,6.00038,4.33998,3.99636,6.07948,0.955645,NN_Adam
0,0,0,0,0,479.59,-155.566,127.772,5.96937,5.74889,0.412329,2.04945,1.50097,NN_Adam
0,0,0,0,0,-69.1525,318.853,79.2417,4.92582,2.34562,0.7547,2.62036,2.53861,NN_Adam
0,0,0,0,0,172.283,16.6567,45.8793,3.23786,5.50452,3.30755,2.50992,0.353671,NN_Adam
0,0,0,0,0,-273.048,-35.7987,23.9133,0.130296,2.80469,0.0314439,3.29313,3.84344,NN_Adam
0,0,0,0,0,-367.106,137.219,464.822,2.78378,0.472492,0.812489,0.857426,2.39757,NN_Adam
0,0,0,0,0,366.533,-174.205,106.028,5.83944,5.25192,0.671331,2.62716,5.00623,NN_Adam
0,0,0,0,0,-93.2854,-292.232,431.625,1.26167,1.74105,0.662414,2.11862,6.01895,NN_Adam
0,0,0,0,0,-289.054,-69.3198,503.556,0.235068,1.93885,0.315135,1.94251,1.88987,NN_Adam
0,0,0,0,0,-98.0891,-204.017,167.457,4.26425,5.38384,3.43207,5.62259,1.26648,NN_Adam
0,0,0,0,0,169.101,79.0624,44.6847,3.57875,5.23122,3.35269,2.73061,0.353671,NN_Adam
0,0,0,0,0,-274.21,158.236,103.427,2.61814,0.325852,0.684115,5.57627,1.75357,NN_Adam
0,0,0,0,0,-238.875,302.1,451.311,2.23977,0.422619,0.986694,0.678194,2.03274,NN_Adam
0,0,0,0,0,-70.1603,-44.2147,572.664,3.70384,0.601445,0.966231,1.94148,3.33779,NN_Adam
0,0,0,0,0,193.637,-363.625,277.78,5.20164,0.805862,0.174428,0.147285,2.87431,NN_Adam
0,0,0,0,0,-253.345,206.55,341.483,2.45745,1.01132,4.32673,3.43059,6.17791,NN_Adam
0,0,0,0,0,249.921,-210.471,73.7247,2.44155,3.82861,4.38452,3.26703,6.22657,NN_Adam
0,0,0,0,0,-314.643,-424.583,163.832,4.07458,6.03767,0.2314,1.84714,0.291986,NN_Adam
0,0,0,0,0,419.645,-75.5167,335.123,6.10506,6.02965,0.573666,2.263,5.4841,NN_Adam
0,0,0,0,0,122.66,-508.887,185.566,4.94886,6.03922,0.269447,1.88534,1.80074,NN_Adam
0,0,0,0,0,-510.179,-88.6337,33.4473,3.3134,5.84319,0.509903,1.23609,0.721104,NN_Adam
0,0,0,0,0,-430.273,45.1377,449.866,3.03702,0.447477,0.165808,1.77081,2.06914,NN_Adam
0,0,0,0,0,-121.346,243.97,431.314,2.03213,2.08524,4.81165,1.29295,5.93834,NN_Adam
0,0,0,0,0,128.396,-247.07,225.072,5.19137,1.3676,5.78259,6.03851,5.26321,NN_Adam
0,0,0,0,0,131.849,35.8882,102.141,3.40738,5.89454,2.87118,2.55101,0.353671,NN_Adam
0,0,0,0,0,114.003,258.922,228.959,1.15586,0.180246,2.48438,5.1533,4.84654,NN_Adam
0,0,0,0,0,164.432,198.26,68.2766,0.878122,4.54298,1.0458,3.09408,4.54565,NN_Adam
0,0,0,0,0,-142.835,-328.281,522.238,4.30199,0.586631,0.2224,1.84078,0.165034,NN_Adam
0,0,0,0,0,-189.877,-280.642,47.7116,4.11738,0.172567,0.517895,5.82026,0.954884,NN_Adam
0,0,0,0,0,-77.1069,359.498,316.52,1.78187,0.102506,1.73598,6.12319,4.84654,NN_Adam
0,0,0,0,0,-195.05,-202.434,544.106,0.80393,2.14571,0.0773029,1.66532,6.01895,NN_Adam
0,0,0,0,0,-319.799,98.2306,21.16,2.8435,6.23459,0.813459,5.7469,1.75357,NN_Adam
0,0,0,0,0,-102.517,442.112,205.193,1.79862,5.50497,1.26212,1.58565,0.486989,NN_Adam
0,0,0,0,0,348.154,-301.38,191.478,5.56968,5.75653,0.345949,2.49084,0.00805729,NN_Adam
0,0,0,0,0,-370.945,-72.0358,71.922,0.191657,3.00814,5.87571,2.97387,3.84344,NN_Adam
0,0,0,0,0,35.337,-131.666,108.245,4.97452,1.27299,5.13491,5.80076,5.26321,NN_Adam
0,0,0,0,0,339.657,197.323,212.573,0.526221,5.21948,1.48412,1.88532,2.76285,NN_Adam
0,0,0,0,0,274.828,313.116,209.586,0.850217,6.19958,5.5774,3.26631,5.4464,NN_Adam
0,0,0,0,0,-305.795,-18.9609,74.692,0.0618988,2.79413,6.03011,3.35416,3.84344,NN_Adam
0,0,0,0,0,229.144,276.113,265.225,0.878004,5.5353,0.903321,2.61532,0.0620472,NN_Adam
0,0,0,0,0,166.019,-24.6117,94.1851,6.1357,2.87419,3.81399,0.422513,4.42808,NN_Adam
0,0,0,0,0,-62.0815,29.0433,480.609,2.70379,0.20103,1.21882,2.40135,3.33779,NN_Adam
0,0,0,0,0,-37.8657,-294.758,328.608,1.44294,3.79935,4.94994,1.16382,1.34452,NN_Adam
0,0,0,0,0,-260.79,149.787,561.704,2.62005,0.795132,0.586245,1.09697,2.39757,NN_Adam
0,0,0,0,0,-233.68,-185.673,477.013,0.671234,1.86673,0.355235,2.14082,0.906681,NN_Adam
0,0,0,0,0,-39.5364,515.495,153.629,1.64717,5.90891,0.305219,1.97948,0.458874,NN_Adam
0,0,0,0,0,62.8754,27.2989,146.821,0.409286,4.20815,1.42254,3.77923,1.6879,NN_Adam
0,0,0,0,0,259.222,-170.65,247.456,2.55935,1.74763,2.11165,0.683512,1.09903,NN_Adam
0,0,0,0,0,-30.0083,226.067,396.777,1.70263,0.923692,4.61548,3.87467,6.17791,NN_Adam
0,0,0,0,0,446.231,113.834,218.477,0.249317,5.92581,1.42598,0.535078,2.89142,NN_Adam
0,0,0,0,0,-99.4611,112.84,28.5982,2.29293,3.5736,1.53803,3.07357,0.164514,NN_Adam
0,0,0,0,0,-264.452,197.622,388.986,2.49958,1.11232,4.5453,3.18722,6.17791,NN_Adam
0,0,0,0,0,-266.726,-353.915,90.7316,4.06643,6.25441,0.8156,0.0391483,0.291986,NN_Adam
0,0,0,0,0,-154.427,-380.888,266.047,4.32716,0.839354,0.0703875,0.168018,0.191397,NN_Adam
0,0,0,0,0,-218.021,65.5459,467.033,2.84943,2.21045,4.88417,1.22496,5.93834,NN_Adam
0,0,0,0,0,-141.74,-41.0546,474.553,3.42322,2.54591,4.83155,1.06411,5.93834,NN_Adam
0,0,0,0,0,-153.889,309.06,53.8524,2.03266,4.57988,1.51774,2.1597,0.164514,NN_Adam
0,0,0,0,0,-432.945,219.037,317.142,2.67339,0.0120942,0.821826,1.05577,0.885108,NN_Adam
0,0,0,0,0,-142.08,81.2769,144.632,2.62192,0.546599,1.13564,4.66184,0.914063,NN_Adam
0,0,0,0,0,192.768,-43.5498,249.513,2.91908,3.38018,3.34813,3.88519,6.22657,NN_Adam
0,0,0,0,0,249.873,-325.69,238.861,5.36678,0.836913,6.25662,0.169741,2.87431,NN_Adam
0,0,0,0,0,187.284,167.255,216.319,0.728886,5.11625,1.13319,3.07252,0.0620472,NN_Adam
0,0,0,0,0,283.928,-376.107,154.673,5.35885,5.71163,0.313304,2.44609,0.00805729,NN_Adam
0,0,0,0,0,-172.714,418.225,245.347,1.9623,5.6363,1.22892,1.55906,0.486989,NN_Adam
0,0,0,0,0,474.277,-93.0495,365.07,6.0894,0.233782,0.179898,1.78602,5.4841,NN_Adam
0,0,0,0,0,-310.346,-158.04,208.749,3.61229,5.53317,2.41814,0.0552592,1.26648,NN_Adam
0,0,0,0,0,340.736,-12.436,27.7442,3.10491,2.433,1.04827,2.16643,5.88884,NN_Adam
0,0,0,0,0,-436.999,81.7778,226.818,2.95644,5.80498,1.60082,0.583562,5.86949,NN_Adam
0,0,0,0,0,-295.308,-118.949,302.368,3.52438,5.89892,2.38315,0.00192278,1.26648,NN_Adam
0,0,0,0,0,334.571,10.7378,127.714,3.17356,3.65196,4.41473,3.28307,6.22657,NN_Adam
0,0,0,0,0,-216.971,-150.942,53.6303,3.74928,0.343832,0.199239,5.60077,0.954884,NN_Adam
0,0,0,0,0,-287.505,402.634,8.77899,2.19078,5.67186,0.827142,0.986503,1.75357,NN_Adam
0,0,0,0,0,-20.652,120.548,358.256,1.74038,2.91645,4.73185,0.411104,5.93834,NN_Adam
0,0,0,0,0,500.515,73.7461,203.596,0.146288,5.91907,0.459465,1.94771,2.89142,NN_Adam
0,0,0,0,0,234.793,-187.964,20.4624,2.46627,3.93889,4.35301,3.39005,6.22657,NN_Adam
0,0,0,0,0,-225.599,364.892,238.454,2.12431,0.183052,1.11319,6.24573,6.07848,NN_Adam
0,0,0,0,0,-292.801,112.712,81.3083,5.91559,2.79486,6.00455,3.33234,3.84344,NN_Adam
0,0,0,0,0,155.246,-463.423,370.953,5.03559,0.420748,0.0294987,1.60692,2.3339,NN_Adam
0,0,0,0,0,-372.936,-19.469,370.49,0.0520827,2.05331,0.580414,1.98367,1.88987,NN_Adam
0,0,0,0,0,-335.823,-19.7025,163.813,0.0584805,2.68261,5.82446,3.3082,3.84344,NN_Adam
0,0,0,0,0,421.696,-190.977,220.445,2.71628,2.79285,0.166428,1.77177,2.71482,NN_Adam
0,0,0,0,0,147.425,-149.774,112.546,2.34816,3.70986,3.29666,4.17561,6.22657,NN_Adam
0,0,0,0,0,15.2881,-508.758,269.782,4.74237,6.20896,0.274273,1.88771,5.80573,NN_Adam
0,0,0,0,0,-13.1274,-384.528,169.42,1.53656,2.13351,1.37256,1.48756,6.03257,NN_Adam
0,0,0,0,0,402.69,-23.0905,89.1427,3.08423,2.51735,0.793158,2.0178,5.88884,NN_Adam
0,0,0,0,0,-423.086,-0.226292,235.578,3.14193,0.364479,0.838398,6.2104,0.458783,NN_Adam
0,0,0,0,0,-167.394,-354.167,359.16,4.27075,6.03285,0.625699,2.37479,0.165034,NN_Adam
0,0,0,0,0,463.01,-46.6363,381.628,6.18275,0.174738,0.268127,1.88757,5.4841,NN_Adam
0,0,0,0,0,306.221,-347.956,370.01,5.43392,0.08852,0.323748,1.95199,0.586595,NN_Adam
0,0,0,0,0,-107.523,-516.681,53.2019,4.50717,5.93272,0.135072,1.73222,0.291986,NN_Adam
0,0,0,0,0,-462.619,125.349,314.839,2.87684,6.20891,0.320142,2.0637,2.06914,NN_Adam
0,0,0,0,0,-200.667,-92.6102,232.848,3.57374,5.51898,3.27778,5.89051,1.26648,NN_Adam
0,0,0,0,0,196.177,-309.571,222.184,2.13539,3.81935,4.56772,2.34672,0.247987,NN_Adam
0,0,0,0,0,199.717,-426.443,368.666,5.15033,0.1346,0.279457,1.8964,0.586595,NN_Adam
0,0,0,0,0,-111.744,-205.364,109.09,4.21402,5.17576,3.36832,5.57748,1.26648,NN_Adam
0,0,0,0,0,-78.9154,-381.912,97.021,1.36687,2.41924,0.878973,2.06248,1.72265,NN_Adam
0,0,0,0,0,346.417,-297.642,49.0758,2.43182,3.14433,0.469061,1.26546,0.758087,NN_Adam
0,0,0,0,0,-359.999,-2.70734,395.3,0.00686845,1.99917,0.574664,1.97669,1.88987,NN_Adam
0,0,0,0,0,355.513,298.751,97.3174,0.698566,6.22109,5.33774,2.92474,5.4464,NN_Adam
0,0,0,0,0,19.8839,339.506,444.866,1.51221,0.233637,1.48034,0.487611,0.374479,NN_Adam
0,0,0,0,0,-27.5243,431.021,335.728,1.63446,0.792415,0.18705,0.435019,5.90084,NN_Adam
0,0,0,0,0,-282.874,0.0544688,464.621,6.28293,2.85482,6.09702,0.690198,1.88987,NN_Adam
0,0,0,0,0,-141.045,-489.872,78.1846,4.43184,5.88525,0.787776,0.900418,0.291986,NN_Adam
0,0,0,0,0,-256.16,153.796,217.43,2.60094,0.733793,3.63403,3.93163,6.17791,NN_Adam
0,0,0,0,0,-158.282,102.67,251.485,2.56623,1.17695,2.43906,4.34403,6.17791,NN_Adam
0,0,0,0,0,-71.3596,116.104,253.139,5.26323,3.02718,1.33692,4.91878,0.0907237,NN_Adam
0,0,0,0,0,141.781,-279.393,428.532,2.04025,3.23067,5.24872,1.49056,1.90659,NN_Adam
0,0,0,0,0,-253.293,-153.329,398.11,0.544124,1.63882,1.63834,0.879278,1.88987,NN_Adam
0,0,0,0,0,469.18,-25.6778,87.3874,3.08687,3.1681,0.0750993,1.66257,5.88884,NN_Adam
0,0,0,0,0,-52.6547,443.768,371.05,1.68872,6.24824,0.515115,1.96656,0.486989,NN_Adam
0,0,0,0,0,41.116,-155.865,378.935,1.82863,3.77728,4.73307,0.853823,1.34452,NN_Adam
0,0,0,0,0,333.644,-247.712,412.05,5.64435,1.08715,5.19094,2.20769,0.586595,NN_Adam
0,0,0,0,0,199.375,-301.223,437.711,5.29692,1.3564,4.87051,2.36735,0.586595,NN_Adam
0,0,0,0,0,-346.264,304.372,128.684,2.42043,6.05372,1.16627,0.197488,0.999488,NN_Adam
0,0,0,0,0,-99.5816,-75.4013,241.785,0.648161,3.06258,1.76532,4.68388,0.0907237,NN_Adam
0,0,0,0,0,58.533,-19.9366,337.919,5.9548,5.0478,3.23929,0.978606,0.955645,NN_Adam
0,0,0,0,0,-199.092,-55.1208,600.587,3.41155,0.828348,0.302341,1.95839,5.93834,NN_Adam
0,0,0,0,0,-240.139,329.81,420.165,2.19993,0.526377,0.79532,0.549163,5.36892,NN_Adam
0,0,0,0,0,363.705,245.664,152.348,3.7355,2.65165,0.374666,2.07743,4.3676,NN_Adam
0,0,0,0,0,-138.755,-456.759,228.025,4.41727,0.525197,0.125406,0.550948,0.191397,NN_Adam
0,0,0,0,0,-455.195,167.883,151.01,2.78818,0.451517,6.19606,0.666453,4.41349,NN_Adam
0,0,0,0,0,24.8461,477.341,376.763,1.51874,0.265634,0.173953,1.78082,5.90084,NN_Adam
0,0,0,0,0,-134.575,-326.722,366.076,1.17991,2.69881,5.37774,2.82217,2.04068,NN_Adam
0,0,0,0,0,345.921,116.674,25.4451,3.46679,3.02434,1.48823,0.233126,0.917386,NN_Adam
0,0,0,0,0,273.5,-329.253,261.96,5.40539,0.777196,0.0733098,0.266581,2.87431,NN_Adam
0,0,0,0,0,143.175,352.316,319.183,1.18469,1.46667,4.42841,2.282,2.83862,NN_Adam
0,0,0,0,0,-89.0816,-217.677,577.464,1.18229,2.0655,0.051157,1.63353,6.01895,NN_Adam
0,0,0,0,0,-397.288,-180.448,451.77,3.56789,0.529933,0.0965104,1.68777,3.41488,NN_Adam
0,0,0,0,0,71.7786,375.022,9.88552,1.38144,0.820518,4.83808,1.28565,1.11678,NN_Adam
0,0,0,0,0,-321.336,-111.276,329.159,3.4746,5.92374,2.14399,0.288521,1.26648,NN_Adam
0,0,0,0,0,-107.518,386.915,395.053,1.84171,1.05211,6.21928,0.585433,1.23374,NN_Adam
0,0,0,0,0,444.181,-177.428,136.473,5.90304,5.64302,0.44369,2.2887,5.00623,NN_Adam
0,0,0,0,0,469.592,-163.535,230.964,5.94802,5.96644,0.422269,2.03884,2.70961,NN_Adam
0,0,0,0,0,-58.0946,488.411,155.839,1.68914,0.197294,0.393348,0.51838,0.458874,NN_Adam
0,0,0,0,0,-367.234,173.776,314.904,2.69948,6.0017,1.6945,0.52257,5.86949,NN_Adam
0,0,0,0,0,-136.39,24.5222,478.181,2.9636,2.55166,4.89271,1.00017,5.93834,NN_Adam
0,0,0,0,0,-46.9339,526.616,130.064,1.65963,5.97214,0.230043,1.84332,0.458874,NN_Adam
0,0,0,0,0,-143.643,202.023,392.587,2.18883,0.966293,4.51518,3.79094,6.17791,NN_Adam
0,0,0,0,0,40.1191,-49.3744,10.1011,2.25342,6.04192,2.81842,3.04713,0.353671,NN_Adam
0,0,0,0,0,-323.657,127.084,182.746,2.76743,0.472522,0.834141,5.6848,1.75357,NN_Adam
0,0,0,0,0,-88.0503,173.559,19.3389,2.0401,2.94004,2.97661,1.40517,1.68825,NN_Adam
0,0,0,0,0,172.586,154.459,206.106,0.729801,5.02459,1.18235,3.14232,0.0620472,NN_Adam
0,0,0,0,0,-301.559,-70.0478,78.5876,0.228221,2.77132,6.0619,3.32638,3.84344,NN_Adam
0,0,0,0,0,-203.38,174.19,417.559,2.43315,1.21604,4.43278,3.43701,6.17791,NN_Adam
0,0,0,0,0,-216.237,-294.688,18.3939,0.93758,2.52251,1.11891,1.85598,6.08012,NN_Adam
0,0,0,0,0,52.7667,-188.647,368.616,1.84334,3.80294,4.78786,0.906503,1.34452,NN_Adam
0,0,0,0,0,-151.296,333.875,485.483,1.9962,0.544988,0.853674,0.784996,5.36892,NN_Adam
0,0,0,0,0,-472.982,-214.552,78.3577,3.56734,5.81252,0.2769,1.8918,0.384745,NN_Adam
0,0,0,0,0,-46.4339,315.609,517.029,1.7167,0.703878,0.887975,0.646471,5.36892,NN_Adam
0,0,0,0,0,368.387,-385.701,210.819,5.47476,0.00310105,0.2905,1.38804,5.34562,NN_Adam
0,0,0,0,0,27.9181,-318.811,88.4413,1.65796,2.14769,1.12432,2.34314,1.72265,NN_Adam
0,0,0,0,0,-141.183,-151.555,138.496,3.96235,5.11466,3.5705,5.65115,1.26648,NN_Adam
0,0,0,0,0,189.78,68.7496,205.404,3.48901,3.46387,3.23945,4.04864,6.22657,NN_Adam
0,0,0,0,0,344.434,231.017,223.84,0.590347,5.36289,1.39673,1.78321,2.76285,NN_Adam
0,0,0,0,0,-166.205,96.7901,290.702,2.61389,0.30095,3.54419,5.02596,6.17791,NN_Adam
0,0,0,0,0,172.654,-167.415,202.173,2.3715,2.79912,4.64846,4.13683,2.27078,NN_Adam
0,0,0,0,0,-133.674,-468.231,283.224,4.43414,6.10412,0.381086,2.04835,0.191397,NN_Adam
0,0,0,0,0,216.12,-35.9597,105.77,2.97664,3.62501,3.48264,4.20686,6.22657,NN_Adam
0,0,0,0,0,98.6177,-176.975,204.521,5.22056,1.55576,5.60887,5.78512,5.26321,NN_Adam
0,0,0,0,0,-129.835,202.247,307.23,2.14134,0.791504,3.78761,4.28125,6.17791,NN_Adam
0,0,0,0,0,411.424,-54.7088,25.698,3.00924,2.82318,0.576864,1.98314,5.88884,NN_Adam
0,0,0,0,0,-101.193,44.4985,360.626,5.86887,2.30702,1.88133,5.10662,0.0907237,NN_Adam
0,0,0,0,0,198.854,28.2001,126.107,0.14081,4.40467,3.46818,6.2267,1.59582,NN_Adam
0,0,0,0,0,-440.832,-156.956,124.329,3.48354,5.59822,0.397392,2.40814,0.384745,NN_Adam
0,0,0,0,0,240.496,-18.0281,74.8859,6.20833,4.51213,3.13376,6.24839,1.59582,NN_Adam
0,0,0,0,0,-337.014,-64.2152,228.078,3.32975,0.71207,0.591139,5.7867,0.458783,NN_Adam
0,0,0,0,0,137.721,453.985,153.058,1.27613,6.05925,1.13208,0.354197,1.38371,NN_Adam
0,0,0,0,0,-313.166,-438.369,186.686,4.09203,0.0205495,0.0476041,1.62824,0.291986,NN_Adam
0,0,0,0,0,106.376,322.888,283.035,1.25199,1.72232,4.0569,2.297,2.83862,NN_Adam
0,0,0,0,0,-448.628,-133.138,119.832,3.42993,6.1838,0.910505,0.230404,0.721104,NN_Adam
0,0,0,0,0,-148.485,-242.719,20.212,1.02175,2.27082,2.19715,0.797522,0.324958,NN_Adam
0,0,0,0,0,-420.794,-70.7157,44.3886,3.30801,5.12556,0.856858,2.24483,0.82735,NN_Adam
0,0,0,0,0,174.848,-485.616,127.89,5.05794,5.83946,0.344197,1.95409,6.27677,NN_Adam
0,0,0,0,0,432.981,-286.961,252.935,5.69789,6.24494,0.207646,1.8232,2.71482,NN_Adam
0,0,0,0,0,330.278,-95.2977,200.018,2.86051,2.35046,1.90251,0.161427,2.71482,NN_Adam
0,0,0,0,0,-31.5498,-43.7166,290.159,0.945726,2.6299,1.56974,4.67009,0.0907237,NN_Adam
0,0,0,0,0,494.135,-73.9803,245.941,6.1346,6.03443,0.391797,2.00095,2.70961,NN_Adam
0,0,0,0,0,-150.5,134.478,357.721,2.41202,1.12226,3.77814,4.16513,6.17791,NN_Adam
0,0,0,0,0,393.365,-170.58,375.621,5.87383,0.00101547,0.317642,2.27852,0.881721,NN_Adam
0,0,0,0,0,-227.4,320.259,424.853,2.18815,0.538302,0.890586,0.443788,5.36892,NN_Adam
0,0,0,0,0,499.351,-70.7693,202.607,6.14224,5.93524,0.375511,2.04464,2.70961,NN_Adam
0,0,0,0,0,-399.378,133.227,86.66,2.81943,0.564612,5.97069,0.367373,4.41349,NN_Adam
0,0,0,0,0,7.23239,457.137,173.748,1.55479,0.389918,0.338209,0.247213,0.458874,NN_Adam
0,0,0,0,0,-142.401,54.8255,594.836,2.77399,0.669692,0.815516,1.71747,3.33779,NN_Adam
0,0,0,0,0,305.446,122.33,36.1775,0.380958,4.83361,2.45944,0.226543,1.59582,NN_Adam
0,0,0,0,0,188.139,-321.953,73.7635,2.09929,3.6234,0.458563,0.11234,4.79934,NN_Adam
0,0,0,0,0,359.53,-104.599,259.692,2.85819,2.35756,1.50958,0.404133,2.71482,NN_Adam
0,0,0,0,0,127.849,-321.396,262.019,5.09089,1.02526,0.0570434,6.09161,2.87431,NN_Adam
0,0,0,0,0,471.167,-157.359,324.65,5.9608,0.0975058,0.221931,1.83614,5.4841,NN_Adam
0,0,0,0,0,-127.898,492.128,127.082,1.82512,5.77798,0.389969,2.01643,5.31042,NN_Adam
0,0,0,0,0,-277.896,130.358,356.598,2.70259,0.974023,4.37718,3.5623,6.17791,NN_Adam
0,0,0,0,0,-155.658,207.971,112.544,2.2132,4.27993,1.7142,2.58805,0.164514,NN_Adam
0,0,0,0,0,-149.712,204.425,405.883,2.20275,0.990975,4.60112,3.68717,6.17791,NN_Adam
0,0,0,0,0,-323.27,102.921,183.552,2.83326,0.448838,0.947797,5.60538,1.75357,NN_Adam
0,0,0,0,0,-148.394,-268.513,211.918,1.06582,1.57231,1.72299,1.74156,6.03257,NN_Adam
0,0,0,0,0,-37.8004,448.196,64.785,1.65485,5.47787,1.53629,0.557172,5.82413,NN_Adam
0,0,0,0,0,157.565,374.249,176.833,1.17209,0.140562,1.13698,5.98499,1.38371,NN_Adam
0,0,0,0,0,-1.40698,-46.5526,393.149,1.54048,2.10444,1.61133,5.16419,0.0907237,NN_Adam
0,0,0,0,0,80.3617,129.444,77.5771,4.1564,5.40854,3.04544,2.82966,0.353671,NN_Adam
0,0,0,0,0,-142.945,-19.2336,490.14,3.27534,2.48852,4.92227,1.0657,5.93834,NN_Adam
0,0,0,0,0,8.72426,-85.122,58.5921,1.67295,6.02324,2.67201,2.98992,0.353671,NN_Adam
0,0,0,0,0,-411.896,-212.109,38.971,0.475458,3.3251,0.0253235,1.60173,0.996245,NN_Adam
0,0,0,0,0,115.086,-361.495,142.206,1.8787,2.2389,1.61416,1.03646,5.01784,NN_Adam
0,0,0,0,0,389.754,310.114,208.2,0.671991,0.120743,5.68856,2.54205,5.4464,NN_Adam
0,0,0,0,0,-154.311,14.6444,533.785,3.04694,0.304436,1.0194,2.09132,3.33779,NN_Adam
0,0,0,0,0,278.172,388.693,115.611,0.949514,0.642512,4.99279,2.02026,1.11678,NN_Adam
0,0,0,0,0,212.707,-19.243,121.7,3.05124,3.59747,3.34951,4.2347,6.22657,NN_Adam
0,0,0,0,0,211.904,385.172,92.6651,1.06775,6.14799,5.26657,3.14818,5.4464,NN_Adam
0,0,0,0,0,74.0056,-229.161,154.809,5.02467,1.30672,5.51654,5.98222,5.26321,NN_Adam
0,0,0,0,0,11.5661,-229.759,142.68,1.62068,1.29996,1.98349,2.09596,6.03257,NN_Adam
0,0,0,0,0,-293.768,371.886,236.995,2.23914,0.101275,0.899563,0.387508,6.07848,NN_Adam
0,0,0,0,0,-26.4011,68.5781,328.878,1.93823,3.1256,4.85566,0.0828241,5.93834,NN_Adam
0,0,0,0,0,305.957,-108.596,139.196,2.80054,2.00636,2.0887,0.793512,0.246225,NN_Adam
0,0,0,0,0,-381.504,193.759,53.8509,2.67163,6.09832,0.9707,6.24004,1.75357,NN_Adam
0,0,0,0,0,-124.021,-105.282,563.529,3.84522,0.653508,0.360243,2.42947,5.93834,NN_Adam
0,0,0,0,0,-290.455,-77.4409,186.683,0.260508,2.50305,5.901,3.47127,3.84344,NN_Adam
0,0,0,0,0,109.686,-381.13,424.973,4.99245,0.470506,0.94373,0.505495,5.34562,NN_Adam
0,0,0,0,0,368.454,41.6253,188.239,0.112398,4.98998,1.76153,1.73928,2.76285,NN_Adam
0,0,0,0,0,169.977,-238.189,80.7163,2.19028,4.49894,3.96034,2.65497,2.21858,NN_Adam
0,0,0,0,0,44.8247,-380.709,454.796,4.82943,0.188158,0.452311,2.07484,0.415395,NN_Adam
0,0,0,0,0,142.75,-43.5058,33.6398,5.98706,2.67267,3.59802,0.5943,4.42808,NN_Adam
0,0,0,0,0,-44.8615,-45.223,478.718,3.93119,0.184031,1.27548,2.36165,3.33779,NN_Adam
0,0,0,0,0,40.5616,-402.647,174.606,4.81278,5.53205,0.441126,2.81176,2.3339,NN_Adam
0,0,0,0,0,195.908,-201.865,225.853,2.3411,4.24215,3.96054,2.36503,0.247987,NN_Adam
0,0,0,0,0,105.434,180.53,244.314,1.04207,0.105778,4.11258,4.8001,6.17791,NN_Adam
0,0,0,0,0,-333.828,-386.225,321.232,3.99958,0.329337,0.0169854,1.59132,3.41488,NN_Adam
0,0,0,0,0,-147.081,259.762,301.889,2.08584,5.21577,1.84606,1.91256,0.486989,NN_Adam
0,0,0,0,0,-204.005,-326.654,34.8429,1.0124,2.54033,1.1765,1.61503,6.08012,NN_Adam
0,0,0,0,0,-229.226,-237.348,253.196,0.802581,3.21639,4.5748,3.28198,0.721104,NN_Adam
0,0,0,0,0,-126.504,153.343,28.846,2.2605,3.83838,1.55455,2.86829,0.164514,NN_Adam
0,0,0,0,0,-252.997,-25.5018,104.762,0.100336,2.61261,6.07769,3.6284,3.84344,NN_Adam
0,0,0,0,0,-267.383,27.3166,107.725,6.18132,2.61207,6.08863,3.553,3.84344,NN_Adam
0,0,0,0,0,270.899,393.708,82.9933,0.96793,0.534895,5.01847,2.05412,1.11678,NN_Adam
0,0,0,0,0,-38.8774,115.615,10.3879,1.89501,3.45308,1.43334,3.16965,0.164514,NN_Adam
0,0,0,0,0,160.046,-49.4437,218.352,2.84192,3.4855,2.91226,4.07676,6.22657,NN_Adam
0,0,0,0,0,305.717,-122.919,245.907,2.75903,2.27978,1.90894,0.0553969,2.71482,NN_Adam
0,0,0,0,0,229.368,257.259,163.025,0.842586,6.13443,2.01735,5.55854,4.84654,NN_Adam
0,0,0,0,0,-262.619,399.267,47.6117,2.15231,5.7222,1.11549,0.59945,1.75357,NN_Adam
0,0,0,0,0,36.9695,-352.906,197.731,4.81667,5.4586,0.561172,2.99701,2.3339,NN_Adam
0,0,0,0,0,-174.701,175.789,324.179,2.35284,2.36368,4.56121,0.871592,5.93834,NN_Adam
0,0,0,0,0,251.592,297.462,174.577,0.868618,6.10354,5.43366,3.50412,5.4464,NN_Adam
0,0,0,0,0,-66.9382,67.3725,528.745,2.35302,0.281884,1.37638,1.83544,3.33779,NN_Adam
0,0,0,0,0,-423.134,256.861,236.612,2.59585,6.25151,0.875686,0.696835,0.885108,NN_Adam
0,0,0,0,0,490.403,152.145,291.378,0.300804,0.0947902,0.163133,1.76603,2.76285,NN_Adam
0,0,0,0,0,-497.3,104.71,175.212,2.93402,5.87811,0.395865,2.00952,0.322384,NN_Adam
0,0,0,0,0,-315.319,-290.587,33.0945,3.88607,5.47389,1.6029,0.309591,1.08158,NN_Adam
0,0,0,0,0,-295.893,-126.179,134.945,0.403056,2.68322,5.92361,3.35633,3.84344,NN_Adam
0,0,0,0,0,-120.47,-88.2603,309.283,0.63181,2.24477,4.26323,4.43666,2.27078,NN_Adam
0,0,0,0,0,121.6,-325.233,3.53391,1.92838,3.69081,0.714323,6.28134,4.79934,NN_Adam
0,0,0,0,0,-90.3918,-325.245,279.637,1.29953,1.94998,0.613165,2.55126,1.4549,NN_Adam
0,0,0,0,0,-75.0691,-285.648,219.375,1.31381,1.49413,1.73221,1.81686,6.03257,NN_Adam
0,0,0,0,0,-482.967,-58.9051,152.928,3.26266,5.9642,1.12812,0.562373,0.721104,NN_Adam
0,0,0,0,0,238.912,-208.608,27.6171,2.4237,3.92787,4.42731,3.2699,6.22657,NN_Adam
0,0,0,0,0,-366.037,-263.291,273.133,3.76502,6.17041,1.32725,0.43404,3.41488,NN_Adam
0,0,0,0,0,-389.45,263.013,255.834,2.5476,0.0212075,1.04787,0.441658,0.999488,NN_Adam
0,0,0,0,0,176.596,-167.27,132.461,2.3832,3.7436,3.61479,3.84798,6.22657,NN_Adam
0,0,0,0,0,-406.278,202.669,69.9197,2.67866,6.11934,0.878518,0.15417,1.75357,NN_Adam
0,0,0,0,0,-174.58,-84.0982,129.166,3.59005,1.95679,2.77948,2.99496,3.28783,NN_Adam
0,0,0,0,0,-37.3214,156.423,347.273,1.80493,0.854414,3.98352,4.54487,6.17791,NN_Adam
0,0,0,0,0,320.11,397.523,156.058,0.892721,5.96332,0.894484,0.924147,0.378545,NN_Adam
0,0,0,0,0,337.659,337.6,135.553,0.78508,5.8231,1.28008,0.558751,0.378545,NN_Adam
0,0,0,0,0,-318.568,23.2474,266.689,3.06852,0.656339,1.10381,5.5766,1.75357,NN_Adam
0,0,0,0,0,383.644,-320.258,267.558,5.58753,6.12053,0.350892,1.96898,2.71482,NN_Adam
0,0,0,0,0,-200.553,211.845,53.2626,2.32871,4.37837,1.46332,2.54383,0.164514,NN_Adam
0,0,0,0,0,72.8422,324.099,208.206,1.34963,0.00308422,2.07547,5.50897,4.84654,NN_Adam
0,0,0,0,0,-288.431,237.214,93.1053,2.45324,0.177329,0.751231,5.86901,1.75357,NN_Adam
0,0,0,0,0,324.16,379.118,348.394,0.863349,0.358678,0.0406932,1.62008,5.73413,NN_Adam
0,0,0,0,0,-13.7133,133.1,397.293,1.67336,2.78187,4.78044,0.601767,5.93834,NN_Adam
0,0,0,0,0,536.016,10.7093,198.175,0.0199329,6.2719,0.0928205,1.68299,2.89142,NN_Adam
0,0,0,0,0,-403.049,27.0637,346.846,6.21575,2.28051,0.373531,1.97057,1.88987,NN_Adam
0,0,0,0,0,-246.119,4.51709,45.791,6.26477,2.776,6.18426,3.54285,3.84344,NN_Adam
0,0,0,0,0,40.5767,-242.573,516.583,1.73643,2.8419,5.22386,1.84928,1.34452,NN_Adam
0,0,0,0,0,214.493,74.5746,143.791,0.33439,4.56889,3.29013,0.0641007,1.59582,NN_Adam
0,0,0,0,0,454.188,-76.0575,183.917,2.97546,2.80427,0.164307,1.91665,2.71482,NN_Adam
0,0,0,0,0,0.344679,-47.5266,457.751,1.57786,0.31734,1.75244,1.91962,6.01895,NN_Adam
0,0,0,0,0,-345.341,213.443,408.014,2.58776,0.0963209,0.279201,2.32343,2.06914,NN_Adam
0,0,0,0,0,-6.93804,-171.738,561.772,1.53023,1.37633,0.962946,1.50702,6.01895,NN_Adam
0,0,0,0,0,219.693,-4.00384,223.474,3.12326,3.39253,3.49043,3.93341,6.22657,NN_Adam
0,0,0,0,0,-357.956,99.983,505.015,2.86884,0.587483,0.615137,1.10469,2.39757,NN_Adam
0,0,0,0,0,9.40623,286.781,45.5535,1.53767,1.29997,4.58921,0.809497,1.11678,NN_Adam
0,0,0,0,0,-16.8795,-300.488,52.4894,1.51465,2.25573,2.1913,0.662901,1.73232,NN_Adam
0,0,0,0,0,-91.0516,-13.0854,204.204,0.142707,3.27272,1.1509,4.68737,0.0907237,NN_Adam
0,0,0,0,0,116.337,-453.767,386.567,4.96329,0.238485,0.219544,1.83148,2.3339,NN_Adam
0,0,0,0,0,-323.599,-110.6,220.832,3.47092,0.711466,0.555858,5.78463,0.458783,NN_Adam
0,0,0,0,0,3.77198,-374.533,51.3214,1.58078,2.48982,0.924732,2.07965,1.72265,NN_Adam
0,0,0,0,0,-76.8923,-148.607,356.963,1.09327,2.35034,4.3747,4.07633,2.27078,NN_Adam
0,0,0,0,0,261.264,-439.262,172.822,5.24885,5.89332,0.378522,1.98907,6.0557,NN_Adam
0,0,0,0,0,176.326,-398.205,357.098,5.12922,0.452277,0.769455,0.419992,5.34562,NN_Adam
0,0,0,0,0,-216.008,191.507,236.072,2.41649,0.752315,3.6213,4.01254,6.17791,NN_Adam
0,0,0,0,0,-299.033,39.7934,382.786,3.00906,0.65529,1.46177,5.85634,0.988303,NN_Adam
0,0,0,0,0,-142.677,228.559,472.485,2.12856,1.98833,4.95237,1.3972,5.93834,NN_Adam
0,0,0,0,0,-9.42601,352.276,361.761,1.59735,0.757657,4.85171,3.33085,6.17791,NN_Adam
0,0,0,0,0,257.285,358.761,241.661,0.948583,6.16147,1.40891,0.208703,5.73413,NN_Adam
0,0,0,0,0,-144.82,518.12,106.985,1.84332,6.11789,0.0707776,1.65702,5.31042,NN_Adam
0,0,0,0,0,-19.7651,421.334,46.5592,1.61768,5.37332,1.74431,0.368899,5.82413,NN_Adam
0,0,0,0,0,-200.294,225.715,276.794,2.29666,0.897875,3.87753,3.79708,6.17791,NN_Adam
0,0,0,0,0,-209.044,278.269,414.816,2.21499,1.19412,0.0707119,0.28211,2.03274,NN_Adam
0,0,0,0,0,396.381,185.527,83.0357,3.57874,2.81539,0.368487,2.04567,4.3676,NN_Adam
0,0,0,0,0,-252.088,8.77331,529.101,3.10665,0.411558,0.453947,2.323,0.390971,NN_Adam
0,0,0,0,0,444.544,-40.6797,271.3,3.04995,3.10923,5.71286,1.97529,5.89801,NN_Adam
0,0,0,0,0,-16.3523,452.927,118.334,1.60675,0.211411,0.454135,0.178032,5.82413,NN_Adam
0,0,0,0,0,7.13506,249.036,415.587,1.54205,0.998606,4.66748,3.65665,6.17791,NN_Adam
0,0,0,0,0,21.4929,138.762,222.344,1.41697,4.75507,1.64121,3.18199,0.786399,NN_Adam
0,0,0,0,0,354.951,-389.536,51.8189,5.45132,5.92065,0.142152,1.74194,0.00805729,NN_Adam
0,0,0,0,0,-4.6731,295.232,148.99,1.58647,1.95223,3.76259,1.81499,1.68825,NN_Adam
0,0,0,0,0,32.7337,-36.0884,81.3041,2.30781,6.17379,2.34457,3.27036,0.353671,NN_Adam
0,0,0,0,0,-139.703,205.796,589.077,2.16699,0.872206,0.64114,1.10661,5.36892,NN_Adam
0,0,0,0,0,-383.268,-237.422,297.283,3.69601,6.2236,1.26491,0.519028,3.41488,NN_Adam
0,0,0,0,0,120.017,296.001,144.391,1.18559,5.80307,5.57721,3.85865,5.4464,NN_Adam
0,0,0,0,0,-74.7207,377.136,20.8413,4.90788,2.7298,0.58992,2.24859,2.53861,NN_Adam
0,0,0,0,0,-107.062,98.601,161.055,2.39727,3.81129,1.91393,3.11731,0.164514,NN_Adam
0,0,0,0,0,-402.894,-186.55,225.453,3.57475,0.220373,0.916813,0.0666645,0.458783,NN_Adam
0,0,0,0,0,-30.7279,-311.634,187.652,1.4724,1.65724,1.72512,1.71384,6.03257,NN_Adam
0,0,0,0,0,-65.4739,-166.201,581.925,1.19527,1.57596,0.501878,1.7942,6.01895,NN_Adam
0,0,0,0,0,114.583,106.277,266.445,0.747787,5.05251,1.64499,2.96849,0.786399,NN_Adam
0,0,0,0,0,-117.433,-270.849,432.275,1.16152,1.68822,0.668188,2.18942,6.01895,NN_Adam
0,0,0,0,0,-195.969,257.807,61.2989,2.22065,4.49068,1.54643,2.28619,0.164514,NN_Adam
0,0,0,0,0,234.732,206.709,42.3301,0.721855,4.64655,1.04529,2.77508,4.54565,NN_Adam
0,0,0,0,0,-284.966,168.15,334.479,2.60837,0.907252,4.40268,3.49426,6.17791,NN_Adam
0,0,0,0,0,-67.1113,197.205,461.031,1.89876,1.01359,5.03269,3.55374,6.17791,NN_Adam
0,0,0,0,0,188.307,-93.6291,10.4587,2.68015,3.85355,3.92715,4.11068,6.22657,NN_Adam
0,0,0,0,0,-258.902,-411.707,273.273,4.15092,6.05504,0.416784,2.05734,1.21809,NN_Adam
0,0,0,0,0,-278.457,-394.506,330.326,4.09764,0.00568312,0.3174,1.94315,1.21809,NN_Adam
0,0,0,0,0,155.822,-75.6538,304.579,5.83112,4.9065,3.07877,0.809502,0.955645,NN_Adam
0,0,0,0,0,260.742,368.197,90.237,0.954489,0.728061,4.75898,2.0706,1.11678,NN_Adam
0,0,0,0,0,-419.108,91.9386,208.395,2.92561,5.7107,1.77038,0.463159,5.86949,NN_Adam
0,0,0,0,0,518.514,30.5369,206.753,0.0587753,6.05936,0.299928,1.89088,2.89142,NN_Adam
0,0,0,0,0,-142.501,68.7762,394.391,2.69185,1.06716,2.08945,5.24708,0.988303,NN_Adam
0,0,0,0,0,254.595,-175.972,96.2528,2.53653,3.7999,4.21381,3.40378,6.22657,NN_Adam
0,0,0,0,0,-125.235,-152.654,429,0.883667,0.979291,1.64442,1.67913,6.01895,NN_Adam
0,0,0,0,0,31.548,288.64,108.747,1.46177,1.50835,4.72268,0.597739,1.11678,NN_Adam
0,0,0,0,0,-202.747,254.638,271.931,2.24302,0.858273,4.04016,3.65655,6.17791,NN_Adam
0,0,0,0,0,-200.691,-477.93,195.106,4.31477,6.01637,0.308881,1.92142,0.191397,NN_Adam
0,0,0,0,0,-458.068,-71.0821,341.536,3.29542,6.21839,0.413272,2.03839,0.322384,NN_Adam
0,0,0,0,0,155.987,5.55891,49.7678,3.17706,5.6131,3.17689,2.586,0.353671,NN_Adam
0,0,0,0,0,-5.05159,294.304,48.7164,1.58791,1.29321,4.60082,0.835713,1.11678,NN_Adam
0,0,0,0,0,92.2387,98.6515,46.0323,3.96055,5.5054,3.02172,2.93394,0.353671,NN_Adam
0,0,0,0,0,-210.062,-339.346,83.8377,4.15802,0.134759,0.675302,6.05447,0.291986,NN_Adam
0,0,0,0,0,-505.518,81.0576,225.158,2.98255,6.06079,0.318816,1.95025,5.86949,NN_Adam
0,0,0,0,0,-262.794,307.521,20.6131,2.27804,6.15073,0.780878,6.16634,1.75357,NN_Adam
0,0,0,0,0,-350.927,43.5461,315.62,3.01809,5.83168,2.10453,0.403934,5.86949,NN_Adam
0,0,0,0,0,-171.436,172.511,423.887,2.35296,1.23847,4.40188,3.54493,6.17791,NN_Adam
0,0,0,0,0,-419.468,144.824,158.337,2.80899,5.73035,1.63785,0.362109,5.86949,NN_Adam
0,0,0,0,0,285.833,47.4112,228.786,3.30588,3.39613,4.12047,3.5089,6.22657,NN_Adam
0,0,0,0,0,455.548,-47.4453,374.643,6.17937,0.0770274,0.349852,1.96865,5.4841,NN_Adam
0,0,0,0,0,201.333,394.407,26.6529,1.09875,0.581313,4.85554,1.916,1.11678,NN_Adam
0,0,0,0,0,-336.918,-82.602,200.961,3.38187,0.67984,0.477077,5.81984,0.458783,NN_Adam
0,0,0,0,0,-290.546,376.299,7.09209,2.22819,5.82998,0.849567,0.566138,1.75357,NN_Adam
0,0,0,0,0,-117.701,426.866,206.345,1.83959,5.44814,1.28036,1.68846,0.486989,NN_Adam
0,0,0,0,0,80.424,-157.967,299.243,2.04165,2.40742,4.31529,4.3139,2.27078,NN_Adam
0,0,0,0,0,-90.9796,-379.374,190.477,1.33532,2.32247,0.522852,2.39236,1.72265,NN_Adam
0,0,0,0,0,371.581,329.796,293.244,0.725831,0.0446065,0.734045,0.997866,5.73413,NN_Adam
0,0,0,0,0,430.571,-209.896,182.05,5.8294,5.72834,0.508158,2.2182,5.00623,NN_Adam
0,0,0,0,0,144.565,-380.833,121.324,1.93341,2.52684,0.551111,2.23815,4.79934,NN_Adam
0,0,0,0,0,177.074,131.462,70.554,3.78023,5.08696,3.54356,2.49583,0.353671,NN_Adam
0,0,0,0,0,-307.822,155.805,167.112,2.67308,0.329457,1.07968,5.5951,1.75357,NN_Adam
0,0,0,0,0,8.56257,-353.547,128.369,1.59484,2.14311,1.07917,2.17691,1.72265,NN_Adam
0,0,0,0,0,365.691,282.106,171.745,3.79828,2.84106,0.576851,1.22129,4.04251,NN_Adam
0,0,0,0,0,2.41169,247.379,30.2416,1.56072,1.63299,3.69897,1.68456,1.68825,NN_Adam
0,0,0,0,0,337.436,-169.042,371.869,2.67707,2.54356,0.753181,0.598837,2.38395,NN_Adam
0,0,0,0,0,-77.3348,-447.457,423.226,4.5412,0.418694,0.133178,1.73243,0.165034,NN_Adam
0,0,0,0,0,441.491,-20.6587,229.491,3.09475,2.72238,6.22761,2.2415,5.89801,NN_Adam
0,0,0,0,0,-182.541,349.32,144.404,2.05215,0.337863,0.645433,5.99961,6.07848,NN_Adam
0,0,0,0,0,-58.6239,173.495,122.144,1.89662,0.380477,1.18207,4.74388,0.914063,NN_Adam
0,0,0,0,0,-319.857,-169.777,144.255,3.62944,5.45956,2.33799,6.22952,1.26648,NN_Adam
0,0,0,0,0,319.019,-136.304,317.078,2.73772,2.89884,0.675091,0.0811586,2.38395,NN_Adam
0,0,0,0,0,-182.582,-199.027,323.102,3.96996,2.23661,3.83039,2.17902,0.341132,NN_Adam
0,0,0,0,0,127.816,435.298,275.183,1.28502,5.97107,1.39643,0.749023,1.38371,NN_Adam
0,0,0,0,0,-132.381,203.238,367.428,2.1481,0.917623,4.34,3.9568,6.17791,NN_Adam
0,0,0,0,0,-229.967,-95.0156,417.388,0.391546,1.43619,1.85396,0.741836,1.88987,NN_Adam
0,0,0,0,0,187.212,455.586,102.101,1.18076,6.1138,0.771221,0.514862,1.38371,NN_Adam
0,0,0,0,0,359.928,99.8377,57.6048,3.41204,2.98209,1.45568,0.200737,0.917386,NN_Adam
0,0,0,0,0,232.381,-83.8392,63.0699,2.79531,3.89148,3.81396,3.82939,6.22657,NN_Adam
0,0,0,0,0,-157.747,81.5733,447.359,2.6643,0.939452,1.81704,5.70638,0.988303,NN_Adam
0,0,0,0,0,330.278,-117.503,295.67,2.79968,2.25696,1.59782,0.288377,2.71482,NN_Adam
0,0,0,0,0,172.01,-331.277,102.01,2.0496,3.55324,0.483374,0.077906,4.79934,NN_Adam
0,0,0,0,0,305.265,-46.3444,189.452,2.99082,2.35802,2.17062,6.15935,2.71482,NN_Adam
0,0,0,0,0,409.608,-107.836,28.2187,2.8841,2.97556,0.99905,0.943327,3.16442,NN_Adam
0,0,0,0,0,-224.331,-15.7584,378.735,3.2116,0.91819,1.68707,5.43134,0.988303,NN_Adam
0,0,0,0,0,-179.835,-45.2567,631.491,3.38805,1.23439,0.025884,1.60229,3.33779,NN_Adam
0,0,0,0,0,-494.772,158.677,215.392,2.83121,6.09605,0.269893,1.89494,5.86949,NN_Adam
0,0,0,0,0,132.354,332.199,57.7559,1.19141,1.09293,4.7998,1.02234,1.11678,NN_Adam
0,0,0,0,0,-153.203,-429.762,12.1693,4.36988,5.69198,1.15816,0.412763,0.291986,NN_Adam
0,0,0,0,0,345.315,-26.0608,191.843,3.0661,2.39881,1.87923,0.142643,2.71482,NN_Adam
0,0,0,0,0,392.566,251.549,160.522,3.71141,2.88304,0.191001,1.8009,4.04251,NN_Adam
0,0,0,0,0,217.62,-418.466,138.569,2.05028,3.02134,0.112405,1.70774,4.79934,NN_Adam
0,0,0,0,0,-130.435,452.986,355.889,1.85093,0.0669239,0.304145,1.95772,6.00367,NN_Adam
0,0,0,0,0,-177.209,426.845,270.709,1.96414,5.80261,0.956861,1.75492,0.486989,NN_Adam
0,0,0,0,0,-166.293,201.667,4.88553,2.26021,4.10244,1.55336,2.49698,0.164514,NN_Adam
0,0,0,0,0,69.7941,-343.077,55.5984,1.77141,2.43601,1.82046,0.78608,1.73232,NN_Adam
0,0,0,0,0,-116.295,106.253,285.18,2.40115,1.40901,2.38428,4.37403,6.17791,NN_Adam
0,0,0,0,0,-165.208,-221.213,200.694,0.929137,4.42324,4.7731,0.888145,0.721104,NN_Adam
0,0,0,0,0,-454.479,154.353,347.904,2.81413,0.0814345,0.283498,1.90549,2.06914,NN_Adam
0,0,0,0,0,-147.87,-441.694,57.7937,4.38905,6.11065,0.765052,0.290852,0.291986,NN_Adam
0,0,0,0,0,-508.939,107.981,88.279,2.93245,5.82854,0.280034,1.89669,4.41349,NN_Adam
0,0,0,0,0,-4.68991,20.596,311.34,4.93639,2.38568,1.54752,4.70795,0.0907237,NN_Adam
0,0,0,0,0,-105.219,17.452,283.038,6.11875,2.78817,1.80349,4.73206,0.0907237,NN_Adam
0,0,0,0,0,137.103,-171.977,348.306,2.24371,2.54806,4.55111,3.82099,2.27078,NN_Adam
0,0,0,0,0,381.058,90.7853,198.169,0.233802,5.13613,1.67425,1.65321,2.76285,NN_Adam
0,0,0,0,0,-461.199,-27.1153,173.917,3.19982,0.119346,0.802777,0.174869,0.721104,NN_Adam
0,0,0,0,0,62.4202,390.251,419.832,1.41201,0.183783,1.21509,0.709735,0.374479,NN_Adam
0,0,0,0,0,-93.0871,-475.472,187.07,4.51892,6.03956,1.13049,0.558382,0.191397,NN_Adam
0,0,0,0,0,125.331,436.803,92.6278,1.29126,0.0535961,0.615683,0.162474,5.82413,NN_Adam
0,0,0,0,0,-347.243,-81.5856,501.668,3.37216,0.409408,0.337013,2.00651,6.25163,NN_Adam
0,0,0,0,0,-405.997,60.3256,215.146,2.99374,5.6785,1.92133,0.37238,5.86949,NN_Adam
0,0,0,0,0,389.477,-104.109,79.7254,2.88042,3.31414,0.786661,0.284101,3.16442,NN_Adam
0,0,0,0,0,-266.721,50.3155,20.8441,6.09646,2.89289,6.14215,3.39564,3.84344,NN_Adam
0,0,0,0,0,97.1437,-115.34,310.301,5.41214,4.9095,3.16307,0.785216,0.955645,NN_Adam
0,0,0,0,0,304.841,-66.5187,45.3017,2.92657,3.83864,4.39482,3.38878,6.22657,NN_Adam
0,0,0,0,0,-486.585,-114.703,309.798,3.37311,0.0406572,0.245807,1.85948,0.322384,NN_Adam
0,0,0,0,0,-401.65,232.49,411.507,2.61676,0.439364,0.0913248,1.68164,2.06914,NN_Adam
0,0,0,0,0,-228.099,-390.564,8.74893,4.18361,5.50391,1.32356,0.552499,0.291986,NN_Adam
0,0,0,0,0,-73.8783,272.366,587.694,1.83563,0.960338,0.0787074,1.66645,5.36892,NN_Adam
0,0,0,0,0,246.314,317.479,274.752,0.910712,5.7003,0.756443,2.45612,0.0620472,NN_Adam
0,0,0,0,0,-252.292,-21.7385,350.573,3.22743,0.899343,1.43298,5.45041,0.988303,NN_Adam
0,0,0,0,0,-188.518,220.094,268.859,2.279,0.859694,3.76561,3.92125,6.17791,NN_Adam
0,0,0,0,0,-364.475,-257.324,133.182,3.75622,5.84047,1.5055,0.202576,0.98026,NN_Adam
0,0,0,0,0,250.606,385.82,20.92,0.99465,0.441137,4.9952,1.98482,1.11678,NN_Adam
0,0,0,0,0,-418.422,11.1504,334.005,6.25651,2.39444,0.297571,1.91468,1.88987,NN_Adam
0,0,0,0,0,35.7991,161.688,337.451,1.35281,0.781722,3.9243,4.61043,6.17791,NN_Adam
0,0,0,0,0,-156.521,-18.8836,521.154,3.26162,0.232568,1.06607,2.13344,3.33779,NN_Adam
0,0,0,0,0,-273.263,46.4077,406.347,2.97294,0.713769,1.52915,5.85361,0.988303,NN_Adam
0,0,0,0,0,171.003,-219.997,452.863,5.37298,0.121771,0.429903,2.69657,5.13599,NN_Adam
0,0,0,0,0,-401.43,182.865,19.3384,2.71408,6.04304,0.806821,0.154765,1.75357,NN_Adam
0,0,0,0,0,124.863,302.512,274.415,1.17919,0.0436943,2.14171,5.71628,4.84654,NN_Adam
0,0,0,0,0,267.845,87.4525,221.35,3.45697,3.389,4.06404,3.59771,6.22657,NN_Adam
0,0,0,0,0,-201.666,-271.056,385.686,0.930995,2.06193,1.35275,0.607356,5.67876,NN_Adam
0,0,0,0,0,-195.773,372.994,393.614,2.05396,0.421149,0.88024,0.515489,5.36892,NN_Adam
0,0,0,0,0,-18.3302,472.311,249.176,1.60951,5.87697,0.556811,2.13771,0.458874,NN_Adam
0,0,0,0,0,-324.435,-270.966,219.573,3.83726,5.77757,1.796,0.362417,1.08158,NN_Adam
0,0,0,0,0,35.3809,-313.089,382.917,1.68328,3.47771,5.11038,1.37335,1.34452,NN_Adam
0,0,0,0,0,-54.2558,88.3261,212.695,5.26312,3.23813,1.21411,4.7295,0.0907237,NN_Adam
0,0,0,0,0,-220.3,223.311,293.888,2.34928,0.932522,4.03319,3.66899,6.17791,NN_Adam
0,0,0,0,0,515.694,-68.9929,37.9864,6.15012,5.82973,0.193753,1.80082,1.50097,NN_Adam
0,0,0,0,0,-492.021,-92.3844,99.1008,3.32705,5.89432,0.938868,0.741688,0.721104,NN_Adam
0,0,0,0,0,165.805,476.083,27.7613,1.23561,6.20059,5.62567,2.23954,1.11678,NN_Adam
0,0,0,0,0,42.0077,-490.697,163.654,4.79769,0.403468,0.0153331,0.678808,5.80573,NN_Adam
0,0,0,0,0,145.408,278.151,296.609,1.08909,1.87831,3.92721,2.3465,2.83862,NN_Adam
0,0,0,0,0,168.926,-77.7842,191.788,2.70999,3.52204,3.00583,4.14218,6.22657,NN_Adam
0,0,0,0,0,-193.553,365.069,398.716,2.05823,0.420087,0.936323,0.476985,5.36892,NN_Adam
0,0,0,0,0,-169.453,46.7463,351.339,2.87223,1.00006,2.37495,4.98324,0.988303,NN_Adam
0,0,0,0,0,-335.437,141.287,134.768,2.74283,0.335339,0.733526,5.79679,1.75357,NN_Adam
0,0,0,0,0,-239.983,-338.188,292.298,4.09533,5.86161,0.56373,2.48703,1.21809,NN_Adam
0,0,0,0,0,-158.949,-153.498,35.0555,3.90938,0.263957,0.0860079,5.51413,0.954884,NN_Adam
0,0,0,0,0,334.408,-237.892,118.104,2.52317,2.54843,1.34479,0.926283,0.246225,NN_Adam
0,0,0,0,0,83.8287,441.592,217.352,1.38302,0.067566,1.09196,0.112708,1.38371,NN_Adam
0,0,0,0,0,-411.185,217.451,370.209,2.65501,0.134733,0.768735,1.12599,0.999488,NN_Adam
0,0,0,0,0,-451.029,-25.7507,21.7368,3.19844,5.22774,0.778575,2.06257,0.82735,NN_Adam
0,0,0,0,0,98.1294,-406.501,81.4311,1.80759,2.6588,0.593799,2.05768,1.72265,NN_Adam
0,0,0,0,0,-257.441,219.676,285.471,2.43499,0.797861,0.713328,5.82665,6.07848,NN_Adam
0,0,0,0,0,6.89366,373.739,243.986,1.55227,1.03291,6.07759,0.0699908,2.05852,NN_Adam
0,0,0,0,0,164.317,-358.448,213.535,5.14206,0.85213,6.20403,0.0716369,2.87431,NN_Adam
0,0,0,0,0,103.924,309.803,202.536,1.24714,6.18931,2.24241,5.50597,4.84654,NN_Adam
0,0,0,0,0,-14.6674,-254.848,59.717,1.51306,1.78116,2.26107,1.32809,5.01784,NN_Adam
0,0,0,0,0,-413.35,320.294,119.535,2.48221,5.97317,0.665961,1.08879,0.999488,NN_Adam
0,0,0,0,0,-75.9465,-244.193,423.233,1.26913,1.47681,0.789399,2.3617,6.01895,NN_Adam
0,0,0,0,0,94.9423,200.368,251.993,1.12797,0.200812,3.95825,4.74688,6.17791,NN_Adam
0,0,0,0,0,-16.393,-274.31,385.115,1.51097,3.5949,4.93275,1.29427,1.34452,NN_Adam
0,0,0,0,0,-197.679,-247.998,305.047,0.897753,2.14596,1.83399,0.100724,5.67876,NN_Adam
0,0,0,0,0,-144.675,-253.407,540.913,4.19344,0.499801,0.397802,2.06503,0.165034,NN_Adam
0,0,0,0,0,-97.5405,-54.7878,102.254,0.511598,0.0643542,2.57213,2.65988,5.50527,NN_Adam
0,0,0,0,0,-115.388,-292.87,441.688,1.19532,1.81587,0.579292,2.07219,6.01895,NN_Adam
0,0,0,0,0,-108.125,296.554,505.331,1.92043,0.963962,0.613376,0.45043,5.36892,NN_Adam
0,0,0,0,0,-182.22,-196.928,385.897,0.824144,1.312,1.54125,1.6236,0.873547,NN_Adam
0,0,0,0,0,57.8491,102.696,37.9297,4.19929,5.62919,2.95129,2.9753,0.353671,NN_Adam
0,0,0,0,0,-299.102,175.185,264.538,2.6114,0.0145122,2.00655,5.80399,0.999488,NN_Adam
0,0,0,0,0,-407.708,-58.7738,180.989,3.28461,0.341891,0.735262,6.09544,0.458783,NN_Adam
0,0,0,0,0,-393.572,-192.607,153.152,3.5966,5.58308,1.73124,0.49414,1.26648,NN_Adam
0,0,0,0,0,-287.526,64.9899,349.093,2.91924,0.69748,1.4555,5.6535,0.988303,NN_Adam
0,0,0,0,0,-17.913,-26.182,335.757,0.970797,2.31922,1.55539,4.84418,0.0907237,NN_Adam
0,0,0,0,0,-146.902,330.063,352.839,1.98942,0.222142,1.62148,6.20315,4.84654,NN_Adam
0,0,0,0,0,130.485,-55.6764,203.771,2.73811,3.63617,2.64029,4.07093,6.22657,NN_Adam
0,0,0,0,0,110.177,463.338,249.277,1.33698,6.01001,1.21588,0.788698,1.38371,NN_Adam
0,0,0,0,0,35.7851,261.448,277.583,1.43467,0.265238,2.59577,5.23661,4.84654,NN_Adam
0,0,0,0,0,-104.779,-435.396,171.782,4.47619,0.576806,6.28281,0.333386,0.191397,NN_Adam
0,0,0,0,0,234.148,-334.642,303.309,5.32273,0.535714,0.799501,6.26713,5.34562,NN_Adam
0,0,0,0,0,-174.38,205.146,253.788,2.27522,0.740699,3.5425,4.18247,6.17791,NN_Adam
0,0,0,0,0,-189.838,340.936,286.447,2.07874,0.556462,0.852753,6.08923,0.572269,NN_Adam
0,0,0,0,0,-5.97215,-405.006,134.594,1.55591,2.39446,0.832277,1.99538,1.72265,NN_Adam
0,0,0,0,0,-167.814,-12.6693,562.16,3.21686,0.455056,0.903347,1.93269,3.33779,NN_Adam
0,0,0,0,0,390.957,-53.1078,11.4269,3.00646,2.74602,0.735054,1.99388,5.88884,NN_Adam
0,0,0,0,0,-191.536,-352.986,406.902,4.21509,6.27112,0.528638,2.16629,1.21809,NN_Adam
0,0,0,0,0,-237.542,-327.117,34.0916,0.942581,2.67407,0.876486,1.79767,6.08012,NN_Adam
0,0,0,0,0,-352.934,-107.534,221.84,3.43723,0.645326,0.552183,5.93218,0.458783,NN_Adam
0,0,0,0,0,-458.947,8.09405,327.299,3.12376,6.13659,0.44386,2.12288,2.06914,NN_Adam
0,0,0,0,0,470.603,-18.1753,123.702,3.10293,3.04481,0.117335,1.71405,5.88884,NN_Adam
0,0,0,0,0,-193.64,278.442,196.438,2.17831,0.701763,0.438316,5.7918,6.07848,NN_Adam
0,0,0,0,0,445.711,223.284,205.119,0.46428,6.01961,1.01679,0.844976,2.89142,NN_Adam
0,0,0,0,0,-138.393,-181.246,250.344,4.06008,2.90036,3.49588,1.69404,0.341132,NN_Adam
0,0,0,0,0,158.334,-224.111,351.134,2.18574,3.68917,5.12775,0.907141,1.90659,NN_Adam
0,0,0,0,0,0.708657,-10.0545,87.012,1.64045,0.22804,2.10448,3.46786,0.353671,NN_Adam
0,0,0,0,0,-444.443,143.308,367.936,2.82942,0.124328,0.239668,1.98995,2.06914,NN_Adam
0,0,0,0,0,-4.46602,508.718,168.911,1.5792,6.0295,0.884429,0.853258,1.38371,NN_Adam
0,0,0,0,0,291.265,411.56,93.1259,0.954791,0.347178,5.31457,2.06266,1.11678,NN_Adam
0,0,0,0,0,-392.803,298.756,271.398,2.49126,6.15784,0.921435,0.993577,0.999488,NN_Adam
0,0,0,0,0,-327.32,367,175.175,2.29902,5.93921,1.12532,0.721804,0.999488,NN_Adam
0,0,0,0,0,191.555,-110.749,139.548,2.6171,3.62227,3.40938,4.09093,6.22657,NN_Adam
0,0,0,0,0,172.834,194.704,128.234,0.844729,4.66238,1.22978,3.00077,4.54565,NN_Adam
0,0,0,0,0,442.406,-65.6696,277.693,2.99417,3.08067,5.7704,1.92125,5.89801,NN_Adam
0,0,0,0,0,-162.033,110.828,312.845,2.54164,0.977165,2.94197,4.58742,6.17791,NN_Adam
0,0,0,0,0,175.669,-434.676,135.842,1.9545,2.97258,0.157088,1.76046,4.79934,NN_Adam
0,0,0,0,0,16.9967,310.419,141.146,1.51605,1.55653,4.76273,0.667301,1.11678,NN_Adam
0,0,0,0,0,437.584,59.7931,293.315,0.135296,5.89772,0.635588,2.22624,2.89142,NN_Adam
0,0,0,0,0,-89.7423,-279.184,162.233,1.25971,1.60862,1.7776,1.83983,6.03257,NN_Adam
0,0,0,0,0,347.219,-31.9262,178.805,3.04981,2.41062,1.882,0.179722,2.71482,NN_Adam
0,0,0,0,0,-188.156,197.07,208.544,2.33319,0.657662,1.08856,5.23834,1.75357,NN_Adam
0,0,0,0,0,-191.486,483.525,65.4312,1.94783,5.82245,0.23102,1.88314,5.31042,NN_Adam
0,0,0,0,0,99.6094,-302.403,186.014,1.8889,1.69034,1.7261,1.66344,6.03257,NN_Adam
0,0,0,0,0,-71.1371,-276.902,116.857,1.31925,1.91791,1.24157,2.47628,1.72265,NN_Adam
0,0,0,0,0,72.664,-504.486,310.221,4.85539,0.173048,0.129434,1.72677,2.3339,NN_Adam
0,0,0,0,0,-51.9223,-367.264,192.037,1.43025,2.00239,1.45482,1.50504,6.03257,NN_Adam
0,0,0,0,0,-186.013,-341.276,166.375,4.21317,5.70237,2.07228,6.22336,1.26648,NN_Adam
0,0,0,0,0,207.539,25.5723,170.165,3.26393,3.48069,3.26096,4.18464,6.22657,NN_Adam
0,0,0,0,0,280.752,-143.385,12.8796,2.66887,3.92947,4.48206,3.27569,6.22657,NN_Adam
0,0,0,0,0,-183.57,-80.604,405.638,0.413666,1.20874,2.19971,0.547078,1.88987,NN_Adam
0,0,0,0,0,-452.868,-239.554,126.41,3.62798,5.80725,0.363499,1.98914,0.384745,NN_Adam
0,0,0,0,0,-259.646,213.957,207.709,2.45209,0.705994,0.517898,5.75579,6.07848,NN_Adam
0,0,0,0,0,-452.566,76.3624,219.189,2.97401,5.84229,1.47115,0.644211,5.86949,NN_Adam
0,0,0,0,0,-152.353,392.026,45.1663,5.08295,2.84339,0.394415,2.14001,2.53861,NN_Adam
0,0,0,0,0,352.59,-294.688,308.537,5.58689,0.0620901,1.07824,0.564615,2.71482,NN_Adam
0,0,0,0,0,226.096,-323.038,4.18385,2.18134,3.55468,0.607434,0.391066,4.79934,NN_Adam
0,0,0,0,0,233.241,256.283,212.999,0.832425,6.2513,1.99887,5.63687,4.84654,NN_Adam
0,0,0,0,0,180.871,-500.267,103.22,5.05926,5.98562,0.1736,1.77919,6.27677,NN_Adam
0,0,0,0,0,-10.7192,343.264,479.186,1.60183,0.327158,1.21582,0.772455,0.374479,NN_Adam
0,0,0,0,0,-49.2761,-304.821,412.704,1.41045,3.34282,5.12577,1.49721,1.34452,NN_Adam
0,0,0,0,0,0.78178,-244.264,489.268,1.5738,3.06409,5.10843,1.63082,1.34452,NN_Adam
0,0,0,0,0,52.641,528.659,155.779,1.47116,6.15519,0.460438,1.16679,1.38371,NN_Adam
0,0,0,0,0,90.4225,-222.828,97.7463,1.95608,3.9946,0.244293,5.71592,4.79934,NN_Adam
0,0,0,0,0,-105.223,-443.396,245.173,4.47928,5.82505,0.519039,2.32631,0.191397,NN_Adam
0,0,0,0,0,-56.5174,247.936,160.27,1.7948,4.29017,1.97028,2.40383,0.486989,NN_Adam
0,0,0,0,0,98.0261,358.593,336.495,1.30388,6.12224,0.181897,2.88488,2.53824,NN_Adam
0,0,0,0,0,-224.66,-206.324,467.328,0.742754,1.86845,0.392428,2.13283,0.906681,NN_Adam
0,0,0,0,0,24.5474,-325.756,16.8054,1.6456,2.47663,1.90719,0.795448,1.73232,NN_Adam
0,0,0,0,0,-394.966,195.972,139.734,2.68078,5.93735,1.46866,0.0887614,0.999488,NN_Adam
0,0,0,0,0,-166.694,429.353,169.4,1.94095,5.44227,1.28534,1.50133,0.486989,NN_Adam
0,0,0,0,0,152.098,-144.954,353.942,5.52157,5.43095,2.63158,0.868214,0.955645,NN_Adam
0,0,0,0,0,-433.771,-131.827,297.731,3.43654,5.99192,0.505661,2.22772,0.322384,NN_Adam
0,0,0,0,0,269.379,166.37,155.102,0.553227,4.9753,2.67466,0.321497,1.59582,NN_Adam
0,0,0,0,0,-261.781,-35.8936,553.575,3.27773,1.61857,5.24939,1.93833,5.93834,NN_Adam
0,0,0,0,0,21.5766,351.39,321.406,1.50926,0.185761,1.76281,5.99781,4.84654,NN_Adam
0,0,0,0,0,-11.057,528.162,114.58,1.59168,5.94505,0.226763,1.83905,5.82413,NN_Adam
0,0,0,0,0,-135.19,105.355,125.45,2.47946,0.405443,1.22413,4.67137,0.914063,NN_Adam
0,0,0,0,0,-4.05204,-394.076,411.264,4.70198,6.28282,0.505797,2.21927,2.3339,NN_Adam
0,0,0,0,0,98.7808,-243.88,547.213,5.09702,0.538133,0.335688,2.22011,5.13599,NN_Adam
0,0,0,0,0,-295.801,223.116,224.915,2.49518,0.640571,0.569305,5.93846,6.07848,NN_Adam
0,0,0,0,0,-1.91333,-424.111,164.786,4.70772,5.57958,0.372725,2.74112,2.3339,NN_Adam
0,0,0,0,0,308.075,-94.9731,80.2057,2.84195,3.76618,4.38301,3.35089,6.22657,NN_Adam
0,0,0,0,0,399.691,-37.4777,48.8595,3.048,2.63801,0.7673,1.99253,5.88884,NN_Adam
0,0,0,0,0,434.961,-243.103,344.998,5.77352,0.288528,0.093581,1.68431,0.881721,NN_Adam
0,0,0,0,0,-451.304,136.089,72.195,2.84862,5.68259,1.2778,0.556995,4.41349,NN_Adam
0,0,0,0,0,217.515,373.932,48.0181,1.04374,0.702646,4.69566,2.00468,1.11678,NN_Adam
0,0,0,0,0,442.465,-256.929,261.859,5.75716,6.19964,0.266181,1.88299,2.71482,NN_Adam
0,0,0,0,0,-187.409,270.501,153.732,2.17648,4.67305,1.7999,2.05773,0.486989,NN_Adam
0,0,0,0,0,131.67,-499.461,131.047,4.97006,5.84779,0.343176,1.95067,6.27677,NN_Adam
0,0,0,0,0,247.173,334.293,33.6674,0.933746,0.73752,4.60471,1.98851,1.11678,NN_Adam
0,0,0,0,0,341.034,-245.941,297.409,5.65805,0.364671,0.99471,0.0408704,5.34562,NN_Adam
0,0,0,0,0,300.723,9.78507,178.879,0.0321755,4.59729,1.93295,2.10237,2.76285,NN_Adam
0,0,0,0,0,-265.886,-414.732,251.315,4.14219,6.00715,0.426124,2.04059,1.21809,NN_Adam
0,0,0,0,0,-190.58,169.187,323.466,2.41546,2.32766,4.55847,0.908487,5.93834,NN_Adam
0,0,0,0,0,-405.783,152.681,47.004,2.78159,6.04392,0.994543,0.0161468,1.75357,NN_Adam
0,0,0,0,0,-1.55035,-128.226,87.8803,4.70027,1.16322,5.05454,5.86544,5.26321,NN_Adam
0,0,0,0,0,256.901,159.673,28.9683,0.55578,4.68833,2.61781,0.17906,1.59582,NN_Adam
0,0,0,0,0,-9.87795,-362.622,387.02,1.54346,3.22067,5.21862,1.85791,1.34452,NN_Adam
0,0,0,0,0,-407.925,243.089,253.825,2.60407,6.2666,1.0463,0.51105,0.885108,NN_Adam
0,0,0,0,0,-348.177,-295.044,205.965,3.84429,5.84006,1.50298,0.545023,1.08158,NN_Adam
0,0,0,0,0,-405.736,3.32656,159.449,3.13333,0.15072,1.0407,5.98534,1.75357,NN_Adam
0,0,0,0,0,204.037,212.81,142.435,0.806237,4.82444,1.19159,2.85538,4.54565,NN_Adam
0,0,0,0,0,-290.897,278.213,460.858,2.37835,0.534083,0.67532,0.884172,2.03274,NN_Adam
0,0,0,0,0,-329.442,-24.3145,463.542,0.0734759,2.62754,0.146803,0.856808,1.88987,NN_Adam
0,0,0,0,0,427.243,-111.52,230.786,2.88605,2.62935,0.836079,1.01038,2.71482,NN_Adam
0,0,0,0,0,-375.341,-18.1008,317.089,0.0480037,2.00309,0.791573,1.99374,1.88987,NN_Adam
0,0,0,0,0,369.935,-2.02184,47.6105,3.13604,2.47555,0.963187,2.07055,5.88884,NN_Adam
0,0,0,0,0,186.753,-120.105,20.4809,2.56989,4.00242,3.78255,3.93203,6.22657,NN_Adam
0,0,0,0,0,-260.506,174.323,58.1316,2.55178,0.214353,0.548895,5.66485,1.75357,NN_Adam
0,0,0,0,0,-309.659,-93.9608,29.3028,0.294546,2.31063,1.27373,2.05703,0.996245,NN_Adam
0,0,0,0,0,-61.9178,-37.1464,410.68,3.68103,0.179503,0.859188,3.0913,3.09063,NN_Adam
0,0,0,0,0,-23.6754,379.865,234.906,1.63281,0.00215658,1.71717,5.92167,4.84654,NN_Adam
0,0,0,0,0,283.711,393.378,336.347,0.94592,0.0550969,0.285043,1.90458,5.73413,NN_Adam
0,0,0,0,0,-323.388,-96.4558,6.10828,0.289722,2.45316,1.21783,1.94634,0.996245,NN_Adam
0,0,0,0,0,156.557,-403.264,370.052,5.08257,0.320999,0.950896,0.507729,5.34562,NN_Adam
0,0,0,0,0,293.417,-235.427,157.997,2.4653,3.92512,4.58438,2.42444,0.247987,NN_Adam
0,0,0,0,0,158.881,263.228,25.0497,1.02754,4.67292,0.883868,2.896,4.54565,NN_Adam
0,0,0,0,0,168.408,276.781,264.768,1.02399,0.0842259,2.12966,5.62513,4.84654,NN_Adam
0,0,0,0,0,-24.7161,77.5803,223.901,1.87922,4.71018,1.80281,3.30198,1.6879,NN_Adam
0,0,0,0,0,328.873,97.7257,56.4145,3.43029,2.97383,1.68984,6.24679,0.917386,NN_Adam
0,0,0,0,0,77.747,386.155,394.848,1.37176,0.10758,1.37414,0.549826,0.374479,NN_Adam
0,0,0,0,0,-2.51441,-394.659,443.305,4.70585,0.158374,0.455958,2.05832,0.415395,NN_Adam
0,0,0,0,0,282.922,-400.886,44.0861,5.3268,5.54635,0.44178,2.05302,6.0557,NN_Adam
0,0,0,0,0,-99.2929,269.994,257.924,1.92314,0.190879,2.39602,5.3149,4.84654,NN_Adam
0,0,0,0,0,-21.1136,-124.22,487.805,1.40231,0.798271,1.60354,1.61822,6.01895,NN_Adam
0,0,0,0,0,-48.319,-7.30686,551.198,3.29121,0.545741,1.09224,2.02093,3.33779,NN_Adam
0,0,0,0,0,185.324,-333.025,397.895,5.21995,0.600149,0.936462,0.164961,5.34562,NN_Adam
0,0,0,0,0,57.2377,-458.285,290.297,4.83662,6.00774,0.462984,2.21147,2.3339,NN_Adam
0,0,0,0,0,135.049,479.168,136.169,1.29591,5.91446,1.03441,0.72764,1.38371,NN_Adam
0,0,0,0,0,-366.888,249.909,96.9023,2.54354,6.20971,0.918142,0.0284297,1.75357,NN_Adam
0,0,0,0,0,137.897,-118.448,311.908,5.57326,4.99188,2.98272,0.853275,0.955645,NN_Adam
0,0,0,0,0,-106.896,-191.046,52.1822,1.06041,1.85109,2.69963,0.694209,0.324958,NN_Adam
0,0,0,0,0,-206.608,140.812,3.41778,2.54318,4.10684,1.44679,2.64635,0.164514,NN_Adam
0,0,0,0,0,-128.827,415.162,229.466,1.87152,5.4787,1.40281,1.54632,0.486989,NN_Adam
0,0,0,0,0,-156.222,-46.7398,7.65916,3.43221,0.0326641,6.27292,5.43476,0.954884,NN_Adam
0,0,0,0,0,-171.149,480.038,99.4858,1.91321,5.8126,0.186142,2.13756,5.31042,NN_Adam
0,0,0,0,0,123.01,-61.9716,63.2469,2.67483,4.23023,2.55506,4.26232,6.22657,NN_Adam
0,0,0,0,0,-160.195,415.09,234.366,1.93907,5.55418,1.26014,1.63616,0.486989,NN_Adam
0,0,0,0,0,-129.072,-140.982,20.2811,3.97089,0.146493,0.053497,5.45628,0.954884,NN_Adam
0,0,0,0,0,-159.885,426.833,386.857,1.92918,0.138436,0.312906,1.94347,6.00367,NN_Adam
0,0,0,0,0,304.1,-87.1627,276.96,2.86233,2.22642,1.90899,6.27389,2.71482,NN_Adam
0,0,0,0,0,-116.758,420.745,280.42,1.84133,5.69148,1.2046,1.6704,0.486989,NN_Adam
0,0,0,0,0,389.148,-93.5078,179.511,2.90545,2.51208,1.43167,0.591316,2.71482,NN_Adam
0,0,0,0,0,21.4428,420.124,195.433,1.51968,0.560627,0.306097,0.0231922,0.458874,NN_Adam
0,0,0,0,0,-226.363,418.427,385.395,2.06664,0.317259,0.145511,1.74697,6.00367,NN_Adam
0,0,0,0,0,36.8569,-453.922,367.976,4.79323,0.0239993,0.387022,2.00826,0.165034,NN_Adam
0,0,0,0,0,-72.2135,139.383,46.2276,2.04867,3.63848,1.56195,3.09195,0.164514,NN_Adam
0,0,0,0,0,422.4,-142.117,98.771,2.81691,2.93586,0.831031,0.948996,3.16442,NN_Adam
0,0,0,0,0,264.702,-61.2551,242.026,2.91387,3.33766,4.01598,3.6103,6.22657,NN_Adam
0,0,0,0,0,-324.824,-95.95,143.508,0.28715,2.02252,1.16487,2.20433,0.996245,NN_Adam
0,0,0,0,0,-294.621,289.746,347.531,2.3643,0.553358,0.784013,0.17676,0.572269,NN_Adam
0,0,0,0,0,-1.67483,292.735,258.506,1.57631,0.543176,4.06598,4.11006,6.17791,NN_Adam
0,0,0,0,0,-367.837,320.217,140.856,2.42518,5.98835,1.07267,0.533298,0.999488,NN_Adam
0,0,0,0,0,266.855,458.541,58.6979,1.04368,5.98429,0.101862,1.69333,1.11678,NN_Adam
0,0,0,0,0,212.857,-29.0668,261.449,3.00576,3.37257,3.5425,3.75152,6.22657,NN_Adam
0,0,0,0,0,-121.287,86.6971,387.351,2.52095,1.1197,2.15365,5.15745,0.988303,NN_Adam
0,0,0,0,0,65.3526,-278.256,172.033,1.8013,1.56117,2.21686,1.16403,5.01784,NN_Adam
0,0,0,0,0,232.03,440.094,62.1197,1.08523,5.6105,0.417424,2.03776,1.11678,NN_Adam
0,0,0,0,0,271.827,335.257,281.009,0.88937,6.21156,1.44186,0.259356,5.73413,NN_Adam
0,0,0,0,0,160.004,-455.782,336.724,5.04979,0.0403134,0.30209,1.91627,2.3339,NN_Adam
0,0,0,0,0,-226.703,203.238,526.413,2.4105,0.631954,0.998474,0.720626,2.39757,NN_Adam
0,0,0,0,0,-501.519,103.557,160.5,2.93777,6.15096,0.725042,0.78554,4.41349,NN_Adam
0,0,0,0,0,-372.845,168.198,265.298,2.71762,5.89747,1.81332,0.340939,5.86949,NN_Adam
0,0,0,0,0,351.015,-195.36,272.135,2.63352,2.38778,1.23084,0.710227,2.71482,NN_Adam
0,0,0,0,0,-199.916,96.37,399.06,2.69232,2.40837,4.69146,0.985542,5.93834,NN_Adam
0,0,0,0,0,232.576,9.54085,190.984,3.18253,3.46251,3.56994,3.95809,6.22657,NN_Adam
0,0,0,0,0,-196.844,123.517,493.236,2.58118,2.10348,4.97895,1.33317,5.93834,NN_Adam
0,0,0,0,0,495.623,45.669,312.678,0.091477,0.0348422,0.258359,1.86873,2.89142,NN_Adam
0,0,0,0,0,-306.155,22.268,37.7577,6.21037,2.91465,6.03169,3.29659,3.84344,NN_Adam
0,0,0,0,0,426.611,278.357,237.754,0.578096,6.17207,0.775808,1.01962,5.73413,NN_Adam
0,0,0,0,0,-152.482,-25.5811,120.994,0.166175,5.52611,3.00154,2.58343,5.50527,NN_Adam
0,0,0,0,0,-151.734,356.041,282.924,1.97329,5.47109,1.46644,1.78617,0.486989,NN_Adam
0,0,0,0,0,-127.271,-396.586,11.373,1.26001,2.89055,0.53909,1.95672,6.08012,NN_Adam
0,0,0,0,0,-38.8793,389.391,369.962,1.67026,0.748027,5.06607,3.00188,6.17791,NN_Adam
0,0,0,0,0,-226.714,160.746,352.658,2.52484,0.375663,2.10428,5.681,6.17791,NN_Adam
0,0,0,0,0,-242.105,-158.511,135.832,3.72127,5.5155,2.90024,5.63939,1.26648,NN_Adam
0,0,0,0,0,-50.7142,127.647,588.533,1.94866,0.61785,1.03984,1.5314,3.33779,NN_Adam
0,0,0,0,0,160.339,-343.886,38.2078,2.00687,3.61643,0.540967,0.193695,4.79934,NN_Adam
0,0,0,0,0,218.23,-6.47659,105.392,3.1119,3.61287,3.48099,4.22479,6.22657,NN_Adam
0,0,0,0,0,187.689,-292.635,267.796,2.14088,3.79548,4.53612,2.21013,0.247987,NN_Adam
0,0,0,0,0,-186.88,-332.36,393.667,4.20008,6.14265,0.639861,2.2832,1.21809,NN_Adam
0,0,0,0,0,165.11,-180.458,453.36,5.45328,0.1165,0.493573,2.77725,5.13599,NN_Adam
0,0,0,0,0,-399.347,-284.417,50.7967,3.76027,5.69787,1.0315,0.8018,0.444879,NN_Adam
0,0,0,0,0,62.895,-369.644,99.5883,1.73925,2.39659,0.775533,2.29053,1.72265,NN_Adam
0,0,0,0,0,382.47,-362.191,166.499,5.52496,6.02466,0.246654,1.86552,0.00805729,NN_Adam
0,0,0,0,0,-68.705,-284.782,29.0552,1.3339,2.26419,1.20559,2.34028,1.72265,NN_Adam
0,0,0,0,0,-24.0327,524.686,143.553,1.61652,5.9572,0.266225,1.88281,0.458874,NN_Adam
0,0,0,0,0,-443.176,-266.983,146.591,3.68375,5.88659,0.334546,1.95006,0.384745,NN_Adam
0,0,0,0,0,37.1012,-121.459,244.318,1.86701,3.55163,2.76344,3.88868,6.22657,NN_Adam
0,0,0,0,0,13.5191,-77.7428,439.248,1.74286,0.385259,1.77857,1.95202,6.01895,NN_Adam
0,0,0,0,0,-205.435,-14.1292,518.411,3.21011,2.13525,5.01402,1.38915,5.93834,NN_Adam
0,0,0,0,0,-149.482,-250.564,292.546,1.03263,2.10324,2.06497,6.20068,5.67876,NN_Adam
0,0,0,0,0,-501.892,2.03898,81.0565,3.13729,5.67432,0.369823,2.06268,1.99764,NN_Adam
0,0,0,0,0,-307.527,245.086,159.678,2.46867,0.425543,0.552215,6.02646,6.07848,NN_Adam
0,0,0,0,0,-89.4694,-32.5791,51.5021,0.349161,0.124685,2.71745,2.66031,5.50527,NN_Adam
0,0,0,0,0,-71.4726,498.537,242.143,1.71311,6.05005,0.368678,1.97985,0.458874,NN_Adam
0,0,0,0,0,-86.3667,160.155,216.15,5.20686,3.18327,1.48804,5.00699,0.0907237,NN_Adam
0,0,0,0,0,107.79,-285.833,470.112,1.9313,2.92393,5.2378,2.00012,1.90659,NN_Adam
0,0,0,0,0,-311.951,-299.165,263.871,3.90616,5.87257,1.63479,0.586863,1.08158,NN_Adam
0,0,0,0,0,-70.017,-108.548,520.027,0.997868,0.954892,1.45534,1.49953,6.01895,NN_Adam
0,0,0,0,0,-38.0434,365.999,187.638,1.67427,6.15803,1.87279,5.76465,4.84654,NN_Adam
0,0,0,0,0,-10.9491,-380.105,162.457,1.54175,2.1185,1.34972,1.58928,6.03257,NN_Adam
0,0,0,0,0,219.839,-326.832,340.284,5.30431,0.592552,0.85477,6.28005,5.34562,NN_Adam
0,0,0,0,0,-58.6986,-15.9302,260.418,0.264961,2.83158,1.52311,4.58673,0.0907237,NN_Adam
0,0,0,0,0,91.3986,-253.278,137.983,1.91703,1.56295,2.33785,1.1443,5.01784,NN_Adam
0,0,0,0,0,-323.205,-24.4999,298.703,0.0754826,1.72904,0.985314,2.26436,1.88987,NN_Adam
0,0,0,0,0,-194.583,-445.863,346.218,4.30084,0.12978,0.234096,1.85368,1.21809,NN_Adam
0,0,0,0,0,347.618,-200.194,243.067,2.61903,2.37966,1.33327,0.709629,2.71482,NN_Adam
0,0,0,0,0,270.893,-289.12,30.8937,2.32335,3.49118,0.656973,0.326724,4.79934,NN_Adam
0,0,0,0,0,-476.141,-73.252,327.201,3.294,6.26241,0.340271,1.9564,0.322384,NN_Adam
0,0,0,0,0,-229.372,244.505,149.742,2.32395,0.627654,0.29126,5.81532,6.07848,NN_Adam
0,0,0,0,0,-65.4197,-495.598,220.466,4.58103,6.13377,0.927265,0.800112,0.191397,NN_Adam
0,0,0,0,0,376.188,307.871,150.604,0.685736,0.0479586,5.48996,2.73058,5.4464,NN_Adam
0,0,0,0,0,493.588,-100.955,143.825,6.08128,5.77423,0.426851,2.04589,2.70961,NN_Adam
0,0,0,0,0,299.237,-258.867,479.809,5.57017,0.423817,0.26566,1.88405,0.586595,NN_Adam
0,0,0,0,0,-155.584,512.419,88.6577,1.86549,6.05994,0.088781,1.67803,5.31042,NN_Adam
0,0,0,0,0,-397.897,186.907,311.919,2.70227,6.05654,1.40684,0.74162,5.86949,NN_Adam
0,0,0,0,0,-58.7515,10.1769,453.359,2.97005,0.104002,1.29662,2.50353,3.33779,NN_Adam
0,0,0,0,0,-470.019,179.523,5.82026,2.7767,5.70711,0.676372,1.14105,4.41349,NN_Adam
0,0,0,0,0,-392.542,198.132,43.3268,2.674,6.04677,0.939073,0.0777137,1.75357,NN_Adam
0,0,0,0,0,66.8781,-319.961,404.051,4.91829,6.13101,0.647256,2.54571,2.3339,NN_Adam
0,0,0,0,0,193.388,-266.845,98.2591,2.19789,4.30924,4.2214,2.51703,0.247987,NN_Adam
0,0,0,0,0,-63.4131,-201.084,458.589,1.26513,1.14103,1.48041,1.59387,6.01895,NN_Adam
0,0,0,0,0,-327.064,318.145,342.353,2.36984,0.299619,0.814395,0.588104,0.572269,NN_Adam
0,0,0,0,0,-381.956,-62.7343,247.277,3.30426,0.437359,0.984765,5.95947,0.458783,NN_Adam
0,0,0,0,0,-136.117,186.179,498.457,2.20201,1.26305,0.702412,6.26079,5.36892,NN_Adam
0,0,0,0,0,272.461,427.56,48.2803,1.00307,5.6904,0.305631,1.97745,1.11678,NN_Adam
0,0,0,0,0,-198.831,-19.8657,439.506,3.24109,0.840244,1.83314,5.7436,0.988303,NN_Adam
0,0,0,0,0,-55.8253,-390.41,128.321,1.42848,2.35318,0.877643,2.04687,1.72265,NN_Adam
0,0,0,0,0,-249.529,136.389,460.256,2.64162,0.686899,1.37495,6.24867,0.988303,NN_Adam
0,0,0,0,0,-227.198,-72.687,550.463,3.4509,1.82035,5.17439,1.72124,5.93834,NN_Adam
0,0,0,0,0,125.525,381.331,171.284,1.25269,0.152299,1.12038,5.95007,1.38371,NN_Adam
0,0,0,0,0,102.233,248.305,34.6455,4.3213,4.76,3.90035,2.57074,0.353671,NN_Adam
0,0,0,0,0,-205.169,-268.446,170.111,4.05963,5.66636,2.47621,5.91696,1.26648,NN_Adam
0,0,0,0,0,-230.883,-461.487,44.7617,4.24833,5.82644,0.611246,1.16202,0.291986,NN_Adam
0,0,0,0,0,8.78767,71.6335,184.521,1.44887,4.34984,1.69468,3.5509,1.6879,NN_Adam
0,0,0,0,0,-231.959,-294.195,81.9962,4.04456,0.224593,0.565099,5.94789,0.954884,NN_Adam
0,0,0,0,0,55.7544,-259.817,7.95403,1.78209,4.63279,3.9243,2.85236,2.21858,NN_Adam
0,0,0,0,0,-191.275,462.058,337.293,1.96321,0.241154,0.119811,1.71616,6.00367,NN_Adam
0,0,0,0,0,109.75,525.444,116.537,1.36483,6.0845,0.114075,1.70828,1.38371,NN_Adam
0,0,0,0,0,-177.084,58.2219,54.0517,2.82366,3.8881,1.49823,3.03903,0.164514,NN_Adam
0,0,0,0,0,301.284,-288.497,127.7,5.51937,5.46097,0.385809,2.77609,0.00805729,NN_Adam
0,0,0,0,0,8.15068,-126.393,503.133,1.63523,0.866535,1.54742,1.54841,6.01895,NN_Adam
0,0,0,0,0,-70.9446,-96.4651,127.664,4.0782,1.25844,5.24883,5.61964,5.26321,NN_Adam
0,0,0,0,0,398.574,224.523,265.089,0.51287,5.75146,1.0121,1.75504,2.76285,NN_Adam
0,0,0,0,0,12.8857,353.378,118.267,1.53435,1.29853,4.86697,0.846267,1.11678,NN_Adam
0,0,0,0,0,103.111,-401.821,395.277,4.96344,0.0135463,0.405068,2.22688,2.3339,NN_Adam
0,0,0,0,0,73.49,-266.117,453.084,1.84007,3.18923,5.29078,1.29698,1.90659,NN_Adam
0,0,0,0,0,-312.816,85.6765,1.16548,2.87399,6.17615,0.794721,5.74722,1.75357,NN_Adam
0,0,0,0,0,-156.805,464.293,248.072,1.89613,5.97963,0.442914,2.063,0.458874,NN_Adam
0,0,0,0,0,58.1375,-212.557,257.346,1.83761,2.6597,4.43142,4.17975,2.27078,NN_Adam
0,0,0,0,0,305.062,-53.0261,121.777,2.96939,3.71473,4.20275,3.43439,6.22657,NN_Adam
0,0,0,0,0,200.777,9.13616,161.451,3.18702,3.53061,3.12691,4.22715,6.22657,NN_Adam
0,0,0,0,0,45.6247,130.546,173.058,1.23445,3.17962,4.20178,0.0540568,1.68825,NN_Adam
0,0,0,0,0,-9.95361,52.8612,81.7142,4.89848,6.02268,2.38068,3.29375,0.353671,NN_Adam
0,0,0,0,0,174.79,-50.3364,107.153,2.86105,3.85062,2.90439,4.24175,6.22657,NN_Adam
0,0,0,0,0,-268.264,-3.58483,65.6136,0.0133524,2.68734,6.24488,3.43472,3.84344,NN_Adam
0,0,0,0,0,385.268,270.312,327.383,0.611566,6.20105,0.379328,2.05675,5.73413,NN_Adam
0,0,0,0,0,-204.64,138.52,363.563,2.5465,0.462343,2.24357,5.57671,6.17791,NN_Adam
0,0,0,0,0,-354.452,274.984,172.724,2.48154,6.15926,1.24744,0.0854188,0.999488,NN_Adam
0,0,0,0,0,-19.3893,166.65,267.105,1.68646,0.219828,4.23094,4.88902,6.17791,NN_Adam
0,0,0,0,0,-200.114,-456.373,267.883,4.2991,6.11354,0.352862,1.98538,1.21809,NN_Adam
0,0,0,0,0,-490.748,74.0242,248.71,2.99146,6.06054,0.96807,1.0304,5.86949,NN_Adam
0,0,0,0,0,91.5221,-60.3619,2.3005,2.55853,4.40013,2.52827,4.43551,6.22657,NN_Adam
0,0,0,0,0,253.43,257.102,266.798,0.792376,5.54353,0.904092,2.59853,0.0620472,NN_Adam
0,0,0,0,0,-246.966,88.9095,282.998,2.79585,0.643735,1.86468,5.17492,0.988303,NN_Adam
0,0,0,0,0,-315.128,406.486,142.712,2.2301,5.93147,0.846068,1.00735,6.07848,NN_Adam
0,0,0,0,0,343.1,-224.132,56.7676,5.70427,5.21076,0.550572,2.64028,5.00623,NN_Adam
0,0,0,0,0,164.691,356.624,403.549,1.13791,0.0740658,0.238513,2.46764,2.53824,NN_Adam
0,0,0,0,0,-71.979,213.873,263.962,1.89528,4.69098,2.13604,2.21884,0.486989,NN_Adam
0,0,0,0,0,222.227,451.052,295.986,1.11297,6.27899,0.258891,1.87772,2.83862,NN_Adam
0,0,0,0,0,-116.785,355.681,359.799,1.88815,0.242835,1.49463,0.0293238,4.84654,NN_Adam
0,0,0,0,0,-483.672,-234.047,115.996,3.59226,6.0975,0.102576,1.6942,0.384745,NN_Adam
0,0,0,0,0,291.694,-188.386,339.398,2.56793,2.78253,0.736944,0.149886,2.38395,NN_Adam
0,0,0,0,0,162.063,-207.305,10.5378,2.2341,4.71825,3.90697,2.73806,2.21858,NN_Adam
0,0,0,0,0,-164.762,105.957,10.0977,2.56996,3.86177,1.4478,2.90562,0.164514,NN_Adam
0,0,0,0,0,-311.981,-130.938,37.399,0.397297,2.33847,1.22197,2.0206,0.996245,NN_Adam
0,0,0,0,0,-374.923,-243.75,42.7495,0.57642,3.0276,0.272848,1.89186,0.996245,NN_Adam
0,0,0,0,0,-63.0045,-260.13,473.993,1.33301,3.09161,5.07337,1.76115,1.34452,NN_Adam
0,0,0,0,0,27.1511,-302.175,451.146,1.66028,3.11878,5.16624,1.75196,1.90659,NN_Adam
0,0,0,0,0,221.373,-312.981,212.125,2.18622,3.76291,4.70243,2.32252,0.247987,NN_Adam
0,0,0,0,0,-8.02684,494.436,338.276,1.58698,0.16285,0.191167,1.79733,2.05852,NN_Adam
0,0,0,0,0,-492.873,-111.915,302.631,3.36484,0.0590427,0.214298,1.82771,0.322384,NN_Adam
0,0,0,0,0,386.799,269.861,335.703,0.609039,6.23642,0.38491,1.99999,5.73413,NN_Adam
0,0,0,0,0,-272.735,91.0844,218.566,5.96056,1.55806,2.26294,0.884869,0.906191,NN_Adam
0,0,0,0,0,-79.445,-419.002,395.637,4.52482,0.0377018,0.420419,2.1122,0.165034,NN_Adam
0,0,0,0,0,-477.559,-176.23,285.165,3.49487,0.0411674,0.56974,1.21123,3.41488,NN_Adam
0,0,0,0,0,-159.339,-29.7655,276.583,3.32613,1.3252,2.2337,4.45156,0.988303,NN_Adam
0,0,0,0,0,-246.194,-164.287,145.034,3.72976,5.54821,2.84252,5.68138,1.26648,NN_Adam
0,0,0,0,0,-123.058,-8.38039,278.091,0.0677453,2.82624,1.79726,4.78736,0.0907237,NN_Adam
0,0,0,0,0,82.6098,358.137,183.305,1.34373,0.327333,1.04576,5.74493,1.38371,NN_Adam
0,0,0,0,0,-200.707,16.0898,457.525,3.06138,0.822996,1.76164,5.88396,0.988303,NN_Adam
0,0,0,0,0,153.364,113.656,141.229,0.637673,4.35564,3.5384,6.26352,1.59582,NN_Adam
0,0,0,0,0,146.848,-316.132,99.9657,2.00556,2.14549,1.77664,1.1775,5.01784,NN_Adam
0,0,0,0,0,46.5552,270.282,219.893,1.39998,0.204649,2.61308,5.02868,4.84654,NN_Adam
0,0,0,0,0,208.366,434.546,81.6596,1.12352,6.08317,0.810951,0.418676,1.38371,NN_Adam
0,0,0,0,0,-388.284,5.28544,346.083,6.26922,2.1631,0.46046,2.07171,1.88987,NN_Adam
0,0,0,0,0,40.7128,291.62,415.174,1.43201,0.912161,4.85725,3.42774,6.17791,NN_Adam
0,0,0,0,0,37.1196,-218.022,447.494,1.73923,1.16674,1.53241,1.53397,6.01895,NN_Adam
0,0,0,0,0,-229.567,-120.631,302.231,3.62524,5.81002,2.77026,6.16854,1.26648,NN_Adam
0,0,0,0,0,36.5486,-135.982,313.326,1.8332,4.16861,4.6037,0.588919,1.34452,NN_Adam
0,0,0,0,0,204.018,247.965,66.7943,0.881939,4.74531,1.02381,2.79031,4.54565,NN_Adam
0,0,0,0,0,287.463,-211.847,179.085,2.50633,3.96646,4.42821,2.4609,0.247987,NN_Adam
0,0,0,0,0,297.937,-297.805,301.857,5.4979,0.345334,1.0241,0.0632662,2.71482,NN_Adam
0,0,0,0,0,-142.421,191.828,224.325,2.20935,4.51982,2.06322,2.3295,0.486989,NN_Adam
0,0,0,0,0,-410.012,147.562,143.068,2.79581,5.66347,1.71546,0.318316,5.86949,NN_Adam
0,0,0,0,0,473.009,89.9241,126.275,0.187807,5.76714,1.26187,0.658846,2.89142,NN_Adam
0,0,0,0,0,296.58,334.666,117.918,0.845569,6.1223,5.44513,3.09551,5.4464,NN_Adam
0,0,0,0,0,-88.3108,508.099,98.9088,1.74277,5.79688,0.321439,1.95013,5.31042,NN_Adam
0,0,0,0,0,-239.066,116.691,358.733,2.68727,0.620657,1.86474,5.54956,0.988303,NN_Adam
0,0,0,0,0,-137.604,-108.127,333.474,3.80742,5.85596,3.04273,6.23725,1.26648,NN_Adam
0,0,0,0,0,201.817,394.285,138.864,1.09756,6.24739,1.04648,6.27483,1.38371,NN_Adam
0,0,0,0,0,-269.4,-328.735,427.047,4.02575,0.207564,0.338177,1.9838,1.21809,NN_Adam
0,0,0,0,0,-238.887,20.7484,407.619,3.05476,0.714861,1.82659,5.70299,0.988303,NN_Adam
0,0,0,0,0,7.39487,116.055,204.459,1.50692,4.57208,1.67783,3.313,0.786399,NN_Adam
0,0,0,0,0,-337.986,-388.4,189.066,3.99625,6.13283,0.750322,0.919693,3.41488,NN_Adam
0,0,0,0,0,-133.39,381.662,246.742,1.90679,5.39049,1.48467,1.70879,0.486989,NN_Adam
0,0,0,0,0,-79.7527,-258.881,249.186,4.4136,2.38649,3.75981,1.77322,0.341132,NN_Adam
0,0,0,0,0,-378.254,-258.016,314.179,3.74006,6.25832,1.15106,0.672358,3.41488,NN_Adam
0,0,0,0,0,137.187,283.444,272.721,1.11985,0.0792382,2.21826,5.61353,4.84654,NN_Adam
0,0,0,0,0,-215.037,61.7077,488.02,2.86203,2.16486,4.93612,1.3049,5.93834,NN_Adam
0,0,0,0,0,357.457,-172.605,153.584,2.69161,2.38975,1.49529,0.86346,0.246225,NN_Adam
0,0,0,0,0,-401.392,-80.8653,452.602,3.34021,0.292528,0.324422,1.95092,6.25163,NN_Adam
0,0,0,0,0,53.5847,-537.933,144.738,4.81165,6.23458,0.0365579,1.61465,5.80573,NN_Adam
0,0,0,0,0,-437.426,179.906,238.774,2.75135,5.91773,1.28983,0.828346,5.86949,NN_Adam
0,0,0,0,0,226.313,-213.056,459.661,5.52777,1.50528,4.67515,2.58324,0.586595,NN_Adam
0,0,0,0,0,166.73,291.476,238.434,1.05108,6.27849,2.1062,5.64057,4.84654,NN_Adam
0,0,0,0,0,-226.702,310.482,364.111,2.20135,1.02203,0.117299,0.256301,2.03274,NN_Adam
0,0,0,0,0,-135.406,-248.132,102.301,1.07101,1.93419,2.3733,0.710555,0.324958,NN_Adam
0,0,0,0,0,98.3543,288.727,345.856,1.24202,1.87026,4.02998,2.43773,2.83862,NN_Adam
0,0,0,0,0,-118.736,440.408,163.766,1.83392,6.09045,1.2556,0.172016,4.84654,NN_Adam
0,0,0,0,0,150.274,-14.909,94.6583,6.18402,2.90988,3.89783,0.249294,4.42808,NN_Adam
0,0,0,0,0,-204.242,445.44,230.643,2.00062,5.83795,1.00591,1.37952,0.486989,NN_Adam
0,0,0,0,0,-12.6719,-454.877,383.951,4.68434,0.119799,0.315489,1.97112,0.165034,NN_Adam
0,0,0,0,0,313.844,-431.132,135.691,5.3416,6.04388,0.179508,1.78493,6.0557,NN_Adam
0,0,0,0,0,-23.2132,-467.348,375.608,4.66258,0.156435,0.270675,1.89406,0.165034,NN_Adam
0,0,0,0,0,481.593,171.406,200.833,0.341727,6.0643,0.842624,0.985884,2.89142,NN_Adam
0,0,0,0,0,-158.889,94.0872,0.0474735,2.60675,3.80879,1.41736,2.93876,0.164514,NN_Adam
0,0,0,0,0,21.6836,416.105,138.034,1.51856,0.452824,0.257035,0.000781711,0.458874,NN_Adam
0,0,0,0,0,-18.9751,-221.894,331.936,1.48546,3.9401,4.82904,0.842864,1.34452,NN_Adam
0,0,0,0,0,-486.308,53.5579,211.19,3.03178,6.04248,1.09931,0.707438,0.322384,NN_Adam
0,0,0,0,0,-115.181,-372.977,416.101,1.27062,2.66067,5.94381,1.91864,2.04068,NN_Adam
0,0,0,0,0,-342.896,228.158,95.937,2.5541,0.00874441,0.938881,6.0658,1.75357,NN_Adam
0,0,0,0,0,151.55,8.30928,122.535,3.19633,4.09589,2.67967,4.04325,6.22657,NN_Adam
0,0,0,0,0,-161.58,-310.278,118.241,1.09051,2.28516,0.748735,2.5062,1.4549,NN_Adam
0,0,0,0,0,-65.02,-424.115,214.252,4.56026,0.731866,6.26097,0.25164,0.191397,NN_Adam
0,0,0,0,0,43.9866,-397.796,38.1195,1.68085,2.6816,0.719073,2.02919,1.72265,NN_Adam
0,0,0,0,0,-169.736,265.264,321.53,2.13989,0.979838,4.17172,3.58471,6.17791,NN_Adam
0,0,0,0,0,-40.4068,-123.27,473.562,1.25404,0.759636,1.65031,1.66392,6.01895,NN_Adam
0,0,0,0,0,-318.921,76.238,472.593,2.90684,0.0151549,1.19878,1.48633,1.11345,NN_Adam
0,0,0,0,0,-244.192,-13.354,569.8,3.19622,1.57608,5.29227,2.07891,5.93834,NN_Adam
0,0,0,0,0,207.851,365.376,332.298,1.05332,1.1725,4.77879,2.31032,2.83862,NN_Adam
0,0,0,0,0,-329.026,115.371,323.834,2.80435,5.98183,0.359022,2.93181,2.06914,NN_Adam
0,0,0,0,0,-56.953,-237.883,14.3562,1.33558,2.11107,2.40875,0.850766,0.324958,NN_Adam
0,0,0,0,0,72.3596,155.2,175.688,1.13431,4.5061,1.52577,3.21124,1.14695,NN_Adam
0,0,0,0,0,195.107,-57.2025,4.47035,2.85625,3.85813,3.92755,4.14736,6.22657,NN_Adam
0,0,0,0,0,-510.319,-48.9052,248.107,3.23693,6.22372,0.680935,1.09561,0.322384,NN_Adam
0,0,0,0,0,44.8466,-223.017,523.414,1.76895,2.81134,5.12365,1.98192,1.34452,NN_Adam
0,0,0,0,0,373.864,313.254,49.805,0.697359,5.72186,6.27706,2.40714,5.4464,NN_Adam
0,0,0,0,0,-350.304,-229.65,178.13,3.72167,5.52787,0.543938,2.64704,0.384745,NN_Adam
0,0,0,0,0,-82.3848,-158.769,155.987,4.23369,4.94002,3.71016,5.79307,1.26648,NN_Adam
0,0,0,0,0,97.2636,-291.774,563.445,5.03388,0.753104,0.184033,1.81972,5.13599,NN_Adam
0,0,0,0,0,-320.618,102.03,426.814,2.8335,0.107801,0.245927,2.68275,2.06914,NN_Adam
0,0,0,0,0,221.95,-279.798,445.248,5.38276,1.36638,4.89215,2.35414,0.586595,NN_Adam
0,0,0,0,0,-377.22,1.18065,48.9654,3.13837,4.91141,0.968037,2.48815,0.82735,NN_Adam
0,0,0,0,0,-149.21,19.3675,85.6577,3.01236,0.100081,1.34501,4.58868,0.914063,NN_Adam
0,0,0,0,0,-110.354,-68.6518,463.638,0.55647,0.72295,1.68496,1.69924,6.01895,NN_Adam
0,0,0,0,0,-254.425,-347.721,378.069,4.08056,6.22522,0.519163,2.08303,1.21809,NN_Adam
0,0,0,0,0,455.199,-176.847,181.944,5.91245,5.77748,0.470891,2.1606,2.70961,NN_Adam
0,0,0,0,0,-74.158,159.439,123.48,2.00604,0.390319,1.14807,4.72229,0.914063,NN_Adam
0,0,0,0,0,-49.7797,-264.69,265.159,4.52592,2.40032,3.80102,1.76538,0.341132,NN_Adam
0,0,0,0,0,-206.787,164.773,122.106,2.46858,4.29997,1.77028,2.51691,0.164514,NN_Adam
0,0,0,0,0,-363.387,-306.518,158.435,3.84197,5.7995,1.33983,0.629454,1.08158,NN_Adam
0,0,0,0,0,125.983,-250.352,428.922,2.03685,3.30857,5.25109,1.20679,1.90659,NN_Adam
0,0,0,0,0,-97.5213,143.012,377.737,2.16898,2.66108,4.70048,0.677593,5.93834,NN_Adam
0,0,0,0,0,-133.947,-222.812,299.761,4.17095,2.34951,3.69835,2.15325,0.341132,NN_Adam
0,0,0,0,0,241.003,347.753,187.374,0.964553,6.16282,5.55403,3.24782,5.4464,NN_Adam
0,0,0,0,0,-275,-326.878,344.692,4.01287,6.06375,0.581331,2.21345,1.21809,NN_Adam
0,0,0,0,0,-174.318,-334.76,80.9052,1.09068,2.48059,0.711875,2.30876,1.4549,NN_Adam
0,0,0,0,0,68.708,-172.462,143.233,5.09132,1.34855,5.41599,5.79637,5.26321,NN_Adam
0,0,0,0,0,290.735,-269.035,423.468,5.53662,1.17676,5.07687,2.28328,0.586595,NN_Adam
0,0,0,0,0,-150.028,-432.977,253.335,4.37867,0.617909,0.16156,0.422493,0.191397,NN_Adam
0,0,0,0,0,70.4555,-0.271073,282.508,6.27926,4.83811,3.7462,0.319933,0.955645,NN_Adam
0,0,0,0,0,-181.521,-109.675,302.472,3.6849,5.74806,3.03486,6.13877,1.26648,NN_Adam
0,0,0,0,0,35.8956,-100.392,140.051,1.91397,4.02774,2.14432,4.19343,6.22657,NN_Adam
0,0,0,0,0,323.55,-320.877,332.276,5.50183,0.232196,0.910612,0.551049,2.71482,NN_Adam
0,0,0,0,0,-273.419,-293.2,293.719,0.820039,2.20779,0.563565,2.06416,1.46502,NN_Adam
0,0,0,0,0,-1.60701,-376.55,59.0585,1.56645,2.47329,0.919324,2.08287,1.72265,NN_Adam
0,0,0,0,0,61.2462,213.249,166.261,1.29088,2.9095,3.66466,1.02331,1.68825,NN_Adam
0,0,0,0,0,-22.704,-240.363,75.1886,1.47636,1.61476,2.35788,1.36252,5.01784,NN_Adam
0,0,0,0,0,-72.9511,408.473,69.2198,4.88891,2.71973,0.479388,2.17382,2.53861,NN_Adam
0,0,0,0,0,302.103,-345.776,30.4311,2.28873,3.2791,0.218157,1.43905,0.758087,NN_Adam
0,0,0,0,0,377.275,-184.138,332.881,2.68747,2.46416,0.701613,1.10942,2.71482,NN_Adam
0,0,0,0,0,-25.3797,-32.8736,222.678,0.913289,2.97052,1.3379,4.46815,0.0907237,NN_Adam
0,0,0,0,0,-66.8057,-355.043,394.631,1.38473,3.17747,5.24085,1.88251,1.34452,NN_Adam
0,0,0,0,0,267.207,-83.2631,99.4736,2.83939,1.79398,2.2766,1.07123,0.246225,NN_Adam
0,0,0,0,0,172.013,-323.945,412.525,5.20003,0.630589,0.979761,0.141936,5.34562,NN_Adam
0,0,0,0,0,-130.02,395.383,445.39,1.88838,0.387101,0.751586,1.00113,5.36892,NN_Adam
0,0,0,0,0,-318.334,183.393,480.662,2.61866,0.485922,0.924829,0.788777,2.39757,NN_Adam
0,0,0,0,0,18.8829,296.994,49.4734,1.50714,1.28646,4.60722,0.847681,1.11678,NN_Adam
0,0,0,0,0,1.14875,439.383,217.826,1.5681,0.50547,0.399152,0.133251,0.458874,NN_Adam
0,0,0,0,0,-35.5259,-13.4859,468.297,3.50433,0.210059,1.30946,2.405,3.33779,NN_Adam
0,0,0,0,0,-294.22,152.052,30.3289,2.66455,0.0144618,0.752252,5.72924,1.75357,NN_Adam
0,0,0,0,0,-68.709,-302.462,560.465,4.48872,0.716815,0.24137,1.79299,0.165034,NN_Adam
0,0,0,0,0,-51.0616,39.2252,484.941,2.4865,0.227019,1.21643,2.37782,3.33779,NN_Adam
0,0,0,0,0,493.603,-82.9823,33.0311,6.11598,5.62646,0.341283,1.98805,1.50097,NN_Adam
0,0,0,0,0,-39.4582,123.291,268.676,1.88046,0.305026,4.44509,4.93747,6.17791,NN_Adam
0,0,0,0,0,11.2935,-330.859,149.122,1.60479,2.00164,1.11201,2.31256,1.72265,NN_Adam
0,0,0,0,0,63.6251,395.324,463.815,1.41104,0.360923,0.790948,1.10963,0.374479,NN_Adam
0,0,0,0,0,-263.254,427.323,289.228,2.12289,6.23509,0.286554,1.90445,0.486989,NN_Adam
0,0,0,0,0,-468.896,-116.675,71.0372,3.38533,6.06399,0.784249,0.450982,0.721104,NN_Adam
0,0,0,0,0,-70.5593,163.201,147.372,1.97881,0.556091,1.17145,4.71352,0.914063,NN_Adam
0,0,0,0,0,104.03,-351.029,215.084,5.00041,5.51403,0.599741,2.89083,2.3339,NN_Adam
0,0,0,0,0,185.786,427.215,142.391,1.16015,6.21815,0.955362,0.203609,1.38371,NN_Adam
0,0,0,0,0,87.7354,295.114,93.4341,1.28168,1.4053,4.70929,0.732382,1.11678,NN_Adam
0,0,0,0,0,140.025,214.852,188.263,0.99302,4.88314,1.29453,2.95383,4.54565,NN_Adam
0,0,0,0,0,-292.024,-346.468,140.909,4.01169,5.70068,1.55793,0.443217,1.08158,NN_Adam
0,0,0,0,0,-24.1805,487.333,15.5894,1.6202,5.56352,0.979335,1.0125,5.82413,NN_Adam
0,0,0,0,0,-322.636,196.816,346.371,2.59364,6.11954,0.273911,2.76158,2.06914,NN_Adam
0,0,0,0,0,-444.816,-223.123,211.78,3.60632,5.91738,0.408419,2.08116,0.384745,NN_Adam
0,0,0,0,0,-388.885,-20.683,458.703,3.19468,0.231711,0.422797,2.0174,1.11345,NN_Adam
0,0,0,0,0,-87.3218,-476.387,242.898,4.53105,0.415477,0.32301,0.563695,0.191397,NN_Adam
0,0,0,0,0,-308.163,158.677,434.711,2.66589,0.556684,1.18484,0.170418,2.39757,NN_Adam
0,0,0,0,0,1.64182,537.556,129.263,1.56769,6.11365,0.110985,1.7045,5.82413,NN_Adam
0,0,0,0,0,180.294,34.7633,141.008,3.33195,3.73352,2.8997,4.20399,6.22657,NN_Adam
0,0,0,0,0,534.289,14.281,68.7887,0.0266633,6.08158,0.0385328,1.6175,1.50097,NN_Adam
0,0,0,0,0,-194.054,-322.102,181.968,4.17013,5.72481,2.1673,6.16237,1.26648,NN_Adam
0,0,0,0,0,84.4838,421.18,414.327,1.37275,0.210664,0.902433,1.00803,0.374479,NN_Adam
0,0,0,0,0,59.4476,-218.07,81.0558,1.83668,1.49056,2.4938,1.31037,5.01784,NN_Adam
0,0,0,0,0,-26.6948,307.543,206.288,1.6572,0.0161311,2.31295,5.33419,4.84654,NN_Adam
0,0,0,0,0,396.737,-239.777,51.1756,5.73942,5.44753,0.404372,2.35667,5.00623,NN_Adam
0,0,0,0,0,-188.417,202.583,496.512,2.31987,1.28404,0.341272,0.253553,2.03274,NN_Adam
0,0,0,0,0,449.953,-30.057,194.15,3.07484,2.66696,0.315292,1.93873,5.89801,NN_Adam
0,0,0,0,0,-29.7216,12.1157,326.963,5.89613,2.36546,1.48868,4.82374,0.0907237,NN_Adam
0,0,0,0,0,-381.696,-258.585,65.8421,0.595493,3.09252,0.175108,1.78281,0.996245,NN_Adam
0,0,0,0,0,168.666,-133.284,130.9,2.47224,3.6437,3.33573,4.14546,6.22657,NN_Adam
0,0,0,0,0,-207.438,-138.134,554.962,0.587574,1.90077,0.227097,1.84368,0.906681,NN_Adam
0,0,0,0,0,-125.238,45.2856,139.183,2.79459,0.446985,0.92749,4.60052,0.914063,NN_Adam
0,0,0,0,0,-232.848,-417.284,364.974,4.20337,0.172432,0.235148,1.85017,1.21809,NN_Adam
0,0,0,0,0,-186.043,-282.548,228.58,0.988356,4.06614,4.97479,1.16242,0.721104,NN_Adam
0,0,0,0,0,-52.6202,-203.827,479.409,1.31788,1.20829,1.39125,1.54015,6.01895,NN_Adam
0,0,0,0,0,-334.585,361.062,159.73,2.31802,5.90808,1.12571,0.715867,0.999488,NN_Adam
0,0,0,0,0,-399.56,150.229,370.535,2.78185,0.0369559,0.175338,2.41481,2.06914,NN_Adam
0,0,0,0,0,253.432,14.9773,104.101,3.20035,3.69452,3.83257,3.89147,6.22657,NN_Adam
0,0,0,0,0,-166.08,212.926,219.609,2.23315,0.683908,1.14848,5.22332,1.75357,NN_Adam
0,0,0,0,0,281.946,-123.796,185.965,2.72771,3.58396,4.16071,3.38407,6.22657,NN_Adam
0,0,0,0,0,-260.81,266.057,314.803,2.34611,0.621243,0.921522,6.04387,6.07848,NN_Adam
0,0,0,0,0,231.224,318.092,71.1969,0.941919,4.99258,1.01302,2.37934,4.54565,NN_Adam
0,0,0,0,0,78.3443,317.787,54.4336,1.32864,1.2075,4.67288,0.959249,1.11678,NN_Adam
0,0,0,0,0,-225.152,281.466,162.536,2.24519,0.613634,0.312056,5.93932,6.07848,NN_Adam
0,0,0,0,0,126.635,-18.5115,162.883,2.99636,4.0605,2.54496,3.93136,6.22657,NN_Adam
0,0,0,0,0,-386.91,-336.667,201.74,3.85762,6.13802,0.775528,0.928488,3.41488,NN_Adam
0,0,0,0,0,140.457,341.749,151.754,1.18069,0.291759,0.918057,5.77477,1.38371,NN_Adam
0,0,0,0,0,400.583,-294.079,37.0986,5.64985,5.60477,0.352356,2.0375,0.00805729,NN_Adam
0,0,0,0,0,-183.721,201.771,192.002,2.30941,0.605846,1.06106,5.23073,1.75357,NN_Adam
0,0,0,0,0,-480.997,183.649,293.807,2.77682,0.136286,0.131447,1.72956,0.885108,NN_Adam
0,0,0,0,0,-280.076,-31.5878,225.492,0.112191,2.38061,5.84553,3.5566,3.84344,NN_Adam
0,0,0,0,0,-47.1944,373.814,5.68784,4.8379,2.74948,0.615642,2.24896,2.53861,NN_Adam
0,0,0,0,0,-271.375,-57.43,308.673,3.34999,5.84695,2.63204,6.22956,1.26648,NN_Adam
0,0,0,0,0,-144.662,-113.815,63.2413,3.80805,0.3583,6.23747,5.37163,0.954884,NN_Adam
0,0,0,0,0,-88.3147,287.652,115.933,1.86856,4.44224,1.75771,2.2918,0.486989,NN_Adam
0,0,0,0,0,-105.258,499.251,272.211,1.77853,6.23157,0.259224,1.86879,0.486989,NN_Adam
0,0,0,0,0,-362.831,270.557,160.366,2.50076,6.13175,1.22136,0.115549,0.999488,NN_Adam
0,0,0,0,0,129.851,365.829,265.319,1.22955,1.43093,4.34769,2.2141,2.83862,NN_Adam
0,0,0,0,0,-356.459,-20.2369,147.759,0.0565727,2.78193,5.81085,3.18656,3.84344,NN_Adam
0,0,0,0,0,-167.695,-109.005,515.437,0.576281,1.30102,1.28221,1.38419,0.873547,NN_Adam
0,0,0,0,0,-25.8299,-137.826,471.78,1.38547,0.805537,1.63634,1.65122,6.01895,NN_Adam
0,0,0,0,0,-415.9,110.877,138.585,2.88103,0.067724,0.947233,6.17676,1.75357,NN_Adam
0,0,0,0,0,-342.514,43.2888,283.831,3.01575,0.568305,1.15597,5.75293,1.75357,NN_Adam
0,0,0,0,0,-213.135,-151.055,402.956,0.61626,1.46554,1.85237,0.778044,1.88987,NN_Adam
0,0,0,0,0,439.802,-136.029,392.998,5.98317,0.212159,0.258496,1.87453,5.4841,NN_Adam
0,0,0,0,0,-22.1192,-70.5651,120.57,1.26701,6.26239,2.2795,3.08013,5.50527,NN_Adam
0,0,0,0,0,-234.176,-421.462,303.269,4.20519,6.14939,0.400127,2.01197,1.21809,NN_Adam
0,0,0,0,0,165.238,-253.962,133.899,2.14741,1.77744,2.1065,1.17236,5.01784,NN_Adam
0,0,0,0,0,-320.495,-295.145,456.559,3.88581,0.624532,0.0254433,1.60161,1.21809,NN_Adam
0,0,0,0,0,-311.119,425.846,93.0169,2.20119,5.95741,0.526162,1.22615,6.07848,NN_Adam
0,0,0,0,0,25.0951,-253.907,144.182,1.6691,1.44604,1.9034,1.9958,6.03257,NN_Adam
0,0,0,0,0,40.4938,-80.857,389.372,2.03509,0.283753,1.84848,2.17986,6.01895,NN_Adam
0,0,0,0,0,412.667,-241.409,315.989,5.75378,0.056859,0.890343,0.857825,2.71482,NN_Adam
0,0,0,0,0,-106.089,292.032,147.073,1.91904,4.56609,1.81128,2.17951,0.486989,NN_Adam
0,0,0,0,0,-208.777,-341.839,180.121,1.0224,2.36364,0.567233,2.27906,1.4549,NN_Adam
0,0,0,0,0,-135.912,147.518,283.396,2.31505,1.08781,2.73259,4.42952,6.17791,NN_Adam
0,0,0,0,0,-86.6014,-86.8139,391.38,0.786655,0.461383,1.84121,2.05774,6.01895,NN_Adam
0,0,0,0,0,210.172,-160.144,29.0442,2.49023,3.9857,4.04485,3.63452,6.22657,NN_Adam
0,0,0,0,0,188.139,393.971,243.598,1.12515,1.12536,4.68341,2.12951,2.83862,NN_Adam
0,0,0,0,0,458.731,-73.3407,331.809,6.1246,6.17043,0.452649,2.03917,5.4841,NN_Adam
0,0,0,0,0,11.3328,415.384,283.504,1.54344,0.902069,6.24646,0.28912,2.05852,NN_Adam
0,0,0,0,0,-393.982,-1.83943,67.6927,3.1462,5.00034,0.981434,2.39857,0.82735,NN_Adam
0,0,0,0,0,420.194,-322.86,205.285,5.62799,6.18154,0.179892,1.78846,2.71482,NN_Adam
0,0,0,0,0,56.0113,-461.822,301.828,4.83295,6.05662,0.467474,2.13926,2.3339,NN_Adam
0,0,0,0,0,-220.678,291.944,109.48,2.21796,0.43244,0.330493,5.97038,6.07848,NN_Adam
0,0,0,0,0,-66.6867,-411.687,33.6961,1.41004,2.74932,0.836395,1.68065,6.08012,NN_Adam
0,0,0,0,0,-158.378,-195.067,459.677,0.888778,1.37914,1.31144,1.5352,0.873547,NN_Adam
0,0,0,0,0,240.568,174.436,220.846,0.627277,5.23015,1.03405,2.9169,0.0620472,NN_Adam
0,0,0,0,0,304.038,445.087,173.394,0.971449,6.25408,0.066952,1.65153,4.74385,NN_Adam
0,0,0,0,0,-230.985,120.778,445.543,2.65963,2.10608,4.86511,1.25672,5.93834,NN_Adam
0,0,0,0,0,-145.225,161.537,507.126,2.3031,1.28283,0.731424,6.26364,5.36892,NN_Adam
0,0,0,0,0,275.712,311.976,126.091,0.846882,5.98406,5.5503,3.30554,5.4464,NN_Adam
0,0,0,0,0,25.6979,-309.939,495.553,1.65333,2.66567,5.57824,1.9732,1.90659,NN_Adam
0,0,0,0,0,-100.345,113.602,176.56,2.29421,3.90135,1.97679,3.03236,0.164514,NN_Adam
0,0,0,0,0,-454.573,-31.9979,236.958,3.21171,5.7708,0.597195,2.27592,0.322384,NN_Adam
0,0,0,0,0,-20.1218,100.743,255.841,1.76794,0.317399,4.55349,5.02534,6.17791,NN_Adam
0,0,0,0,0,-425.894,204.872,35.6823,2.69325,6.01166,0.765917,0.413556,1.75357,NN_Adam
0,0,0,0,0,-417.13,-146.82,298.983,3.47984,5.95269,0.541959,2.28579,0.322384,NN_Adam
0,0,0,0,0,-179.258,263.757,253.082,2.16771,0.812445,3.9281,3.74504,6.17791,NN_Adam
0,0,0,0,0,-278.367,132.903,454.904,2.69601,0.672274,1.24746,0.049566,0.988303,NN_Adam
0,0,0,0,0,403.169,160.37,123.537,3.52007,2.6796,0.408803,2.09966,4.04251,NN_Adam
0,0,0,0,0,-258.874,-177.185,54.1206,0.599934,2.88645,5.99419,3.30295,3.84344,NN_Adam
0,0,0,0,0,36.7992,-471.425,260.129,4.79014,0.455162,0.382396,0.475332,0.191397,NN_Adam
0,0,0,0,0,-369.888,-52.9679,126.571,3.28392,0.346054,0.610208,5.89486,0.721104,NN_Adam
0,0,0,0,0,-140.237,-244.114,404.504,1.04922,1.57795,0.783986,2.31516,6.01895,NN_Adam
0,0,0,0,0,-155.837,-219.909,342.48,0.954166,2.02745,1.98741,6.1546,5.67876,NN_Adam
0,0,0,0,0,-252.186,171.616,21.2016,2.54395,0.0428058,0.635416,5.6603,1.75357,NN_Adam
0,0,0,0,0,388.251,-248.721,228.249,2.57225,2.76668,0.174172,1.7829,0.428259,NN_Adam
0,0,0,0,0,-54.663,-521.182,141.371,4.60786,5.94065,0.27529,1.896,0.191397,NN_Adam
0,0,0,0,0,42.3935,518.345,193.781,1.48906,6.03003,0.292431,1.91079,0.458874,NN_Adam
0,0,0,0,0,201.359,405.467,301.855,1.10993,0.978888,4.96943,2.23572,2.83862,NN_Adam
0,0,0,0,0,-174.242,-164.375,149.999,3.89753,5.40517,3.35657,5.55612,1.26648,NN_Adam
0,0,0,0,0,172.188,-446.276,18.6007,5.08026,5.44222,0.494345,2.06899,6.27677,NN_Adam
0,0,0,0,0,186.334,-216.061,406.33,2.28216,3.40947,5.22713,1.13347,1.90659,NN_Adam
0,0,0,0,0,-111.445,352.035,472.534,1.87715,0.270334,0.378146,2.11896,5.36892,NN_Adam
0,0,0,0,0,-93.6222,-165.528,461.621,1.05575,1.03566,1.53783,1.61586,6.01895,NN_Adam
0,0,0,0,0,-338.451,-405.962,161.866,4.01737,6.03343,0.232413,1.84611,0.291986,NN_Adam
0,0,0,0,0,-253.138,165.325,149.752,2.56294,0.419658,0.950011,5.39538,1.75357,NN_Adam
0,0,0,0,0,-220.476,328.37,380.267,2.16202,0.952236,0.192688,0.352042,2.03274,NN_Adam
0,0,0,0,0,20.4195,104.484,34.6557,4.51936,5.6466,2.89526,3.06205,0.353671,NN_Adam
0,0,0,0,0,-151.916,-324.145,517.94,4.27379,0.545024,0.249177,1.88044,0.165034,NN_Adam
0,0,0,0,0,-432.987,181.538,259.194,2.74454,5.94999,1.2766,0.875571,5.86949,NN_Adam
0,0,0,0,0,18.9638,-334.531,550.696,4.76848,0.780081,0.123577,1.71497,0.415395,NN_Adam
0,0,0,0,0,-295.072,-215.685,15.27,3.77275,0.0360612,0.517008,6.0225,0.954884,NN_Adam
0,0,0,0,0,-70.7646,-250.913,485.148,1.29571,3.03834,5.11116,1.7534,1.34452,NN_Adam
0,0,0,0,0,-106.656,-60.5953,391.109,3.65792,1.21146,2.27847,5.09444,0.988303,NN_Adam
0,0,0,0,0,-263.078,-108.653,456.038,0.391562,1.71523,0.522557,2.24428,1.88987,NN_Adam
0,0,0,0,0,307.341,141.817,193.145,0.43223,5.16473,2.48891,0.447478,1.59582,NN_Adam
0,0,0,0,0,263.467,-400.315,333.956,5.29439,0.125157,0.774405,0.95929,5.34562,NN_Adam
0,0,0,0,0,92.4093,-492.858,211.532,4.89762,5.92255,0.445137,2.00484,5.80573,NN_Adam
0,0,0,0,0,78.1644,-325.413,162.02,1.80648,1.90338,1.92405,1.09765,5.01784,NN_Adam
0,0,0,0,0,241.941,-229.525,84.0186,2.38225,3.73289,4.47198,3.28554,6.22657,NN_Adam
0,0,0,0,0,-138.943,-122.89,32.7316,3.86569,0.186855,0.0393273,5.40851,0.954884,NN_Adam
0,0,0,0,0,-127.776,11.1143,326.847,3.05466,1.46772,2.17023,4.64236,0.988303,NN_Adam
0,0,0,0,0,56.7179,489.703,298.21,1.45534,0.0221263,0.784276,0.997579,2.05852,NN_Adam
0,0,0,0,0,141.541,-178.617,120.399,2.24092,3.68134,3.51152,4.05105,6.22657,NN_Adam
0,0,0,0,0,-314.104,-27.6336,527.546,3.22919,0.490005,0.301653,2.1141,0.390971,NN_Adam
0,0,0,0,0,254.318,-5.93408,110.587,3.11822,3.68053,3.8221,3.88695,6.22657,NN_Adam
0,0,0,0,0,88.8568,-183.025,498.75,2.02276,1.24618,1.36006,1.43029,6.01895,NN_Adam
0,0,0,0,0,71.86,-290.739,188.972,1.81308,1.57078,1.78758,1.75018,6.03257,NN_Adam
0,0,0,0,0,-423.297,203.597,217.425,2.69319,6.14392,1.18901,0.404737,0.885108,NN_Adam
0,0,0,0,0,-25.5337,-342.159,185.592,1.49615,1.84267,1.57674,1.63802,6.03257,NN_Adam
0,0,0,0,0,89.1154,-422.675,288.949,1.77837,2.50902,0.199512,2.03286,1.34452,NN_Adam
0,0,0,0,0,224.508,424.494,50.4225,1.08417,5.48653,0.485398,2.1396,1.11678,NN_Adam
0,0,0,0,0,383.902,-43.0534,235.563,3.02988,3.37219,4.86825,2.75944,5.89801,NN_Adam
0,0,0,0,0,313.208,-291.271,403.154,5.53404,0.83166,5.37486,2.41972,0.586595,NN_Adam
0,0,0,0,0,-129.112,-410.408,379.035,4.40751,6.25263,0.44695,2.14711,0.165034,NN_Adam
0,0,0,0,0,-366.218,143.299,311.061,2.76838,5.97033,1.81385,0.43179,5.86949,NN_Adam
0,0,0,0,0,304.71,-292.788,388.343,5.51753,0.817409,5.25811,2.57903,0.586595,NN_Adam
0,0,0,0,0,-1.43498,112.051,86.2851,4.72514,5.64161,2.74604,3.00511,0.353671,NN_Adam
0,0,0,0,0,-3.42298,464.159,79.0816,1.57801,0.0413331,0.514282,0.281907,5.82413,NN_Adam
0,0,0,0,0,435.801,-9.25659,7.7176,3.1203,3.08016,0.291734,1.91353,5.88884,NN_Adam
0,0,0,0,0,229.917,107.377,231.498,3.57821,3.35635,3.84537,3.7467,6.22657,NN_Adam
0,0,0,0,0,-448.602,107.557,232.329,2.90617,5.85194,1.4297,0.741429,5.86949,NN_Adam
0,0,0,0,0,-452.84,-182.251,229.441,3.52404,0.0712453,0.81304,0.533942,0.458783,NN_Adam
0,0,0,0,0,-253.592,206.509,542.505,2.45797,0.687495,0.625257,1.13044,2.39757,NN_Adam
0,0,0,0,0,102.949,-309.104,220.109,1.8922,1.67434,1.64721,1.65492,6.03257,NN_Adam
0,0,0,0,0,-407.28,-4.7519,299.225,3.15313,5.93923,1.74374,0.50542,5.86949,NN_Adam
0,0,0,0,0,-285.875,80.6503,95.5216,6.00816,2.74247,5.96766,3.45314,3.84344,NN_Adam
0,0,0,0,0,-218.678,321.751,287.661,2.16758,0.549398,0.877531,6.07975,6.07848,NN_Adam
0,0,0,0,0,9.04246,-512.208,316.312,4.72998,0.319512,0.0163918,1.59087,0.165034,NN_Adam
0,0,0,0,0,-103.117,-312.062,340.862,1.25162,1.90522,0.478157,2.53866,1.4549,NN_Adam
0,0,0,0,0,258.638,129.68,109.491,0.464705,4.75203,2.85404,0.185136,1.59582,NN_Adam
0,0,0,0,0,109.679,-55.0276,152.93,2.67656,3.92674,2.31855,4.16192,6.22657,NN_Adam
0,0,0,0,0,194.841,-118.746,14.2964,2.59398,4.01999,3.85757,3.86874,6.22657,NN_Adam
0,0,0,0,0,-182.965,-43.1922,488.65,3.37323,2.32708,4.89113,1.22157,5.93834,NN_Adam
0,0,0,0,0,-353.259,-180.156,238.898,3.61312,0.482281,0.800779,6.04324,0.458783,NN_Adam
0,0,0,0,0,344.768,273.77,28.5982,3.81282,3.02335,0.304084,1.92445,4.3676,NN_Adam
0,0,0,0,0,16.7786,-378.708,472.119,4.75662,0.281445,0.401106,2.01999,0.415395,NN_Adam
0,0,0,0,0,32.5567,-146.653,342.299,1.78905,0.500652,1.95662,2.0906,6.01895,NN_Adam
0,0,0,0,0,-129.2,-72.1313,449.924,0.508981,0.767972,1.69493,1.71593,6.01895,NN_Adam
0,0,0,0,0,-202.313,194.028,99.1497,2.37673,0.52765,0.213381,5.6054,6.07848,NN_Adam
0,0,0,0,0,-158.059,273.442,230.707,2.09483,4.91893,1.83965,2.01959,0.486989,NN_Adam
0,0,0,0,0,373.085,290.97,258.411,0.662338,6.16603,1.15019,0.59975,5.73413,NN_Adam
0,0,0,0,0,407.229,-277.564,323.314,5.68492,0.130276,0.626852,1.10923,2.71482,NN_Adam
0,0,0,0,0,16.518,-234.878,33.4608,1.6408,2.06726,2.56981,0.633154,1.73232,NN_Adam
0,0,0,0,0,157.395,-464.7,232.125,5.03879,6.10485,1.04073,0.754698,1.80074,NN_Adam
0,0,0,0,0,38.1732,-255.955,121.574,1.71872,1.54484,2.38013,1.18953,5.01784,NN_Adam
0,0,0,0,0,269.123,177.885,208.386,0.583783,5.24011,0.982143,2.84153,0.0620472,NN_Adam
0,0,0,0,0,90.9676,-74.9083,19.5532,2.45262,4.3568,2.49867,4.39711,6.22657,NN_Adam
0,0,0,0,0,54.3026,275.316,38.982,1.37555,1.28878,4.57338,0.803798,1.11678,NN_Adam
0,0,0,0,0,-1.66044,-91.8587,507.065,1.55246,0.724626,1.58289,1.59564,6.01895,NN_Adam
0,0,0,0,0,25.9005,-106.925,157.489,1.80843,0.859208,3.64263,0.0942228,3.18951,NN_Adam
0,0,0,0,0,260.237,-292.617,202.862,2.29757,3.75621,4.77031,2.28564,0.247987,NN_Adam
0,0,0,0,0,-351.959,362.855,223.232,2.34089,6.13304,0.863921,0.907511,6.07848,NN_Adam
0,0,0,0,0,-56.5566,-325.502,460.151,1.39846,2.9358,5.50943,1.65696,1.34452,NN_Adam
0,0,0,0,0,-160.164,316.555,210.501,2.03894,0.706948,0.432597,5.88871,6.07848,NN_Adam
0,0,0,0,0,-22.3536,467.937,118.753,1.61848,0.115748,0.545672,0.27311,5.82413,NN_Adam
0,0,0,0,0,-25.8681,104.217,156.752,1.81416,4.30127,1.4799,3.56052,1.6879,NN_Adam
0,0,0,0,0,106.148,-215.234,461.977,5.17047,0.141528,0.514237,2.73447,5.13599,NN_Adam
0,0,0,0,0,62.7809,-483.021,287.615,4.84127,6.11923,0.38381,2.02837,2.3339,NN_Adam
0,0,0,0,0,-134.776,-223.09,319.171,4.16882,2.30932,3.76438,2.18489,0.341132,NN_Adam
0,0,0,0,0,-127.984,-50.9947,119.41,0.379083,5.63842,2.86156,2.69055,5.50527,NN_Adam
0,0,0,0,0,-447.38,-256.99,159.048,3.66246,5.89958,0.347964,1.95611,0.384745,NN_Adam
0,0,0,0,0,98.6804,376.47,88.7196,1.31426,1.08995,4.84774,1.15487,1.11678,NN_Adam
0,0,0,0,0,-387.793,195.362,439.142,2.67501,0.35698,0.22607,1.8398,2.06914,NN_Adam
0,0,0,0,0,335.795,-238.33,148.164,2.52403,2.47179,1.33683,0.95674,0.246225,NN_Adam
0,0,0,0,0,-447.688,-169.451,105.242,3.50333,5.60086,0.393533,2.30823,0.384745,NN_Adam
0,0,0,0,0,-187.971,347.249,489.938,2.06695,0.559993,0.491106,1.23933,5.36892,NN_Adam
0,0,0,0,0,94.2495,-274.873,467.828,1.90081,2.9865,5.08175,2.06596,1.90659,NN_Adam
0,0,0,0,0,190.289,15.2956,29.06,3.22181,5.35427,3.46474,2.50676,0.353671,NN_Adam
0,0,0,0,0,338.602,-304.651,329.622,5.55052,0.19699,0.954371,0.552166,2.71482,NN_Adam
0,0,0,0,0,-436.096,-80.531,284.133,3.32397,5.89281,0.577767,2.28733,0.322384,NN_Adam
0,0,0,0,0,-405.911,-12.2472,51.7393,3.17151,5.03446,0.927463,2.34115,0.82735,NN_Adam
0,0,0,0,0,-208.085,301.934,467.037,2.17412,1.01468,0.232291,0.605096,2.03274,NN_Adam
0,0,0,0,0,273.407,-248.352,504.982,5.54572,0.486909,0.274668,1.89334,0.586595,NN_Adam
0,0,0,0,0,-177.602,-29.0027,527.723,3.30334,2.21184,5.00558,1.38409,5.93834,NN_Adam
0,0,0,0,0,-105.579,411.442,74.0584,4.96346,2.76811,0.412695,2.13924,2.53861,NN_Adam
0,0,0,0,0,365.944,-291.839,72.3747,5.60993,5.46883,0.478292,2.29606,5.00623,NN_Adam
0,0,0,0,0,193.05,-352.764,292.242,5.21301,0.839971,0.214813,0.101315,2.87431,NN_Adam
0,0,0,0,0,-139.197,320.354,544.601,1.98064,0.872561,0.0215666,1.59711,5.36892,NN_Adam
0,0,0,0,0,355.919,292.721,66.616,0.68812,6.17624,5.3079,2.91022,5.4464,NN_Adam
0,0,0,0,0,-401.062,153.172,205.584,2.77665,5.7759,1.75046,0.355048,5.86949,NN_Adam
0,0,0,0,0,-305.296,306.212,387.812,2.35444,0.296223,0.937544,0.655305,0.572269,NN_Adam
0,0,0,0,0,126.866,59.7627,240.313,0.440131,4.93176,1.61138,3.14667,1.14695,NN_Adam
0,0,0,0,0,145.563,-252.818,66.4875,2.09311,3.87892,0.444024,5.91977,4.79934,NN_Adam
0,0,0,0,0,-118.682,-87.885,331.261,3.77896,1.31565,2.11371,4.76475,0.988303,NN_Adam
0,0,0,0,0,14.6532,-193.233,379.465,1.64648,3.75216,4.78908,0.947948,1.34452,NN_Adam
0,0,0,0,0,-324.968,278.391,133.98,2.43315,0.269393,0.556273,6.24369,6.07848,NN_Adam
0,0,0,0,0,-11.4586,-371.111,22.0161,1.53974,2.57781,0.921499,2.04223,1.72265,NN_Adam
0,0,0,0,0,-383.436,267.47,204.263,2.5322,6.10087,1.23433,0.371585,0.999488,NN_Adam
0,0,0,0,0,523.172,30.8446,189.876,0.0588388,6.05832,0.260329,1.87576,2.89142,NN_Adam
0,0,0,0,0,249.783,95.6039,240.816,3.5071,3.30706,4.00265,3.668,6.22657,NN_Adam
0,0,0,0,0,-199.021,245.927,109.099,2.25126,0.570536,0.154482,5.79877,6.07848,NN_Adam
0,0,0,0,0,-413.569,164.484,234.8,2.76301,6.19204,1.34679,0.193211,0.885108,NN_Adam
0,0,0,0,0,-532.777,-90.2201,162.872,3.30931,6.27076,0.0360098,1.61437,0.721104,NN_Adam
0,0,0,0,0,-265.011,52.8385,4.31531,6.08637,2.93395,6.17715,3.34848,3.84344,NN_Adam
0,0,0,0,0,473.477,104.348,324.579,0.216693,6.26297,0.353238,1.91631,2.89142,NN_Adam
0,0,0,0,0,-398.062,44.0117,137.192,3.03141,0.271545,0.71075,6.01972,1.75357,NN_Adam
0,0,0,0,0,-128.072,-162.397,597.556,4.04443,0.794867,0.343722,1.96272,5.93834,NN_Adam
0,0,0,0,0,-230.254,-334.716,127.289,0.968044,2.49713,0.582011,2.22387,1.4549,NN_Adam
0,0,0,0,0,-413.524,202.934,123.54,2.68508,5.89534,1.32726,0.283057,0.999488,NN_Adam
0,0,0,0,0,394.935,-304.666,145.337,5.62589,5.7806,0.351166,2.16499,0.00805729,NN_Adam
0,0,0,0,0,-472.113,209.175,26.9744,2.72428,5.80835,0.512785,1.28004,1.75357,NN_Adam
0,0,0,0,0,-109.055,468.728,333.891,1.79917,0.0552954,0.780634,1.10206,2.05852,NN_Adam
0,0,0,0,0,-428.558,131.849,299.533,2.84308,6.02499,1.3684,0.793603,5.86949,NN_Adam
0,0,0,0,0,-123.742,-164.019,483.03,0.924436,1.19365,1.40692,1.51364,6.01895,NN_Adam
0,0,0,0,0,178.702,-227.056,554.022,5.37905,0.597468,0.319083,2.01293,0.596705,NN_Adam
0,0,0,0,0,-108.021,-152.384,152.834,4.09562,5.15164,3.73188,5.6133,1.26648,NN_Adam
0,0,0,0,0,-275.38,-429.511,53.4233,4.14204,5.79182,0.755481,1.04689,0.291986,NN_Adam
0,0,0,0,0,-323.236,59.7607,322.241,2.95849,0.579862,1.35831,5.75089,1.75357,NN_Adam
0,0,0,0,0,185.172,439.284,246.626,1.1717,0.805171,5.05573,2.19275,2.83862,NN_Adam
0,0,0,0,0,-135.205,-186.228,257.31,4.08425,2.8451,3.52529,1.73071,0.341132,NN_Adam
0,0,0,0,0,-60.3905,486.385,293.537,1.69421,6.26887,0.854791,0.953093,2.05852,NN_Adam
0,0,0,0,0,-79.9845,-126.782,218.222,4.14916,3.46469,2.45551,2.81923,0.341132,NN_Adam
0,0,0,0,0,-223.199,-115.619,418.127,0.477919,1.4439,1.83172,0.764104,1.88987,NN_Adam
0,0,0,0,0,418.234,-95.3931,133.658,2.91717,2.86408,1.03023,0.648697,3.16442,NN_Adam
0,0,0,0,0,217.999,213.201,119.893,0.774024,4.78775,1.15758,2.82216,4.54565,NN_Adam
0,0,0,0,0,261.187,-65.9145,205.502,2.89419,3.54969,3.86507,3.5904,6.22657,NN_Adam
0,0,0,0,0,-149.39,343.51,294.167,1.9809,5.4745,1.48164,1.83346,0.486989,NN_Adam
0,0,0,0,0,201.714,-242.7,417.28,5.4057,1.61432,4.41827,2.57526,0.586595,NN_Adam
0,0,0,0,0,274.223,316.267,86.8782,0.85651,6.00046,5.36306,3.29883,5.4464,NN_Adam
0,0,0,0,0,-497.054,76.7102,88.788,2.9881,5.67387,0.420697,2.0189,1.99764,NN_Adam
0,0,0,0,0,348.375,-43.7916,251.187,3.01616,2.29925,1.73525,0.232085,2.71482,NN_Adam
0,0,0,0,0,112.873,-318.761,433.954,1.91113,3.00785,5.24836,2.02716,1.90659,NN_Adam
0,0,0,0,0,-147.891,142.171,64.7551,2.37567,3.839,1.72142,2.80499,0.164514,NN_Adam
0,0,0,0,0,-361.824,350.108,187.815,2.3722,6.00847,0.967831,0.861055,0.999488,NN_Adam
0,0,0,0,0,-266.527,382.889,117.109,2.17885,6.26779,0.777593,0.219851,6.07848,NN_Adam
0,0,0,0,0,-349.347,-37.6958,27.7966,3.24889,4.75677,1.02669,2.54973,0.82735,NN_Adam
0,0,0,0,0,-197.108,-291.944,140.504,0.976641,2.25952,0.680548,2.55305,1.4549,NN_Adam
0,0,0,0,0,-175.268,105.179,268.313,2.60088,1.06235,2.65417,4.41345,6.17791,NN_Adam
0,0,0,0,0,-377.284,156.972,382.633,2.74722,0.0439389,0.183468,2.4909,2.06914,NN_Adam
0,0,0,0,0,-278.749,165.104,394.735,2.60674,1.07612,4.59146,3.2419,6.17791,NN_Adam
0,0,0,0,0,136.848,-156.255,334.366,2.28991,2.56077,4.39475,3.95599,2.27078,NN_Adam
0,0,0,0,0,-174.498,-304.607,51.9088,1.05047,2.40423,1.77873,0.91989,0.324958,NN_Adam
0,0,0,0,0,-172.283,-209.102,369.69,0.881409,1.30725,1.55531,1.68407,0.873547,NN_Adam
0,0,0,0,0,-435.107,293.063,264.393,2.54879,0.113684,0.0995798,1.69094,0.999488,NN_Adam
0,0,0,0,0,-105.253,159.857,218.427,2.15302,4.2692,2.11569,2.61047,0.486989,NN_Adam
0,0,0,0,0,230.213,-256.7,215.83,2.30183,3.989,4.40072,2.28257,0.247987,NN_Adam
0,0,0,0,0,-385.325,322.309,35.6815,2.44496,5.81179,0.766985,0.896277,0.999488,NN_Adam
0,0,0,0,0,-172.685,158.216,31.5152,2.39993,3.98146,1.61678,2.65826,0.164514,NN_Adam
0,0,0,0,0,-180.951,494.011,82.2622,1.92186,5.89261,0.215663,1.8274,5.31042,NN_Adam
0,0,0,0,0,522.348,-27.8474,125.965,6.22953,5.90135,0.288438,1.89303,2.89142,NN_Adam
0,0,0,0,0,-107.254,204.104,422.603,2.05444,2.31883,4.74148,1.10757,5.93834,NN_Adam
0,0,0,0,0,-7.39433,-118.328,432.99,1.50834,0.551639,1.80472,1.8287,6.01895,NN_Adam
0,0,0,0,0,264.647,16.8399,205.759,3.205,3.40584,3.91783,3.75075,6.22657,NN_Adam
0,0,0,0,0,473.253,-138.428,41.7273,5.99841,5.56745,0.410811,2.0465,5.00623,NN_Adam
0,0,0,0,0,148.961,-370.688,13.621,1.95283,3.06886,1.16772,0.588836,1.63146,NN_Adam
0,0,0,0,0,-416.48,192.555,423.362,2.70847,0.533983,0.0342904,1.61231,2.06914,NN_Adam
0,0,0,0,0,-45.3503,43.387,434.456,2.37836,0.258015,0.873815,2.96443,3.09063,NN_Adam
0,0,0,0,0,-196.698,-351.392,172.391,1.06042,2.38888,0.563487,2.26832,1.4549,NN_Adam
0,0,0,0,0,-445.855,-16.1145,387.31,3.17768,0.313237,0.793326,0.799902,6.25163,NN_Adam
0,0,0,0,0,39.2728,124.357,225.169,1.26487,4.7737,1.65943,3.2023,0.786399,NN_Adam
0,0,0,0,0,140.3,-424.885,105.193,1.88963,2.81706,0.342073,1.97315,4.79934,NN_Adam
0,0,0,0,0,-144.672,-411.99,428.567,4.37464,0.290528,0.262524,1.8874,0.165034,NN_Adam
0,0,0,0,0,271.238,-258.979,142.487,2.37905,3.9431,4.57013,2.48143,0.247987,NN_Adam
0,0,0,0,0,129.146,464.02,31.3325,1.29909,6.09697,5.53179,2.60816,1.11678,NN_Adam
0,0,0,0,0,454.116,231.239,175.204,0.470908,5.99733,0.898288,0.932175,2.89142,NN_Adam
0,0,0,0,0,-237.209,376.24,165.585,2.13317,0.136253,0.855288,0.0195154,6.07848,NN_Adam
0,0,0,0,0,107.367,-48.4436,56.4333,2.71749,4.35937,2.39654,4.26986,6.22657,NN_Adam
0,0,0,0,0,424.715,-133.706,165.614,5.97788,5.51904,0.655646,2.3804,2.70961,NN_Adam
0,0,0,0,0,-270.204,-179.948,458.782,0.587389,1.97621,0.325853,2.08744,0.906681,NN_Adam
0,0,0,0,0,-53.31,224.512,216.932,1.80376,0.735074,2.52846,4.50916,4.84654,NN_Adam
0,0,0,0,0,-397.372,-26.134,170.794,3.20717,0.355196,0.735778,6.00251,0.458783,NN_Adam
0,0,0,0,0,-387.474,15.6572,163.519,3.10107,0.251922,0.969394,5.87799,1.75357,NN_Adam
0,0,0,0,0,-92.3756,255.219,311.182,1.91799,0.677641,4.25403,4.07501,6.17791,NN_Adam
0,0,0,0,0,195.504,-97.8882,329.605,5.81856,5.2765,2.7111,0.845997,0.955645,NN_Adam
0,0,0,0,0,-182.675,-152.327,532.295,0.69492,1.75745,0.224902,2.20361,0.906681,NN_Adam
0,0,0,0,0,12.0392,487.9,287.426,1.54589,0.0409815,0.852213,0.810413,2.05852,NN_Adam
0,0,0,0,0,135.452,-357.957,236.775,5.07413,0.928391,6.21705,0.0277304,2.87431,NN_Adam
0,0,0,0,0,-376.318,102.984,495.28,2.87428,0.569606,0.485937,1.25833,2.39757,NN_Adam
0,0,0,0,0,71.9256,392.532,339.482,1.38944,6.18897,0.120382,2.7543,2.53824,NN_Adam
0,0,0,0,0,255.054,-17.8808,222.317,3.07156,3.37402,3.84894,3.76328,6.22657,NN_Adam
0,0,0,0,0,265.27,378.883,270.396,0.959797,6.15638,1.2423,0.555165,5.73413,NN_Adam
0,0,0,0,0,390.209,252.9,245.932,0.574908,0.173569,5.56009,2.83547,5.4464,NN_Adam
0,0,0,0,0,318.563,105.018,85.4218,3.45994,2.92638,1.76184,6.12113,0.917386,NN_Adam
0,0,0,0,0,-461.971,-219.576,311.834,3.58523,0.230338,0.083465,1.67215,0.384745,NN_Adam
0,0,0,0,0,178.295,153.116,102.05,0.709424,4.59541,3.22754,6.194,1.59582,NN_Adam
0,0,0,0,0,247.966,-194.01,431.212,5.61917,1.59245,4.49919,2.55426,0.586595,NN_Adam
0,0,0,0,0,131.33,-193.806,113.483,2.16629,3.69416,3.59746,4.01334,6.22657,NN_Adam
0,0,0,0,0,43.6378,-206.842,202.561,4.9203,1.54001,5.58995,5.83369,5.26321,NN_Adam
0,0,0,0,0,-211.629,-64.5628,142.149,3.43768,1.87167,2.97083,2.92377,3.28783,NN_Adam
0,0,0,0,0,-48.2754,-201.584,457.478,1.33552,1.11731,1.5235,1.56018,6.01895,NN_Adam
0,0,0,0,0,-379.017,155.831,339.366,2.75138,6.17939,0.174268,2.65475,2.06914,NN_Adam
0,0,0,0,0,314.083,340.874,147.855,0.826142,6.22051,5.49708,2.95899,5.4464,NN_Adam
0,0,0,0,0,-70.7523,321.401,255.656,1.78733,0.112121,2.04194,5.60117,4.84654,NN_Adam
0,0,0,0,0,-59.4418,267.696,308.549,1.78922,0.68043,4.23335,4.06517,6.17791,NN_Adam
0,0,0,0,0,-379.904,25.5251,419.912,6.216,2.27827,0.232277,1.84767,1.88987,NN_Adam
0,0,0,0,0,-298.563,-382.977,69.6342,4.05021,5.96424,0.892727,0.508147,0.291986,NN_Adam
0,0,0,0,0,-137.929,216.388,534.652,2.13804,1.08942,0.708259,0.350347,5.36892,NN_Adam
0,0,0,0,0,-3.85596,456.505,190.012,1.5793,0.4071,0.375661,0.238548,0.458874,NN_Adam
0,0,0,0,0,89.6353,187.84,76.1611,1.12544,3.19584,3.29566,0.933447,1.68825,NN_Adam
0,0,0,0,0,-274.493,421.646,139.508,2.14766,6.21631,0.672693,0.617392,6.07848,NN_Adam
0,0,0,0,0,116.873,411.281,425.06,1.29381,0.254371,0.831706,1.06639,0.374479,NN_Adam
0,0,0,0,0,5.03435,462.735,14.2993,1.55969,6.23873,0.317117,0.456266,5.82413,NN_Adam
0,0,0,0,0,-86.5592,124.038,529.339,2.17993,0.216595,1.31479,1.78673,3.33779,NN_Adam
0,0,0,0,0,522.292,-36.6861,138.61,6.2126,5.92939,0.282894,1.89534,2.89142,NN_Adam
0,0,0,0,0,230.144,309.494,45.0964,0.930539,4.92305,0.992745,2.40582,4.54565,NN_Adam
0,0,0,0,0,-83.3119,173.365,102.621,2.01856,0.253412,1.20895,4.79618,0.914063,NN_Adam
0,0,0,0,0,-286.797,283.382,285.015,2.36177,0.607519,0.659141,6.21383,0.572269,NN_Adam
0,0,0,0,0,-168.278,-232.53,582.781,4.0859,0.899027,0.11873,1.71378,0.165034,NN_Adam
0,0,0,0,0,-199.873,235.84,253.712,2.27382,0.803543,3.86553,3.82512,6.17791,NN_Adam
0,0,0,0,0,-397.446,-208.284,0.193244,0.482658,3.27534,0.13308,1.73304,0.996245,NN_Adam
0,0,0,0,0,-111.555,-24.8339,171.73,0.218839,5.65814,2.62024,2.75172,5.50527,NN_Adam
0,0,0,0,0,84.7311,176.088,249.603,1.12225,0.111765,4.1509,4.84833,6.17791,NN_Adam
0,0,0,0,0,191.642,-104.282,151.236,2.64304,3.60603,3.36166,4.08127,6.22657,NN_Adam
0,0,0,0,0,-114.808,269.746,113.853,1.97309,4.38754,1.7853,2.31319,0.486989,NN_Adam
0,0,0,0,0,313.115,-79.876,30.9249,2.89168,3.86122,4.5058,3.27671,6.22657,NN_Adam
0,0,0,0,0,-372.097,135.146,430.776,2.79298,0.214644,0.174236,2.34331,2.06914,NN_Adam
0,0,0,0,0,-130.693,391.824,350.787,1.89249,5.90217,1.26168,1.49823,0.486989,NN_Adam
0,0,0,0,0,115.124,-343.471,191.397,5.0356,5.44212,0.575031,2.95178,2.3339,NN_Adam
0,0,0,0,0,100.092,-466.314,306.74,4.9236,6.13045,0.42952,2.03188,2.3339,NN_Adam
0,0,0,0,0,-114.917,-54.0932,180.925,0.439963,5.57574,2.74488,2.60931,5.50527,NN_Adam
0,0,0,0,0,359.483,-188.724,44.9669,5.79971,5.1779,0.547692,2.6471,5.00623,NN_Adam
0,0,0,0,0,-56.0627,-478.619,242.865,4.59574,6.1304,1.10357,0.663449,0.191397,NN_Adam
0,0,0,0,0,-194.185,251.473,147.191,2.22831,4.59895,1.80498,2.13557,0.486989,NN_Adam
0,0,0,0,0,118.215,-9.21122,262.554,6.2052,4.66537,3.67786,0.279352,0.955645,NN_Adam
0,0,0,0,0,-51.3151,-452.07,116.852,1.45767,2.8513,0.292293,1.91666,1.72265,NN_Adam
0,0,0,0,0,230.054,34.8885,200.566,3.29164,3.42468,3.58917,3.95025,6.22657,NN_Adam
0,0,0,0,0,-238.388,356.098,449.421,2.16038,0.450181,0.507439,1.22258,5.36892,NN_Adam
0,0,0,0,0,-278.385,-362.851,138.712,4.05787,5.70328,1.51965,0.48058,1.08158,NN_Adam
0,0,0,0,0,142.974,514.21,133.996,1.29955,6.04719,0.173827,1.77878,1.38371,NN_Adam
0,0,0,0,0,-77.8736,361.64,213.114,1.78286,6.18887,1.87954,5.83063,4.84654,NN_Adam
0,0,0,0,0,-16.8188,287.687,140.866,1.6291,1.98159,3.71336,1.81476,1.68825,NN_Adam
0,0,0,0,0,-315.978,68.3012,133.596,2.92844,0.440134,0.648391,5.60814,1.75357,NN_Adam
0,0,0,0,0,502.741,17.0902,211.963,0.0338364,5.94993,0.389127,2.03438,2.89142,NN_Adam
0,0,0,0,0,-71.039,432.826,261.847,1.73343,5.6298,1.19301,1.7283,0.486989,NN_Adam
0,0,0,0,0,-170.128,79.9338,483.692,2.70243,2.33092,4.92747,1.13927,5.93834,NN_Adam
0,0,0,0,0,-123.694,-134.456,207.375,3.96857,5.27589,3.59082,5.85403,1.26648,NN_Adam
0,0,0,0,0,-245.013,308.312,19.81,2.2422,6.17054,0.775843,6.09956,1.75357,NN_Adam
0,0,0,0,0,54.6432,-13.3148,97.6838,2.90255,6.18576,2.29988,3.22752,0.353671,NN_Adam
0,0,0,0,0,-175.329,-257.174,220.606,0.972417,4.20385,4.89385,1.03182,0.721104,NN_Adam
0,0,0,0,0,57.6425,-339.026,196.025,1.73897,1.82602,1.61602,1.55363,6.03257,NN_Adam
0,0,0,0,0,-152.644,-77.1284,310.897,3.60935,5.7495,3.18331,6.17068,1.26648,NN_Adam
0,0,0,0,0,-250.454,166.911,464.975,2.55353,0.665154,1.27603,0.088637,0.988303,NN_Adam
0,0,0,0,0,-155.452,-447.423,325.931,4.37788,0.315114,0.65106,0.695226,0.191397,NN_Adam
0,0,0,0,0,-146.957,-397.525,157.617,1.21663,2.52318,0.510795,2.1234,1.4549,NN_Adam
0,0,0,0,0,-115.463,106.093,480.628,2.39837,6.20509,1.51299,1.93305,3.33779,NN_Adam
0,0,0,0,0,462.578,-136.26,0.894407,5.99651,5.4773,0.418871,2.03427,5.00623,NN_Adam
0,0,0,0,0,136.361,-243.04,383.88,2.08197,3.52706,5.18989,1.01342,1.90659,NN_Adam
0,0,0,0,0,-186.77,384.538,254.547,2.02286,0.170634,1.17445,6.27466,6.07848,NN_Adam
0,0,0,0,0,-180.527,112.853,242.159,2.58282,1.00735,2.63454,4.34494,6.17791,NN_Adam
0,0,0,0,0,-373.009,-216.639,291.116,3.6674,6.19794,1.44795,0.324279,3.41488,NN_Adam
0,0,0,0,0,-257.998,69.2683,213.797,6.02053,1.44589,2.41055,0.848458,0.906191,NN_Adam
0,0,0,0,0,423.269,46.2567,255.571,3.25025,3.2302,5.33146,2.34254,5.89801,NN_Adam
0,0,0,0,0,130.323,386.419,183.734,1.24533,0.148235,1.14138,6.00226,1.38371,NN_Adam
0,0,0,0,0,-495.563,117.72,244.952,2.9082,6.10834,0.317414,1.93558,5.86949,NN_Adam
0,0,0,0,0,278.427,-201.888,253.228,2.51406,1.97989,0.693801,2.4999,0.428259,NN_Adam
0,0,0,0,0,-47.2974,280.881,576.569,1.73751,0.845262,0.502774,1.21308,5.36892,NN_Adam
0,0,0,0,0,62.9566,-184.417,144.195,5.04134,1.33153,5.44574,5.81777,5.26321,NN_Adam
0,0,0,0,0,330.182,-276.51,21.6358,2.44426,3.73753,6.17398,0.969645,0.758087,NN_Adam
0,0,0,0,0,228.502,-380.803,313.956,5.25271,6.20333,1.30697,0.585399,5.34562,NN_Adam
0,0,0,0,0,-211.289,-149.152,205.428,3.7562,5.501,3.09205,5.86117,1.26648,NN_Adam
0,0,0,0,0,-490.455,177.797,34.1217,2.79376,5.85687,0.165011,1.76807,4.41349,NN_Adam
0,0,0,0,0,-45.9188,-369.341,165.312,1.44706,2.06278,1.45315,1.51805,6.03257,NN_Adam
0,0,0,0,0,-40.1281,-319.326,159.296,1.44549,1.77698,1.6964,1.69281,6.03257,NN_Adam
0,0,0,0,0,-268.929,-453.292,56.3396,4.17685,5.91536,0.154088,1.75559,0.291986,NN_Adam
0,0,0,0,0,146.986,447.861,158.592,1.25362,6.06232,1.16468,0.329204,1.38371,NN_Adam
0,0,0,0,0,-501.386,-9.94443,173.072,3.16136,6.04661,0.951844,0.734349,0.322384,NN_Adam
0,0,0,0,0,261.112,320.411,91.6941,0.886934,5.98303,5.38027,3.33861,5.4464,NN_Adam
0,0,0,0,0,283.439,-180.395,397.419,2.57464,2.69539,0.537112,0.359622,2.38395,NN_Adam
0,0,0,0,0,-187.541,184.388,425.226,2.36453,1.20342,4.49159,3.4406,6.17791,NN_Adam
0,0,0,0,0,-377.165,264.938,336.501,2.52902,6.18978,0.410751,2.09234,2.06914,NN_Adam
0,0,0,0,0,252.249,-154.04,330.873,2.59317,2.952,0.61788,6.10315,2.38395,NN_Adam
0,0,0,0,0,72.1868,331.143,25.0781,1.35604,1.04395,4.6964,1.08546,1.11678,NN_Adam
0,0,0,0,0,-299.817,-125.788,545.321,3.53879,0.637981,0.248618,1.86701,5.93834,NN_Adam
0,0,0,0,0,261.491,-236.056,392.27,5.54866,1.46054,4.52055,2.52149,0.586595,NN_Adam
0,0,0,0,0,136.323,254.079,174.747,1.07827,4.91551,1.2316,2.84937,4.54565,NN_Adam
0,0,0,0,0,-317.576,-79.036,237.219,3.38535,0.809902,0.514709,5.74882,0.458783,NN_Adam
0,0,0,0,0,346.171,-223.991,270.452,2.56709,2.39756,1.12925,0.860762,2.71482,NN_Adam
0,0,0,0,0,407.572,-256.362,18.9782,5.72149,5.50884,0.351994,2.15819,5.00623,NN_Adam
0,0,0,0,0,-14.3311,-178.391,137.732,4.63216,1.30458,5.42294,5.76199,5.26321,NN_Adam
0,0,0,0,0,-152.626,66.439,560.343,2.73089,2.1104,5.14706,1.48365,5.93834,NN_Adam
0,0,0,0,0,130.306,-365.919,400.041,5.05432,0.503537,1.01863,0.249376,5.34562,NN_Adam
0,0,0,0,0,286.578,-454.505,104.222,5.27491,6.09779,0.0830863,1.67101,6.0557,NN_Adam
0,0,0,0,0,139.441,-8.26763,263.765,6.2239,4.69214,3.54747,0.354073,0.955645,NN_Adam
0,0,0,0,0,-67.3692,66.0508,191.387,5.50769,3.36859,1.14878,4.67611,0.0907237,NN_Adam
0,0,0,0,0,-51.2098,-348.9,25.5113,1.4248,2.42574,1.23674,1.84903,6.08012,NN_Adam
0,0,0,0,0,278.564,-240.081,66.4143,2.42995,3.75724,4.7371,2.97472,6.22657,NN_Adam
0,0,0,0,0,201.059,-446.168,50.7428,5.13567,5.5525,0.424583,2.09796,6.27677,NN_Adam
0,0,0,0,0,0.810994,17.7428,387.357,1.52537,0.248862,1.02549,3.09525,3.09063,NN_Adam
0,0,0,0,0,-81.0054,360.793,87.7913,4.93315,2.45991,0.658896,2.41917,2.53861,NN_Adam
0,0,0,0,0,-354.326,-148.472,337.389,3.53829,5.92385,0.673204,2.46212,3.41488,NN_Adam
0,0,0,0,0,-207.772,84.7995,181.5,5.89552,1.16904,2.69409,0.936603,0.906191,NN_Adam
0,0,0,0,0,6.94657,59.4616,224.861,1.45447,4.67559,1.89342,3.31787,1.6879,NN_Adam
0,0,0,0,0,340.26,-229.353,438.491,5.68999,1.02762,5.36558,2.18361,0.586595,NN_Adam
0,0,0,0,0,-344.292,-254.076,136.463,3.77718,5.67422,1.75989,0.210005,1.08158,NN_Adam
0,0,0,0,0,17.5286,-20.7734,136.794,5.41328,0.364592,1.56875,3.85785,0.353671,NN_Adam
0,0,0,0,0,6.58947,-332.45,130.204,1.59027,2.05572,1.12083,2.29114,1.72265,NN_Adam
0,0,0,0,0,-375.086,167.484,447.824,2.7214,0.324485,0.180925,2.09066,2.06914,NN_Adam
0,0,0,0,0,55.9807,-324.411,502.128,1.74163,2.307,0.0482556,1.63045,1.90659,NN_Adam
0,0,0,0,0,-436.748,99.1614,180.712,2.91786,5.75075,1.60983,0.462976,5.86949,NN_Adam
0,0,0,0,0,-339.541,-325.791,221.321,3.9061,5.84295,1.35421,0.811218,1.08158,NN_Adam
0,0,0,0,0,54.2476,470.757,199.607,1.45593,6.23491,1.0307,0.345781,1.38371,NN_Adam
0,0,0,0,0,182.368,-269.885,16.3524,2.16498,3.78922,0.636109,6.13144,4.79934,NN_Adam
0,0,0,0,0,191.17,397.683,192.594,1.12254,0.029752,1.14159,0.00514477,1.38371,NN_Adam
0,0,0,0,0,17.6953,238.354,115.992,1.49643,2.48253,3.5115,1.4461,1.68825,NN_Adam
0,0,0,0,0,333.575,-411.906,45.3766,5.39307,6.02478,0.0467766,1.62709,6.0557,NN_Adam
0,0,0,0,0,-269.648,-232.89,229.609,0.712299,3.9891,5.01079,1.27683,0.721104,NN_Adam
0,0,0,0,0,88.9123,-390.77,99.7279,1.79438,2.52639,0.643591,2.19913,1.72265,NN_Adam
0,0,0,0,0,93.4273,-384.142,109.356,1.80923,2.47785,0.656398,2.24236,1.72265,NN_Adam
0,0,0,0,0,-417.923,-162.843,25.6813,0.371502,3.11942,0.223564,1.8358,0.996245,NN_Adam
0,0,0,0,0,281.269,164.178,28.3577,0.528137,4.82613,2.46255,0.19502,1.59582,NN_Adam
0,0,0,0,0,-66.7581,-530.369,201.156,4.58712,6.24694,0.118684,1.71379,0.191397,NN_Adam
0,0,0,0,0,-128.304,171.273,587.977,2.21374,0.906071,0.86127,0.834401,5.36892,NN_Adam
0,0,0,0,0,-39.4031,107.916,245.155,1.92084,0.224379,4.6663,4.97695,6.17791,NN_Adam
0,0,0,0,0,303.998,-211.22,153.213,2.5343,3.95233,4.52734,2.4733,0.247987,NN_Adam
0,0,0,0,0,-411.415,100.535,138.781,2.90168,0.106651,0.918567,6.12873,1.75357,NN_Adam
0,0,0,0,0,5.84355,-122.901,404.32,1.61822,0.489691,1.84449,1.96614,6.01895,NN_Adam
0,0,0,0,0,-341.274,-366.11,253.312,3.96194,6.18058,0.863195,0.943782,3.41488,NN_Adam
0,0,0,0,0,-140.916,480.699,228.87,1.85578,5.99002,0.385547,2.03112,0.458874,NN_Adam
0,0,0,0,0,-368.688,374.744,61.5876,2.348,5.88887,0.184193,1.7914,0.999488,NN_Adam
0,0,0,0,0,-370.653,-90.9719,162.738,3.3821,0.487819,0.493651,5.9814,0.458783,NN_Adam
0,0,0,0,0,2.72189,368.553,480.688,1.56338,0.459201,0.933942,0.830221,1.23374,NN_Adam
0,0,0,0,0,-396.345,-158.29,113.866,3.52148,5.40737,0.491679,2.63306,0.384745,NN_Adam
0,0,0,0,0,-105.667,77.0908,413.199,2.51133,2.76649,4.78673,0.679487,5.93834,NN_Adam
0,0,0,0,0,492.231,73.1161,211.948,0.147344,5.89125,0.488274,2.00979,2.89142,NN_Adam
0,0,0,0,0,269.627,339.62,238.691,0.899773,6.16296,1.46445,0.128266,5.73413,NN_Adam
0,0,0,0,0,-404.713,126.89,36.8509,2.83777,5.71574,1.44318,0.0512565,4.41349,NN_Adam
0,0,0,0,0,-197.543,395.717,224.72,2.03366,0.106749,1.10324,0.056657,6.07848,NN_Adam
0,0,0,0,0,449.045,-198.086,84.6992,5.86756,5.63101,0.35487,2.20124,5.00623,NN_Adam
0,0,0,0,0,300.859,-116.425,231.541,2.77225,2.27594,2.00295,0.0115341,2.71482,NN_Adam
0,0,0,0,0,-480.09,-39.2695,64.8975,3.22312,6.09262,0.725291,0.442857,0.721104,NN_Adam
0,0,0,0,0,451.953,-16.8246,156.719,3.10423,2.73652,0.320354,1.94725,5.89801,NN_Adam
0,0,0,0,0,88.5237,428.566,298.642,1.36702,6.18546,6.25469,2.70273,2.53824,NN_Adam
0,0,0,0,0,-316.894,-48.8694,48.0117,0.152783,2.8767,6.07703,3.21688,3.84344,NN_Adam
0,0,0,0,0,-375.179,-383.939,171.049,3.93848,6.18528,0.120122,1.71565,3.41488,NN_Adam
0,0,0,0,0,-206.405,87.8423,385.876,2.73911,2.42011,4.66494,0.950737,5.93834,NN_Adam
0,0,0,0,0,-103.446,-167.903,498.822,1.01849,1.21125,1.37861,1.44673,6.01895,NN_Adam
0,0,0,0,0,241.774,-333.022,346.904,5.3402,0.476184,0.92088,0.154554,5.34562,NN_Adam
0,0,0,0,0,-77.8629,250.813,122.641,1.87173,4.24091,1.8543,2.4509,0.486989,NN_Adam
0,0,0,0,0,274.778,55.2613,184.545,3.34,3.44824,4.04281,3.69816,6.22657,NN_Adam
0,0,0,0,0,473.278,-180.572,300.81,5.91865,0.0619442,0.207793,1.82172,5.4841,NN_Adam
0,0,0,0,0,-467.38,-71.6982,17.9903,3.29365,5.36061,0.667632,1.95744,0.82735,NN_Adam
0,0,0,0,0,-41.6832,-460.854,309.48,4.62209,0.465321,0.519921,0.495374,0.191397,NN_Adam
0,0,0,0,0,384.76,271.673,192.547,3.75633,2.94911,0.0839517,1.67354,4.04251,NN_Adam
0,0,0,0,0,203.792,230.271,251.675,0.846077,0.0976926,2.27722,5.46025,4.84654,NN_Adam
0,0,0,0,0,-86.0707,290.477,344.462,1.85876,1.4763,5.97084,0.0260093,1.23374,NN_Adam
0,0,0,0,0,-273.867,346.852,38.5492,2.23897,5.60995,1.4374,0.300598,1.75357,NN_Adam
0,0,0,0,0,346.825,-220.264,284.901,2.57555,2.40218,1.08745,0.84774,2.71482,NN_Adam
0,0,0,0,0,119.883,169.083,107.848,0.95392,4.43692,1.21829,3.25396,4.54565,NN_Adam
0,0,0,0,0,-318.144,169.737,233.037,2.65136,0.0955493,1.74528,5.73827,0.999488,NN_Adam
0,0,0,0,0,24.6805,-421.434,372.223,1.62927,2.64797,0.0278828,1.60519,1.34452,NN_Adam
0,0,0,0,0,-276.554,295.344,365.569,2.32322,0.577034,0.813252,0.185809,0.572269,NN_Adam
0,0,0,0,0,-311.684,242.676,188.947,2.47993,6.25973,1.52973,5.92501,0.999488,NN_Adam
0,0,0,0,0,302.709,-184.797,129.279,2.59346,2.21752,1.86846,0.773684,0.246225,NN_Adam
0,0,0,0,0,340.114,-7.53957,243.925,3.11929,2.29295,1.83651,0.138876,2.71482,NN_Adam
0,0,0,0,0,-58.6475,345.146,421.985,1.73895,1.26064,6.19482,0.411414,1.23374,NN_Adam
0,0,0,0,0,209.585,191.813,221.243,0.741059,5.20886,1.05291,2.96676,0.0620472,NN_Adam
0,0,0,0,0,492.349,-12.8812,267.203,6.25693,6.06782,0.398549,2.02024,2.89142,NN_Adam
0,0,0,0,0,470.423,3.79887,147.268,3.14927,2.977,0.135529,1.73212,5.88884,NN_Adam
0,0,0,0,0,497.79,-207.323,143.701,5.8885,6.17988,0.0798214,1.66702,5.00623,NN_Adam
0,0,0,0,0,443.602,37.6896,154.165,3.2263,2.67832,0.383646,1.99146,5.88884,NN_Adam
0,0,0,0,0,382.464,-94.7566,55.576,2.89865,3.34677,0.857252,0.237658,3.16442,NN_Adam
0,0,0,0,0,-209.472,-46.2272,583.741,3.35856,0.712321,0.349809,2.08597,5.93834,NN_Adam
0,0,0,0,0,-16.4109,122.835,320.711,1.70344,2.94903,4.71179,0.245948,5.93834,NN_Adam
0,0,0,0,0,210.83,-34.8369,97.0379,2.97766,3.64143,3.436,4.25488,6.22657,NN_Adam
0,0,0,0,0,-476.972,-146.997,331.563,3.4405,0.174138,0.167377,1.77258,3.41488,NN_Adam
0,0,0,0,0,293.539,401.219,174.771,0.93904,5.98668,1.0418,0.739752,0.378545,NN_Adam
0,0,0,0,0,65.087,-163.21,315.054,1.95013,2.40429,4.29651,4.25266,2.27078,NN_Adam
0,0,0,0,0,54.1934,191.08,118.069,1.29441,3.0855,3.61437,0.715341,1.68825,NN_Adam
0,0,0,0,0,164.794,-211.838,575.287,5.37321,0.710973,0.304206,1.90935,0.596705,NN_Adam
0,0,0,0,0,-427.824,192.119,365.929,2.71947,0.0984815,0.316432,1.91252,0.999488,NN_Adam
0,0,0,0,0,-343.825,353.953,171.036,2.34154,6.00007,1.06369,0.662247,0.999488,NN_Adam
0,0,0,0,0,-35.0187,-495.235,199.274,4.64175,5.85872,0.465653,2.06233,0.191397,NN_Adam
0,0,0,0,0,-468.743,54.1393,220.084,3.02658,5.87137,1.33877,0.76831,5.86949,NN_Adam
0,0,0,0,0,-125.135,-243.573,588.49,4.23704,0.885234,0.184743,1.7048,0.165034,NN_Adam
0,0,0,0,0,312.949,7.00735,60.092,3.16378,2.21723,1.14732,2.32835,5.88884,NN_Adam
0,0,0,0,0,-284.243,324.5,303.253,2.29008,0.465879,0.75562,0.162834,0.572269,NN_Adam
0,0,0,0,0,393.036,173.66,88.5277,3.55748,2.74284,0.42928,2.09462,4.3676,NN_Adam
0,0,0,0,0,117.14,202.147,216.954,1.04551,0.00731435,4.06031,4.73504,6.17791,NN_Adam
0,0,0,0,0,-444.171,152.773,41.8369,2.81024,5.62311,1.23368,0.603635,4.41349,NN_Adam
0,0,0,0,0,229.119,-295.932,293.213,2.22951,3.54563,4.82441,2.20018,0.247987,NN_Adam
0,0,0,0,0,362.132,-291.097,130.482,5.60603,5.665,0.244253,2.54368,0.00805729,NN_Adam
0,0,0,0,0,-256.843,-252.849,79.108,3.91893,0.254282,0.524197,5.88742,0.954884,NN_Adam
0,0,0,0,0,159.02,338.3,292.129,1.13128,1.53575,4.3198,2.21161,2.83862,NN_Adam
0,0,0,0,0,364.554,-141.42,301.021,2.77132,2.39841,1.19714,0.594941,2.71482,NN_Adam
0,0,0,0,0,60.9943,-82.5493,33.6179,5.3487,0.914465,4.82322,6.12709,5.26321,NN_Adam
0,0,0,0,0,-152.761,-313.909,207.196,4.25931,5.7572,2.3613,6.05397,1.26648,NN_Adam
0,0,0,0,0,-212.969,-339.486,211.612,1.01035,2.3231,0.520176,2.28675,1.4549,NN_Adam
0,0,0,0,0,170.367,-271.449,237.857,5.27266,1.08918,6.21693,5.99217,2.87431,NN_Adam
0,0,0,0,0,130.612,-470.935,90.9589,4.98288,5.59021,0.467354,2.13866,6.27677,NN_Adam
0,0,0,0,0,-210.363,55.1986,14.7836,2.88487,3.94642,1.49316,2.79204,0.164514,NN_Adam
0,0,0,0,0,-152.035,-219.281,468.81,0.964505,1.59455,0.691542,2.12276,6.01895,NN_Adam
0,0,0,0,0,83.8981,-413.923,446.668,4.91211,0.332521,0.25831,1.90566,0.415395,NN_Adam
0,0,0,0,0,224.849,375.327,317.846,1.03074,1.07513,4.87952,2.26531,2.83862,NN_Adam
0,0,0,0,0,96.0302,273.508,233.925,1.23305,0.153866,2.41657,5.23826,4.84654,NN_Adam
0,0,0,0,0,-112.747,-239.37,92.809,1.13044,1.87409,2.47943,0.714088,0.324958,NN_Adam
0,0,0,0,0,-100.312,-141.445,248.489,4.09536,3.45727,2.78761,2.40013,0.341132,NN_Adam
0,0,0,0,0,236.413,-409.138,324.856,5.23638,0.033445,0.94054,0.8805,5.34562,NN_Adam
0,0,0,0,0,-337.635,-256.079,278.177,3.79042,6.15314,1.54971,0.232775,3.41488,NN_Adam
0,0,0,0,0,-86.1127,-129.596,49.1217,4.1258,0.929311,5.13068,6.01907,5.26321,NN_Adam
0,0,0,0,0,74.4635,425.476,3.77431,1.39741,6.25203,0.371342,0.226137,5.82413,NN_Adam
0,0,0,0,0,-414.388,-56.5779,183.196,3.27711,0.318821,0.754728,6.13428,0.458783,NN_Adam
0,0,0,0,0,403.394,-10.8588,143.227,3.11457,2.44318,0.598897,2.23685,5.88884,NN_Adam
0,0,0,0,0,-133.532,-308.571,170.311,1.16225,1.83327,1.64678,1.61603,6.03257,NN_Adam
0,0,0,0,0,-99.9025,36.9171,311.547,5.92926,2.60454,1.84352,4.84318,0.0907237,NN_Adam
0,0,0,0,0,-316.039,350.759,108.868,2.30407,6.0586,1.01687,0.301434,0.999488,NN_Adam
0,0,0,0,0,133.578,-144.111,3.40141,2.31818,4.97412,3.49978,3.01858,2.21858,NN_Adam
0,0,0,0,0,116.188,442.621,159.643,1.31391,6.05063,1.28024,0.201524,1.38371,NN_Adam
0,0,0,0,0,-270.009,-29.955,424.097,0.110254,3.02142,6.08529,0.421691,1.88987,NN_Adam
0,0,0,0,0,-221.293,-274.646,465.003,0.892514,2.22775,0.184219,1.79532,0.906681,NN_Adam
0,0,0,0,0,21.2352,-336.515,255.828,1.63373,3.94398,5.08394,1.08351,1.34452,NN_Adam
0,0,0,0,0,-191.076,-34.2197,410.099,3.31855,1.00186,1.74274,5.48751,0.988303,NN_Adam
0,0,0,0,0,-223.954,-113.278,108.278,0.468119,2.60055,6.06949,3.65116,3.84344,NN_Adam
0,0,0,0,0,-489.368,-159.441,230.856,3.45678,6.1025,0.295413,1.91434,0.384745,NN_Adam
0,0,0,0,0,-161.715,469.667,247.326,1.90235,6.01621,0.41752,2.0103,0.458874,NN_Adam
0,0,0,0,0,-329.719,350.019,71.7194,2.3262,5.95692,0.944896,0.453821,0.999488,NN_Adam
0,0,0,0,0,380.451,113.645,221.62,0.29008,5.25245,1.59486,1.67769,2.76285,NN_Adam
0,0,0,0,0,20.2184,-129.877,367.912,1.72526,0.439199,1.91763,2.07748,6.01895,NN_Adam
0,0,0,0,0,50.2666,330.097,346.343,1.41959,0.176118,1.87752,6.04397,4.84654,NN_Adam
0,0,0,0,0,32.218,221.645,122.417,1.42605,2.9646,3.38407,1.22195,1.68825,NN_Adam
0,0,0,0,0,79.6489,407.087,276.857,1.37723,0.198447,1.25958,6.2347,1.38371,NN_Adam
0,0,0,0,0,238.03,451.336,70.4674,1.08543,5.72006,0.340083,1.9603,1.11678,NN_Adam
0,0,0,0,0,-35.718,325.956,104.277,1.67968,4.56797,1.65735,2.20423,0.164514,NN_Adam
0,0,0,0,0,-341.439,209.895,216.736,2.5903,0.00913117,1.51878,6.01445,0.999488,NN_Adam
0,0,0,0,0,141.363,177.405,203.248,0.897903,6.17677,4.1989,4.75835,6.17791,NN_Adam
0,0,0,0,0,-171.791,-24.5335,83.8108,0.141746,5.36063,3.1927,2.64124,5.50527,NN_Adam
0,0,0,0,0,-287.193,-132.591,545.453,3.5739,0.602593,0.286785,1.9214,5.93834,NN_Adam
0,0,0,0,0,72.3796,417.09,38.1651,1.39891,0.761127,4.9313,1.45883,1.11678,NN_Adam
0,0,0,0,0,90.515,409.159,365.197,1.35296,0.0590615,0.047759,2.57186,2.53824,NN_Adam
0,0,0,0,0,194.521,-438.795,63.0101,5.12963,5.50554,0.475967,2.17503,6.27677,NN_Adam
0,0,0,0,0,-166.22,212.425,31.281,2.23468,4.18195,1.56264,2.5219,0.164514,NN_Adam
0,0,0,0,0,-335.245,12.2022,45.8711,6.24675,2.96169,5.95681,3.18039,3.84344,NN_Adam
0,0,0,0,0,136.153,312.173,15.4514,1.15934,0.996749,4.7005,1.12076,1.11678,NN_Adam
0,0,0,0,0,389.7,-178.172,354.69,5.8542,6.22122,0.278302,2.40016,0.881721,NN_Adam
0,0,0,0,0,305.65,382.078,281.982,0.896017,0.0142992,0.868794,0.818616,5.73413,NN_Adam
0,0,0,0,0,-204.287,369.502,230.32,2.07578,0.161682,1.17462,6.17527,6.07848,NN_Adam
0,0,0,0,0,-216.522,381.733,171.153,2.08663,0.158149,0.875917,6.2555,6.07848,NN_Adam
0,0,0,0,0,-359.271,223.379,27.5693,2.58519,6.1268,0.792321,6.27783,1.75357,NN_Adam
0,0,0,0,0,329.905,-117.334,124.381,2.79975,3.45269,0.717467,6.1221,3.16442,NN_Adam
0,0,0,0,0,-185.937,166.374,367.046,2.41132,2.30532,4.6723,0.961518,5.93834,NN_Adam
0,0,0,0,0,-227.247,-119.085,147.602,3.62424,1.7484,3.2224,2.78445,3.28783,NN_Adam
0,0,0,0,0,-111.647,346.275,457.164,1.88254,0.171267,0.433795,2.22242,5.36892,NN_Adam
0,0,0,0,0,-250.748,-276.722,392.557,0.834514,2.12472,0.403081,2.01843,2.04068,NN_Adam
0,0,0,0,0,-39.0769,260.18,321.279,1.71979,0.707727,4.27358,4.08391,6.17791,NN_Adam
0,0,0,0,0,180.964,-349.055,347.576,5.1906,0.60162,0.850606,0.0205418,5.34562,NN_Adam
0,0,0,0,0,-200.613,-271.651,133.894,0.934617,2.22059,0.726256,2.60968,1.4549,NN_Adam
0,0,0,0,0,-147.886,355.862,253.8,1.96455,5.32731,1.59049,1.71866,0.486989,NN_Adam
0,0,0,0,0,-262.061,185.736,318.445,2.52485,0.910471,4.24885,3.59658,6.17791,NN_Adam
0,0,0,0,0,-12.2242,-422.528,173.918,4.68331,5.59513,0.38544,2.73813,2.3339,NN_Adam
0,0,0,0,0,264.445,-301.745,430.705,5.43188,1.19454,5.18503,2.09439,0.586595,NN_Adam
0,0,0,0,0,51.9966,-210.555,305.098,1.81287,2.61523,4.38822,4.03254,2.27078,NN_Adam
0,0,0,0,0,-274.286,101.172,321.648,2.78804,0.914878,4.1184,3.7945,6.17791,NN_Adam
0,0,0,0,0,-220.044,-64.0314,167.691,3.42455,1.8961,3.02716,2.95697,3.28783,NN_Adam
0,0,0,0,0,-137.372,461.535,324.027,1.85973,6.2407,0.363263,1.9557,0.486989,NN_Adam
0,0,0,0,0,-397.858,-251.828,209.829,3.7058,5.74533,0.585026,2.19775,0.384745,NN_Adam
0,0,0,0,0,-307.516,-133.767,109.062,0.410216,2.81921,5.85143,3.29487,3.84344,NN_Adam
0,0,0,0,0,-336.202,-44.7506,348.695,0.132145,1.80569,0.843591,2.1223,1.88987,NN_Adam
0,0,0,0,0,-64.4361,82.8717,621.467,2.23141,0.915189,0.762006,1.50127,3.33779,NN_Adam
0,0,0,0,0,341.797,336.059,215.249,0.776743,5.98737,1.22618,0.663247,5.73413,NN_Adam
0,0,0,0,0,-165.806,395.014,120.588,5.10952,2.65007,0.441602,2.13021,2.53861,NN_Adam
0,0,0,0,0,-111.778,450.85,118.438,1.81366,5.74196,0.0142171,2.67743,5.31042,NN_Adam
0,0,0,0,0,175.871,213.395,136.756,0.881425,4.75319,1.20227,2.94193,4.54565,NN_Adam
0,0,0,0,0,-328.566,410.215,49.3607,2.24607,5.89854,0.156171,1.7583,6.07848,NN_Adam
0,0,0,0,0,-196.541,416.693,63.1425,5.15304,3.09875,0.173724,1.7814,2.53861,NN_Adam
0,0,0,0,0,347.97,-174.533,360.782,2.67667,2.45853,0.841106,0.729861,2.38395,NN_Adam
0,0,0,0,0,-66.6265,321.728,0.351664,4.91631,2.60916,0.759005,2.45509,2.53861,NN_Adam
0,0,0,0,0,-245.426,110.389,491.994,2.71871,0.70742,1.32889,0.138652,0.988303,NN_Adam
0,0,0,0,0,-371.371,301.707,374.53,2.45926,0.252322,0.181397,1.78948,2.06914,NN_Adam
0,0,0,0,0,25.6764,-274.569,203.352,1.66382,1.40348,1.82033,1.89201,6.03257,NN_Adam
0,0,0,0,0,-359.04,49.842,88.0604,6.14522,2.92718,5.87248,3.09951,3.84344,NN_Adam
0,0,0,0,0,30.6717,-38.7183,337.748,2.24093,2.39633,1.39382,4.94058,0.0907237,NN_Adam
0,0,0,0,0,395.682,-64.7418,270.667,2.97926,3.14987,5.17688,2.6466,5.89801,NN_Adam
0,0,0,0,0,68.5277,469.963,51.3362,1.42585,6.28045,0.384633,0.456175,5.82413,NN_Adam
0,0,0,0,0,-233.527,144.281,302.736,2.58803,0.851305,3.92545,4.0034,6.17791,NN_Adam
0,0,0,0,0,-33.371,-56.212,223.944,1.0349,0.597357,3.78672,6.04047,3.18951,NN_Adam
0,0,0,0,0,-147.322,253.658,318.56,2.09703,5.29344,1.83919,1.88495,0.486989,NN_Adam
0,0,0,0,0,-29.6288,-172.827,263.349,4.54256,3.7699,2.81395,2.14861,0.341132,NN_Adam
0,0,0,0,0,-100.111,269.44,352.322,1.92646,1.52798,5.99046,6.25634,1.23374,NN_Adam
0,0,0,0,0,-149.608,142.809,130.984,2.37911,4.07269,1.78748,2.84514,0.164514,NN_Adam
0,0,0,0,0,-400.829,-127.102,167.123,3.44865,0.351605,0.600037,6.18296,0.458783,NN_Adam
0,0,0,0,0,123.745,-475.628,347.989,4.96656,0.198898,0.178323,1.78082,2.3339,NN_Adam
0,0,0,0,0,-169.312,-121.695,447.799,0.623146,1.30339,1.89995,0.684946,1.88987,NN_Adam
0,0,0,0,0,-78.3935,336.756,483.347,1.79933,0.444638,1.11089,0.683045,1.23374,NN_Adam
0,0,0,0,0,68.5264,-201.76,353.461,1.89825,3.85843,4.80496,0.90619,1.34452,NN_Adam
0,0,0,0,0,-56.2463,-244.672,536.471,1.34471,2.61203,5.4389,1.9792,1.34452,NN_Adam
0,0,0,0,0,266.807,-419.517,17.5963,5.27864,5.59858,0.339641,1.98119,6.0557,NN_Adam
0,0,0,0,0,-142.094,346.236,234.429,1.96009,5.19914,1.63237,1.80944,0.486989,NN_Adam
0,0,0,0,0,-120.124,-227.195,105.122,1.08429,1.79256,2.54774,0.687187,0.324958,NN_Adam
0,0,0,0,0,-234.352,29.7955,73.9848,6.15663,2.67648,6.16544,3.64118,3.84344,NN_Adam
0,0,0,0,0,282.677,-364.746,358.772,5.37165,0.0100811,0.380248,1.9989,0.586595,NN_Adam
0,0,0,0,0,227.898,-216.285,537.97,5.52375,0.539363,0.320493,2.00102,0.596705,NN_Adam
0,0,0,0,0,50.0534,424.385,451.238,1.45315,0.40795,0.512272,1.32176,0.374479,NN_Adam
0,0,0,0,0,-369.874,-57.4887,228.166,3.29568,0.482688,0.902209,5.86554,0.458783,NN_Adam
0,0,0,0,0,202.366,-428.895,186.417,5.15315,5.71139,0.537665,2.23298,6.0557,NN_Adam
0,0,0,0,0,116.27,334.247,73.1181,1.23588,1.17194,4.77152,0.99975,1.11678,NN_Adam
0,0,0,0,0,-103.094,-213.854,133.104,4.26317,5.2301,3.34311,5.65217,1.26648,NN_Adam
0,0,0,0,0,419.129,-17.3578,51.9884,3.09993,2.74147,0.629541,1.95097,5.88884,NN_Adam
0,0,0,0,0,-53.8927,-353.157,31.3467,1.41914,2.42427,1.2213,1.843,6.08012,NN_Adam
0,0,0,0,0,-402.824,110.021,309.815,2.87492,5.98771,1.62,0.607612,5.86949,NN_Adam
0,0,0,0,0,-302.354,30.9143,205.586,6.18126,1.75573,1.14503,2.42913,1.88987,NN_Adam
0,0,0,0,0,-174.231,-222.265,392.661,0.90579,1.41077,1.45098,1.59267,0.873547,NN_Adam
0,0,0,0,0,390.802,-21.9415,39.6138,3.08541,2.59332,0.905463,1.91837,5.88884,NN_Adam
0,0,0,0,0,-252.434,323.483,421.798,2.23333,0.517607,0.783027,0.588124,5.36892,NN_Adam
0,0,0,0,0,16.8127,-236.019,42.7845,1.64182,2.02859,2.58858,0.618908,1.73232,NN_Adam
0,0,0,0,0,-168.541,-220.635,143.557,4.06001,5.49111,3.01309,5.63029,1.26648,NN_Adam
0,0,0,0,0,-356.641,196.539,488.431,2.63786,0.653473,0.0708486,1.65681,2.39757,NN_Adam
0,0,0,0,0,-329.237,-11.9294,359.961,0.0360538,1.75936,0.845777,2.14518,1.88987,NN_Adam
0,0,0,0,0,202.88,-65.9065,206.662,2.82743,3.43989,3.37677,4.01005,6.22657,NN_Adam
0,0,0,0,0,312.507,-219.529,397.688,5.67067,1.34347,4.7804,2.3199,0.586595,NN_Adam
0,0,0,0,0,-142.497,319.149,192.914,1.99068,0.690376,0.389057,5.86342,6.07848,NN_Adam
0,0,0,0,0,-195.497,97.6192,603.779,2.67821,0.859436,0.306711,1.83129,3.33779,NN_Adam
0,0,0,0,0,12.791,446.654,202.318,1.54205,0.489041,0.324187,0.197175,0.458874,NN_Adam
0,0,0,0,0,-348.234,26.9481,540.772,3.06431,0.764383,0.106645,1.70048,0.390971,NN_Adam
0,0,0,0,0,320.529,-165.217,111.751,2.66553,2.30323,1.81145,0.77698,0.246225,NN_Adam
0,0,0,0,0,-342.528,-65.4438,221.934,3.33023,0.682635,0.588991,5.80915,0.458783,NN_Adam
0,0,0,0,0,-43.7981,-200.353,526.064,1.35552,1.37215,1.14862,1.4392,6.01895,NN_Adam
0,0,0,0,0,81.5684,-516.696,88.7257,4.86891,5.85916,0.255589,1.86883,6.27677,NN_Adam
0,0,0,0,0,-236.094,11.6798,366.225,3.09202,0.880226,1.6627,5.41973,0.988303,NN_Adam
0,0,0,0,0,275.034,-234.146,252.705,2.4362,3.77921,4.60201,2.23045,0.247987,NN_Adam
0,0,0,0,0,-309.448,-344.969,202.434,3.98102,5.80468,1.45234,0.665772,1.08158,NN_Adam
0,0,0,0,0,10.4527,-104.43,125.802,1.67031,4.08782,2.08114,4.24238,6.22657,NN_Adam
0,0,0,0,0,-400.986,243.461,138.675,2.59565,5.98104,1.21975,0.327827,0.999488,NN_Adam
0,0,0,0,0,118.395,-165.269,208.478,2.19237,2.65708,4.51407,4.38403,2.27078,NN_Adam
0,0,0,0,0,149.651,-443.393,45.5099,5.03781,5.41385,0.518514,2.21587,6.27677,NN_Adam
0,0,0,0,0,-168.69,275.853,330.295,2.11943,0.986868,4.26267,3.50021,6.17791,NN_Adam
0,0,0,0,0,-38.9542,-188.342,501.692,1.36673,1.19388,1.35679,1.48972,6.01895,NN_Adam
0,0,0,0,0,383.02,30.8677,34.3409,3.22168,3.02919,1.33702,0.359467,0.917386,NN_Adam
0,0,0,0,0,-147.302,-454.579,144.785,4.39897,6.14843,0.977031,0.341048,0.191397,NN_Adam
0,0,0,0,0,20.8698,-303.285,526.712,1.63948,2.25665,0.0327743,1.61092,1.90659,NN_Adam
0,0,0,0,0,385.093,-88.8082,118.193,2.91481,2.38927,0.853535,2.05938,5.88884,NN_Adam
0,0,0,0,0,-128.216,378.911,188.457,1.89695,6.11527,1.68307,6.02235,4.84654,NN_Adam
0,0,0,0,0,167.013,247.351,231.676,0.976735,0.104059,2.36523,5.3129,4.84654,NN_Adam
0,0,0,0,0,325.313,-248.457,32.6958,2.48919,3.86546,6.09127,0.773389,0.758087,NN_Adam
0,0,0,0,0,-347.87,132.595,396.152,2.77728,0.00439614,0.28037,2.60226,2.06914,NN_Adam
0,0,0,0,0,-100.207,375.513,332.97,1.83146,0.13779,1.53114,0.0414578,4.84654,NN_Adam
0,0,0,0,0,-231.111,46.5741,168.281,6.084,1.25653,2.59272,1.04022,0.906191,NN_Adam
0,0,0,0,0,-189.579,-459.498,188.724,4.32092,5.83965,0.448625,2.08267,0.191397,NN_Adam
0,0,0,0,0,-168.984,313.696,381.237,2.06469,1.29961,6.0372,0.367292,1.23374,NN_Adam
0,0,0,0,0,472.702,-25.6881,245.794,6.22878,5.8962,0.480535,2.20439,2.89142,NN_Adam
0,0,0,0,0,99.0741,-408.233,16.7907,1.80877,3.1914,0.874848,0.713564,1.63146,NN_Adam
0,0,0,0,0,-255.276,-451.28,224.742,4.19731,6.11707,0.269927,1.88911,0.191397,NN_Adam
0,0,0,0,0,-222.391,66.2579,418.447,2.85204,0.784904,1.74902,5.72025,0.988303,NN_Adam
0,0,0,0,0,-134.52,-487.547,312.25,4.44312,0.125415,0.17382,1.7807,0.191397,NN_Adam
0,0,0,0,0,-290.021,-314.006,437.799,3.96637,0.292195,0.289571,1.89972,1.21809,NN_Adam
0,0,0,0,0,51.3843,-423.97,163.598,4.83296,0.609159,0.0100131,0.187138,2.87431,NN_Adam
0,0,0,0,0,-156.401,-474.442,61.2825,4.39379,6.06054,0.621623,0.672418,0.291986,NN_Adam
0,0,0,0,0,469.286,19.6841,322.248,0.0417783,6.15038,0.459676,2.01959,2.89142,NN_Adam
0,0,0,0,0,149.186,456.731,247.991,1.25497,6.01193,1.17272,0.838439,1.38371,NN_Adam
0,0,0,0,0,-114.09,-315.451,119.383,1.2236,2.12776,1.03722,2.3472,1.72265,NN_Adam
0,0,0,0,0,-118.715,454.847,88.2536,1.82593,5.74111,6.21323,2.65397,5.31042,NN_Adam
0,0,0,0,0,-243.701,-144.507,15.0377,3.67656,0.179953,0.250223,5.73812,0.954884,NN_Adam
0,0,0,0,0,-447.539,177.888,206.16,2.76306,6.11037,1.11242,0.524117,0.885108,NN_Adam
0,0,0,0,0,359.208,-259.013,360.541,5.65837,0.343992,0.852114,0.538797,2.71482,NN_Adam
0,0,0,0,0,-109.853,-173.736,400.263,1.00673,0.96306,1.67502,1.79054,0.873547,NN_Adam
0,0,0,0,0,215.963,-277.084,172.112,2.23266,3.48429,0.393068,6.23593,4.79934,NN_Adam
0,0,0,0,0,-267.724,-74.6666,222.033,3.41328,1.68553,3.40755,2.97498,3.28783,NN_Adam
0,0,0,0,0,117.625,162.939,166.563,0.945329,4.6271,1.37598,3.18263,1.14695,NN_Adam
0,0,0,0,0,-245.875,308.542,51.3551,2.2435,0.196848,0.348507,6.18482,6.07848,NN_Adam
0,0,0,0,0,-127.448,-194.112,274.026,4.13115,2.76804,3.58839,1.77902,0.341132,NN_Adam
0,0,0,0,0,109.936,-498.781,140.795,4.92924,5.98947,0.852848,0.858441,5.80573,NN_Adam
0,0,0,0,0,32.0093,182.967,336.25,1.39742,0.804323,3.90205,4.50461,6.17791,NN_Adam
0,0,0,0,0,-45.3342,-59.3914,370.252,4.06037,1.60165,2.43368,4.74231,0.988303,NN_Adam
0,0,0,0,0,-402.258,-23.544,279.021,3.19983,0.468651,0.908729,6.14616,0.458783,NN_Adam
0,0,0,0,0,166.22,-264.512,211.351,5.27315,1.05074,6.17463,5.94193,2.87431,NN_Adam
0,0,0,0,0,320.7,435.009,137.641,0.935431,6.21747,0.038971,1.61769,0.378545,NN_Adam
0,0,0,0,0,-385.481,-208.76,174.132,3.63786,5.5964,0.472872,2.57122,0.384745,NN_Adam
0,0,0,0,0,-219.948,188.735,249.435,2.43225,0.763022,3.70857,4.00247,6.17791,NN_Adam
0,0,0,0,0,413.827,198.272,257.973,0.446671,5.73162,1.01702,1.75409,2.76285,NN_Adam
0,0,0,0,0,-138.227,40.7831,509.192,2.8542,2.41672,4.98199,1.14268,5.93834,NN_Adam
0,0,0,0,0,432.111,-49.0098,171.407,3.02855,2.58041,0.413878,2.08369,5.89801,NN_Adam
0,0,0,0,0,-217.07,-114.619,442.927,0.485541,1.47337,1.72026,0.765319,1.88987,NN_Adam
0,0,0,0,0,-3.06455,-305.666,288.16,1.56075,3.92241,5.02663,0.998017,1.34452,NN_Adam
0,0,0,0,0,-106.671,274.714,17.3553,1.94097,4.2792,1.54568,2.36019,0.164514,NN_Adam
0,0,0,0,0,-42.4948,-11.095,634.435,3.39694,1.19607,0.266375,1.95968,3.33779,NN_Adam
0,0,0,0,0,67.2249,-343.705,55.7923,1.76396,2.43505,1.81971,0.788401,1.73232,NN_Adam
0,0,0,0,0,-194.25,-346.762,104.516,4.20166,0.18751,0.70307,6.01752,0.291986,NN_Adam
0,0,0,0,0,-253.78,424.27,72.2363,2.10982,5.79195,0.999638,0.746937,1.75357,NN_Adam
0,0,0,0,0,146.555,-345.21,281.174,5.11389,0.909711,0.207903,6.20738,2.87431,NN_Adam
0,0,0,0,0,-301.126,75.3837,50.037,6.03759,2.86835,6.05338,3.288,3.84344,NN_Adam
0,0,0,0,0,396.964,-120.829,167.698,2.84578,2.45847,1.29865,0.951386,0.246225,NN_Adam
0,0,0,0,0,265.109,291.076,316.528,0.832032,5.82045,0.782694,2.37506,0.0620472,NN_Adam
0,0,0,0,0,-20.3559,-332.706,270.691,1.50946,3.90076,5.08533,1.08835,1.34452,NN_Adam
0,0,0,0,0,136.67,-138.802,88.1614,2.34843,5.00277,3.28818,2.85523,2.21858,NN_Adam
0,0,0,0,0,281.44,-302.173,351.075,5.46212,0.422279,0.99058,0.190523,5.34562,NN_Adam
0,0,0,0,0,-82.6025,184.199,145.459,1.99232,0.505058,1.2825,4.78573,0.914063,NN_Adam
0,0,0,0,0,-322.471,135.705,377.042,2.74318,6.13806,0.427312,2.70318,2.06914,NN_Adam
0,0,0,0,0,366.457,199.354,239.99,0.497886,5.46677,1.20803,1.9677,2.76285,NN_Adam
0,0,0,0,0,-506.934,182.404,124.911,2.79617,6.14221,0.0802434,1.66758,1.75357,NN_Adam
0,0,0,0,0,-261.025,-48.6679,292.386,3.32582,0.785912,1.44274,5.29205,0.988303,NN_Adam
0,0,0,0,0,258.031,-146.519,288.394,2.6252,1.68712,2.12083,0.572261,1.09903,NN_Adam
0,0,0,0,0,380.426,354.66,63.1452,0.750003,5.8158,0.246895,1.86145,5.4464,NN_Adam
0,0,0,0,0,324.123,35.3009,145.255,0.108412,4.62276,1.82123,2.05578,2.76285,NN_Adam
0,0,0,0,0,311.224,-101.829,0.271366,2.82498,3.89765,4.64164,3.18479,6.22657,NN_Adam
0,0,0,0,0,503.544,-94.6179,235.079,6.0974,6.0965,0.309934,1.9264,2.70961,NN_Adam
0,0,0,0,0,-77.3927,510.154,136.89,1.72118,6.18152,0.591256,0.81172,0.458874,NN_Adam
0,0,0,0,0,271.867,-218.465,4.7495,2.46436,3.93292,4.71306,2.97165,6.22657,NN_Adam
0,0,0,0,0,-113.637,389.546,180.061,1.85448,6.08948,1.65153,6.06196,4.84654,NN_Adam
0,0,0,0,0,66.0588,-301.146,82.6306,1.78646,2.11796,2.16557,0.775009,1.73232,NN_Adam
0,0,0,0,0,63.9608,194.456,170.807,1.25283,3.10322,3.72481,0.783438,1.68825,NN_Adam
0,0,0,0,0,133.762,-305.142,174.58,1.98382,4.12972,4.24405,2.43716,0.247987,NN_Adam
0,0,0,0,0,-398.573,231.655,131.446,2.615,5.96128,1.28046,0.249948,0.999488,NN_Adam
0,0,0,0,0,-124.312,269.2,67.2836,2.00343,4.33162,1.66179,2.35197,0.164514,NN_Adam
0,0,0,0,0,55.2855,-340.847,43.8909,1.73152,2.45709,1.83448,0.786905,1.73232,NN_Adam
0,0,0,0,0,59.4663,-17.5754,74.6726,2.85427,6.19351,2.44735,3.13981,0.353671,NN_Adam
0,0,0,0,0,395.221,-215.673,123.926,5.78341,5.47807,0.547257,2.43063,5.00623,NN_Adam
0,0,0,0,0,-206.51,382.595,51.611,2.06573,5.60915,1.53415,0.227233,1.75357,NN_Adam
0,0,0,0,0,-429.273,71.0448,141.737,2.97747,0.0513735,0.96207,6.21162,1.75357,NN_Adam
0,0,0,0,0,93.5561,-287.683,399.82,1.88517,3.43212,5.09239,1.39325,1.34452,NN_Adam
0,0,0,0,0,116.762,-409.657,97.0629,1.84831,2.65746,0.569028,2.01941,1.72265,NN_Adam
0,0,0,0,0,384.381,-109.077,133.112,2.86501,2.37374,0.836631,2.04308,5.88884,NN_Adam
0,0,0,0,0,-213.45,-283.252,58.6134,4.06653,0.177254,0.557493,5.87065,0.954884,NN_Adam
0,0,0,0,0,406.953,165.613,224.032,0.38623,5.48812,1.4235,1.46363,2.76285,NN_Adam
0,0,0,0,0,12.789,-437.59,48.3703,4.74142,6.26107,0.600424,0.101214,5.80573,NN_Adam
0,0,0,0,0,-15.2916,448.952,316.407,1.60476,0.710657,0.184324,0.504318,5.90084,NN_Adam
0,0,0,0,0,-204.685,307.304,37.1694,2.15824,0.206951,0.298663,6.08778,6.07848,NN_Adam
0,0,0,0,0,-129.871,18.2705,539.656,3.00184,0.35791,1.03276,2.0841,3.33779,NN_Adam
0,0,0,0,0,-183.811,-479.05,272.335,4.34578,6.26461,0.227505,1.84078,1.21809,NN_Adam
0,0,0,0,0,184.319,-370.902,23.6019,2.03191,3.07848,1.03514,0.698038,1.63146,NN_Adam
0,0,0,0,0,12.9434,-135.809,324.939,1.66552,4.12149,4.57477,0.647206,1.34452,NN_Adam
0,0,0,0,0,13.4129,-496.224,53.5827,4.73922,6.0634,0.607598,0.64788,5.80573,NN_Adam
0,0,0,0,0,-285.146,-22.8697,21.0912,0.0798243,2.83139,0.00858068,3.24619,3.84344,NN_Adam
0,0,0,0,0,165.796,283.547,219.874,1.04157,6.26182,2.17092,5.534,4.84654,NN_Adam
0,0,0,0,0,-161.355,406.032,343.004,1.94899,5.98352,1.12595,1.45868,0.486989,NN_Adam
0,0,0,0,0,94.0062,-57.6584,245.681,5.73291,4.6733,3.80891,0.0972745,0.955645,NN_Adam
0,0,0,0,0,-265.724,-71.1661,353.312,3.4031,0.775035,1.4864,5.56354,0.988303,NN_Adam
0,0,0,0,0,72.899,33.8125,97.1235,3.57585,6.07377,2.46277,3.05623,0.353671,NN_Adam
0,0,0,0,0,131.506,-316.868,280.756,5.10564,1.03728,0.132903,6.07643,2.87431,NN_Adam
0,0,0,0,0,4.34283,91.518,94.4463,4.66468,5.75186,2.57977,3.11034,0.353671,NN_Adam
0,0,0,0,0,452.274,171.711,288.318,0.362733,6.10882,0.379973,2.06747,2.76285,NN_Adam
0,0,0,0,0,350.269,345.106,84.986,0.777864,6.23567,5.50014,2.60906,5.4464,NN_Adam
0,0,0,0,0,98.8208,-189.431,85.2459,2.05146,4.9292,3.42238,2.77717,2.21858,NN_Adam
0,0,0,0,0,197.38,382.701,135.295,1.09425,6.26616,1.07648,6.17065,1.38371,NN_Adam
0,0,0,0,0,79.204,-417.633,409.821,4.89962,0.129083,0.328748,2.11413,2.3339,NN_Adam
0,0,0,0,0,165.241,479.696,95.3109,1.23883,5.88023,0.870249,0.863178,1.38371,NN_Adam
0,0,0,0,0,11.2483,188.541,41.686,4.65262,5.18773,3.36737,2.77064,0.353671,NN_Adam
0,0,0,0,0,-259.763,-423.903,2.50916,4.16241,5.67803,0.76061,1.0517,0.291986,NN_Adam
0,0,0,0,0,-211.529,86.3155,196.693,5.89567,1.16672,2.65388,0.928374,0.906191,NN_Adam
0,0,0,0,0,-311.556,-181.052,136.925,3.66797,5.43913,2.34965,6.21479,1.26648,NN_Adam
0,0,0,0,0,-405.727,294.621,129.793,2.51332,5.86675,1.01716,0.827631,0.999488,NN_Adam
0,0,0,0,0,93.0066,-95.9004,148.803,2.34076,4.14232,2.58911,3.9179,6.22657,NN_Adam
0,0,0,0,0,-255.17,21.9513,415.031,3.05571,0.67538,1.72853,5.82777,0.988303,NN_Adam
0,0,0,0,0,-352.164,-55.7158,45.6994,0.156624,3.02844,5.897,3.0724,3.84344,NN_Adam
0,0,0,0,0,-114.498,-239.381,47.8714,1.12459,2.04726,2.37891,0.801848,0.324958,NN_Adam
0,0,0,0,0,-264.464,-402.886,77.8059,4.13149,6.07977,0.79925,0.424429,0.291986,NN_Adam
0,0,0,0,0,-178.46,213.132,309.88,2.26765,0.952478,3.90586,3.8938,6.17791,NN_Adam
0,0,0,0,0,-198.118,-291.541,404.522,0.97375,2.68254,5.45065,2.58738,2.04068,NN_Adam
0,0,0,0,0,-253.009,184.765,221.443,2.51079,0.76175,3.76455,3.80573,6.17791,NN_Adam
0,0,0,0,0,-406.213,256.906,302.655,2.57751,0.0751547,0.877354,0.775389,0.999488,NN_Adam
0,0,0,0,0,310.358,71.2016,5.568,3.36683,3.04864,1.80699,6.24219,0.917386,NN_Adam
0,0,0,0,0,234.559,-295.37,123.437,2.24171,3.52173,0.428879,0.11084,4.79934,NN_Adam
0,0,0,0,0,-237.771,-346.727,252.092,0.969626,3.3981,5.19103,2.20093,0.721104,NN_Adam
0,0,0,0,0,-172.619,-451.196,166.958,4.34685,6.17574,0.962485,0.409755,0.191397,NN_Adam
0,0,0,0,0,-58.6505,315.69,114.637,1.75444,4.55738,1.68503,2.23044,0.164514,NN_Adam
0,0,0,0,0,138.293,278.04,169.128,1.1091,4.96523,1.18182,2.77367,4.54565,NN_Adam
0,0,0,0,0,20.8848,60.3854,41.5582,4.37945,5.91682,2.63817,3.221,0.353671,NN_Adam
0,0,0,0,0,32.0862,-475.039,140.79,4.77965,0.415736,0.00919121,0.536193,5.80573,NN_Adam
0,0,0,0,0,130.971,-114.383,230.333,2.42369,2.37591,4.90123,4.40098,2.27078,NN_Adam
0,0,0,0,0,-194.13,283.36,353.916,2.1714,1.12081,0.187976,6.25059,2.03274,NN_Adam
0,0,0,0,0,13.114,-296.402,501.83,1.61485,2.68533,5.47692,2.02011,1.90659,NN_Adam
0,0,0,0,0,-108.768,-199,610.619,4.21103,0.992316,0.152721,1.74833,0.165034,NN_Adam
0,0,0,0,0,-189.583,443.286,187.01,1.97477,5.63339,0.97772,1.67016,0.486989,NN_Adam
0,0,0,0,0,172.811,25.8451,193.154,3.28984,3.60026,2.90794,4.08743,6.22657,NN_Adam
0,0,0,0,0,-320.922,-109.326,339.565,3.46967,5.94747,2.10873,0.335007,1.26648,NN_Adam
0,0,0,0,0,-530.222,72.049,145.439,3.00651,6.09073,0.156878,1.75868,1.99764,NN_Adam
0,0,0,0,0,-65.4893,434.604,337.264,1.72026,5.9738,0.9459,1.74207,0.486989,NN_Adam
0,0,0,0,0,168.967,64.3805,78.3495,3.50549,5.24399,3.23891,2.71698,0.353671,NN_Adam
0,0,0,0,0,-138.322,-509.181,164.596,4.44692,6.08576,0.581098,1.17401,0.191397,NN_Adam
0,0,0,0,0,223.447,158.338,251.342,0.616465,5.3107,1.08935,2.93468,0.0620472,NN_Adam
0,0,0,0,0,95.5647,484.294,153.13,1.37587,6.16509,0.858128,0.519181,1.38371,NN_Adam
0,0,0,0,0,245.918,-119.6,92.1568,2.68904,3.82284,3.94845,3.65956,6.22657,NN_Adam
0,0,0,0,0,65.8318,447.325,163.059,1.42441,6.17339,1.17842,0.0994294,1.38371,NN_Adam
0,0,0,0,0,-98.036,-104.873,499.789,0.819021,0.934065,1.52158,1.54016,6.01895,NN_Adam
0,0,0,0,0,-431.955,-292.99,282.068,3.73754,0.21038,0.0485222,1.62997,0.384745,NN_Adam
0,0,0,0,0,-209.006,374.88,1.94254,2.07915,5.51206,1.45104,0.295072,1.75357,NN_Adam
0,0,0,0,0,-334.97,-167.944,108.85,3.60622,5.39875,2.21799,0.00692198,1.26648,NN_Adam
0,0,0,0,0,-73.9853,3.24054,628.167,3.0977,1.07416,0.354635,1.95293,3.33779,NN_Adam
0,0,0,0,0,-377.306,-77.1621,197.784,3.34322,0.562727,0.512495,6.01319,0.458783,NN_Adam
0,0,0,0,0,113.071,-387.681,322.007,4.99602,5.95558,0.534192,2.49796,2.3339,NN_Adam
0,0,0,0,0,-204.988,-484.134,212.717,4.31181,6.15265,0.21849,1.83,0.191397,NN_Adam
0,0,0,0,0,-305.994,-316.832,269.908,3.94412,5.906,1.54287,0.664127,1.08158,NN_Adam
0,0,0,0,0,-323.44,168.037,406.417,2.66228,0.0167691,0.321969,2.574,2.06914,NN_Adam
0,0,0,0,0,-122.219,118.669,624.65,2.3707,1.02579,0.222919,1.82686,3.33779,NN_Adam
0,0,0,0,0,207.916,-195.376,378.968,5.52878,1.94933,4.06978,2.43615,0.586595,NN_Adam
0,0,0,0,0,-520.577,-144.389,143.046,3.41218,6.21553,0.0494114,1.63038,0.721104,NN_Adam
0,0,0,0,0,-101.641,-7.31883,282.674,0.0718922,2.78701,1.7553,4.72848,0.0907237,NN_Adam
0,0,0,0,0,484.961,238.8,122.05,0.457482,6.21095,0.0191316,1.59399,2.32665,NN_Adam
0,0,0,0,0,12.953,-73.906,326.28,1.74411,2.51306,1.48123,4.92028,0.0907237,NN_Adam
0,0,0,0,0,177.488,-379.288,313.948,5.14988,0.50654,0.792805,0.0936732,5.34562,NN_Adam
0,0,0,0,0,-334.448,62.7382,395.391,2.95601,6.26901,0.269954,2.78587,2.06914,NN_Adam
0,0,0,0,0,-8.42581,283.456,428.496,1.60042,0.949464,4.88454,3.41111,6.17791,NN_Adam
0,0,0,0,0,-331.948,138.04,400.482,2.74732,0.00023121,0.301232,2.64242,2.06914,NN_Adam
0,0,0,0,0,-154.819,98.867,173.336,2.57293,0.715463,1.22507,4.7314,0.914063,NN_Adam
0,0,0,0,0,63.3699,-395.859,218.725,4.87106,5.64867,0.45601,2.78844,2.3339,NN_Adam
0,0,0,0,0,-96.8767,400.31,294.083,1.80815,5.63648,1.27023,1.78437,0.486989,NN_Adam
0,0,0,0,0,-27.8864,218.231,509.73,1.69787,0.0904475,1.24246,1.80438,3.33779,NN_Adam
0,0,0,0,0,-0.5926,-39.3976,375.549,1.55575,2.17917,1.53687,5.07068,0.0907237,NN_Adam
0,0,0,0,0,-4.55991,107.209,246.845,1.61329,0.251485,4.61999,5.01662,6.17791,NN_Adam
0,0,0,0,0,55.3607,-272.321,478.78,1.77117,3.03094,5.37557,1.42416,1.90659,NN_Adam
0,0,0,0,0,-290.081,-336.345,421.672,4.0004,0.292353,0.251546,1.85382,1.21809,NN_Adam
0,0,0,0,0,156.359,-145.176,109.684,2.39322,3.70711,3.35039,4.16299,6.22657,NN_Adam
0,0,0,0,0,46.2271,-525.458,74.1837,4.80009,5.91101,0.187171,1.79402,6.27677,NN_Adam
0,0,0,0,0,81.3668,-335.807,278.649,4.94984,1.06017,0.0590309,6.12157,2.87431,NN_Adam
0,0,0,0,0,-4.04611,-516.348,300.788,4.70451,0.248031,0.0492282,1.63072,0.165034,NN_Adam
0,0,0,0,0,-329.888,231.706,439.151,2.52918,0.687358,0.558595,0.631928,2.03274,NN_Adam
0,0,0,0,0,-105.198,442.951,24.8945,4.94551,3.21896,0.137912,1.73831,2.53861,NN_Adam
0,0,0,0,0,-165.847,420.016,233.753,1.94677,5.58971,1.21045,1.63282,0.486989,NN_Adam
0,0,0,0,0,-194.493,141.005,466.976,2.51415,0.808802,1.48484,6.0721,2.39757,NN_Adam
0,0,0,0,0,367.747,-78.3692,112.601,2.93154,2.31507,0.91639,2.15765,5.88884,NN_Adam
0,0,0,0,0,-156.756,-126.209,475.349,0.677865,1.14376,1.47657,1.50676,0.873547,NN_Adam
0,0,0,0,0,-437.203,-100.439,363.47,3.36726,0.146393,0.989946,0.768606,6.25163,NN_Adam
0,0,0,0,0,-113.698,410.481,433.604,1.84102,0.346202,0.747678,1.02843,5.36892,NN_Adam
0,0,0,0,0,-411.055,-193.861,46.0262,0.440636,3.09252,0.209045,1.82248,0.996245,NN_Adam
0,0,0,0,0,-118.32,-128.358,99.723,3.9676,1.07725,5.38345,5.80337,5.26321,NN_Adam
0,0,0,0,0,-401.715,-144.956,102.406,3.48777,5.3843,0.487296,2.62694,0.384745,NN_Adam
0,0,0,0,0,-144.199,-505.115,48.9857,4.43425,5.89413,0.159288,1.76156,0.291986,NN_Adam
0,0,0,0,0,243.261,-253.914,389.025,5.47623,1.45892,4.49813,2.54447,0.586595,NN_Adam
0,0,0,0,0,148.023,-75.3349,227.387,2.6706,3.43919,2.93346,4.07221,6.22657,NN_Adam
0,0,0,0,0,-16.7914,-408.053,389.42,4.67104,6.21637,0.52172,2.21142,0.165034,NN_Adam
0,0,0,0,0,82.5816,269.524,308.201,1.27306,0.687255,4.25827,4.01246,6.17791,NN_Adam
0,0,0,0,0,265.177,140.471,246.722,0.486904,5.17903,2.63084,0.538447,1.59582,NN_Adam
0,0,0,0,0,-255.846,287.982,336.863,2.29708,1.02074,0.0669477,0.194504,2.03274,NN_Adam
0,0,0,0,0,-142.271,-441.91,120.976,4.40064,6.13741,1.00674,0.20056,0.191397,NN_Adam
0,0,0,0,0,-300.93,224.088,160.558,2.50138,0.488982,0.508879,5.93839,6.07848,NN_Adam
0,0,0,0,0,-324.23,-32.7487,349.155,0.10059,1.7376,0.873396,2.18845,1.88987,NN_Adam
0,0,0,0,0,-166.49,-373.317,150.892,1.15117,2.46506,0.544211,2.23837,1.4549,NN_Adam
0,0,0,0,0,-378.396,326.502,51.3437,2.42951,5.79058,0.875028,0.847116,0.999488,NN_Adam
0,0,0,0,0,296.937,7.68535,192.544,0.0257683,4.63714,1.94186,2.10617,2.76285,NN_Adam
0,0,0,0,0,-63.5646,314.744,540.047,1.76988,0.722554,0.687182,0.96894,5.36892,NN_Adam
0,0,0,0,0,-312.143,12.8406,27.0444,6.24206,2.95484,6.03425,3.24604,3.84344,NN_Adam
0,0,0,0,0,188.005,-501.905,121.494,5.07074,6.07052,0.133669,1.73192,6.27677,NN_Adam
0,0,0,0,0,-401.909,-357.475,124.518,3.86849,6.11703,0.100352,1.69182,3.41488,NN_Adam
0,0,0,0,0,-129.208,252.978,144.602,2.04286,4.40285,1.89177,2.28089,0.486989,NN_Adam
0,0,0,0,0,-127.71,47.8598,153.201,2.78298,0.583026,0.847544,4.64454,0.914063,NN_Adam
0,0,0,0,0,-413.577,118.034,348.023,2.8634,6.12066,1.34004,0.877619,5.86949,NN_Adam
0,0,0,0,0,156.574,-114.368,149.554,2.51059,3.70575,3.04928,4.12977,6.22657,NN_Adam
0,0,0,0,0,-436.727,306.731,215.68,2.52919,0.0144536,0.100552,1.69179,0.999488,NN_Adam
0,0,0,0,0,27.1999,-210.236,377.557,1.69928,3.73862,4.82837,0.988673,1.34452,NN_Adam
0,0,0,0,0,-277.927,415.212,15.5482,2.1606,5.68399,0.789092,1.05468,1.75357,NN_Adam
0,0,0,0,0,-392.782,191.07,262.051,2.68864,6.22783,1.38925,0.201595,0.885108,NN_Adam
0,0,0,0,0,-445.606,-30.4136,318.332,3.20967,6.04583,0.50296,2.21944,0.322384,NN_Adam
0,0,0,0,0,-103.393,177.768,293.217,2.09746,0.476796,3.69381,4.75213,6.17791,NN_Adam
0,0,0,0,0,-333.144,335.087,262.115,2.35318,0.0248163,1.0254,0.49366,6.07848,NN_Adam
0,0,0,0,0,-332.23,371.165,250.551,2.30072,0.0203657,0.793459,0.766762,6.07848,NN_Adam
0,0,0,0,0,-36.3952,321.304,547.784,1.68348,0.75345,0.556367,1.11675,5.36892,NN_Adam
0,0,0,0,0,-310.859,440.799,152.334,2.18494,6.20226,0.0754246,1.66171,6.07848,NN_Adam
0,0,0,0,0,50.3218,268.594,364.709,1.38548,0.910383,4.40546,3.78773,6.17791,NN_Adam
0,0,0,0,0,-171.815,-252.342,242.681,0.972978,4.14386,4.88374,1.03968,0.721104,NN_Adam
0,0,0,0,0,122.903,-297.498,490.248,1.96239,2.64696,5.66389,1.93228,1.90659,NN_Adam
0,0,0,0,0,48.9048,-221.17,228.09,1.78832,4.37759,4.87171,0.530759,1.34452,NN_Adam
0,0,0,0,0,447.865,62.6623,312.889,0.138903,6.01634,0.577805,2.12411,2.89142,NN_Adam
0,0,0,0,0,248.073,-295.24,62.8356,2.26949,3.51413,0.616731,0.178949,4.79934,NN_Adam
0,0,0,0,0,-92.0654,476.809,200.087,1.76126,5.69966,0.901085,1.71192,0.486989,NN_Adam
0,0,0,0,0,-426.853,-94.2613,250.024,3.35858,0.347306,0.814208,0.0641724,0.458783,NN_Adam
0,0,0,0,0,-171.43,-65.1571,55.4222,3.50452,0.309578,6.25792,5.37602,0.954884,NN_Adam
0,0,0,0,0,-451.03,-235.9,212.687,3.62333,5.99264,0.361033,1.98147,0.384745,NN_Adam
0,0,0,0,0,-222.222,156.168,551.728,2.52888,0.806224,0.89155,0.692058,2.39757,NN_Adam
0,0,0,0,0,264.743,301.891,275.75,0.850878,5.6997,0.765164,2.44841,0.0620472,NN_Adam
0,0,0,0,0,-16.6274,306.392,466.372,1.62483,0.277506,1.56139,0.472157,0.374479,NN_Adam
0,0,0,0,0,-176.543,172.27,407.791,2.3683,1.19562,4.32941,3.62576,6.17791,NN_Adam
0,0,0,0,0,-1.51287,39.0563,118.802,4.75112,5.96259,2.12943,3.43635,0.353671,NN_Adam
0,0,0,0,0,346.059,-212.164,123.814,5.73315,5.28776,0.689047,2.62207,5.00623,NN_Adam
0,0,0,0,0,-463.129,-110.685,345.463,3.37606,0.173765,0.734677,0.96671,6.25163,NN_Adam
0,0,0,0,0,-215.853,262.542,451.169,2.2587,1.19374,0.119739,0.393115,2.03274,NN_Adam
0,0,0,0,0,-310.891,87.8348,474.909,2.86621,0.0161797,1.20249,1.50351,1.11345,NN_Adam
0,0,0,0,0,-211.717,131.216,483.908,2.58654,2.05352,4.97245,1.34909,5.93834,NN_Adam
0,0,0,0,0,280.743,159.978,170.038,0.51772,5.03462,2.61914,0.374514,1.59582,NN_Adam
0,0,0,0,0,116.824,-83.9092,339.232,2.51866,0.474271,1.92304,2.17674,6.01895,NN_Adam
0,0,0,0,0,-293.018,352.669,198.568,2.26393,0.0607985,0.992936,0.163834,6.07848,NN_Adam
0,0,0,0,0,-170.973,491.755,78.5272,1.90535,5.82655,0.264488,1.8813,5.31042,NN_Adam
0,0,0,0,0,-538.97,7.56732,144.384,3.12749,6.17449,0.085337,1.67379,1.99764,NN_Adam
0,0,0,0,0,-336.893,244.214,200.524,2.51397,6.25523,1.41975,6.10919,0.999488,NN_Adam
0,0,0,0,0,372.38,30.5307,90.3351,3.22328,2.43041,0.744455,2.31966,5.88884,NN_Adam
0,0,0,0,0,-109.074,82.3856,300.259,2.49455,1.52666,2.31651,4.41489,6.17791,NN_Adam
0,0,0,0,0,517.377,82.3269,190.393,0.157751,6.05658,0.266115,1.87266,2.89142,NN_Adam
0,0,0,0,0,-76.2401,-237.803,433.67,1.26051,1.46129,0.778945,2.34851,6.01895,NN_Adam
0,0,0,0,0,317.974,-158.144,52.3079,2.67977,3.84236,4.63479,3.01806,6.22657,NN_Adam
0,0,0,0,0,-451.351,143.788,396.104,2.83313,0.41729,0.0799894,1.66791,2.06914,NN_Adam
0,0,0,0,0,-80.9897,167.892,621.054,2.01974,1.0083,0.212093,1.80821,3.33779,NN_Adam
0,0,0,0,0,-354.777,-214.279,307.496,3.68481,6.1984,1.55807,0.278278,3.41488,NN_Adam
0,0,0,0,0,-457.166,267.031,222.173,2.6129,6.24347,0.156946,1.75945,0.885108,NN_Adam
0,0,0,0,0,-193.778,-416.239,325.104,4.27663,6.12765,0.447073,2.12804,1.21809,NN_Adam
0,0,0,0,0,-362.294,-374.479,272.522,3.94355,0.0971208,0.127117,1.72402,3.41488,NN_Adam
0,0,0,0,0,-197.253,327.987,209.822,2.11216,0.602067,0.504112,6.0138,6.07848,NN_Adam
0,0,0,0,0,-345.596,67.2853,252.139,2.949,5.68208,2.30618,0.140245,5.86949,NN_Adam
0,0,0,0,0,-153.631,336.803,467.697,1.99853,0.540628,0.920358,0.622658,5.36892,NN_Adam
0,0,0,0,0,-185.244,-240.663,47.4014,4.05632,0.232183,0.419375,5.68917,0.954884,NN_Adam
0,0,0,0,0,-479.245,53.0257,177.081,3.03133,5.99987,1.1715,0.537226,0.322384,NN_Adam
0,0,0,0,0,-137.918,-486.514,302.012,4.43589,0.0584894,0.213597,1.82639,0.191397,NN_Adam
0,0,0,0,0,116.147,-347.359,38.2673,1.89323,2.98499,1.51292,0.217922,1.63146,NN_Adam
0,0,0,0,0,265.377,137.341,174.788,0.477259,4.91522,2.77419,0.379162,1.59582,NN_Adam
0,0,0,0,0,255.564,148.155,98.0472,0.525264,4.75727,2.80186,0.186698,1.59582,NN_Adam
0,0,0,0,0,-195.972,46.7607,418.266,2.90721,0.879045,1.85842,5.58788,0.988303,NN_Adam
0,0,0,0,0,-157.316,-114.977,148.907,3.77264,5.09358,3.64788,5.67712,1.26648,NN_Adam
0,0,0,0,0,29.228,-250.677,414.912,1.68655,3.46831,5.03042,1.1931,1.34452,NN_Adam
0,0,0,0,0,238.672,385.49,238.711,1.01632,0.0889046,1.07489,0.193609,1.38371,NN_Adam
0,0,0,0,0,33.841,318.5,153.098,1.46478,1.53705,4.82762,0.663718,1.11678,NN_Adam
0,0,0,0,0,-188,114.458,551.423,2.59469,0.816176,1.18426,0.45835,5.36892,NN_Adam
0,0,0,0,0,308.33,-278.493,454.569,5.54833,0.356567,0.239687,1.92974,0.586595,NN_Adam
0,0,0,0,0,72.1845,527.236,74.8751,1.43468,5.99302,0.120991,1.71672,5.82413,NN_Adam
0,0,0,0,0,351.443,-228.577,267.428,2.56488,2.42056,1.05597,0.943517,2.71482,NN_Adam
0,0,0,0,0,-155.98,-119.911,354.269,3.79679,5.99689,2.84051,6.24371,1.26648,NN_Adam
0,0,0,0,0,182.558,-209.536,509.188,5.42898,0.34393,0.410131,2.38492,0.596705,NN_Adam
0,0,0,0,0,-323.954,275.451,264.674,2.43678,0.447509,0.755704,0.0133163,0.572269,NN_Adam
0,0,0,0,0,-53.4516,172.974,170.985,1.87033,0.707433,1.24607,4.70943,0.914063,NN_Adam
0,0,0,0,0,31.066,146.405,223.835,1.36168,4.77399,1.62563,3.14905,0.786399,NN_Adam
0,0,0,0,0,387.025,-353.878,243.489,5.54247,0.00800246,0.429473,1.30805,5.34562,NN_Adam
0,0,0,0,0,321.585,85.0187,73.3253,3.39981,2.931,1.79232,6.13842,0.917386,NN_Adam
0,0,0,0,0,-109.412,326.68,15.8929,1.89376,4.53723,1.45733,2.1382,0.164514,NN_Adam
0,0,0,0,0,525.884,-51.4606,86.7151,6.18559,5.92541,0.196751,1.80394,1.50097,NN_Adam
0,0,0,0,0,239.986,-183.179,346.595,2.48948,2.93566,0.525621,6.21862,2.38395,NN_Adam
0,0,0,0,0,-272.223,-309.436,230.817,0.849145,3.67027,5.15487,1.76469,0.721104,NN_Adam
0,0,0,0,0,-473.578,120.798,323.641,2.89178,0.0154569,0.296332,1.9159,2.06914,NN_Adam
0,0,0,0,0,298.257,163.333,40.0933,0.500923,4.89413,2.39253,0.24774,1.59582,NN_Adam
0,0,0,0,0,132.46,-429.306,246.099,5.01154,5.82141,0.49021,2.39807,2.3339,NN_Adam
0,0,0,0,0,-55.6214,-159.081,120.866,4.37608,1.20943,5.3824,5.75221,5.26321,NN_Adam
0,0,0,0,0,424.924,-12.8592,56.2518,3.11127,2.78408,0.525419,2.00003,5.88884,NN_Adam
0,0,0,0,0,-188.294,106.246,417.39,2.62784,2.39096,4.75027,1.00383,5.93834,NN_Adam
0,0,0,0,0,-121.066,428.546,207.607,1.84594,5.46711,1.25581,1.69357,0.486989,NN_Adam
0,0,0,0,0,-73.5145,-219.33,3.87624,1.24726,2.10761,2.44729,0.874641,0.324958,NN_Adam
0,0,0,0,0,2.83365,-140.17,270.465,1.59091,2.17703,4.46144,4.5934,2.27078,NN_Adam
0,0,0,0,0,-425.385,11.0969,363.074,3.11542,6.14458,0.539275,2.18514,2.06914,NN_Adam
0,0,0,0,0,-278.199,-316.77,192.168,0.850004,2.46058,0.471736,2.15837,1.4549,NN_Adam
0,0,0,0,0,-262.898,320.763,209.364,2.25732,0.174852,1.14377,6.08083,6.07848,NN_Adam
0,0,0,0,0,136.28,493.759,118.287,1.30128,5.90934,0.848406,0.939853,1.38371,NN_Adam
0,0,0,0,0,225.64,-121.857,172.266,2.64638,3.61618,3.7371,3.74459,6.22657,NN_Adam
0,0,0,0,0,-124.628,109.651,467.28,2.42,6.12813,1.51767,2.00169,3.33779,NN_Adam
0,0,0,0,0,-303.209,84.5454,378.499,2.86956,1.01404,4.51461,3.41043,6.17791,NN_Adam
0,0,0,0,0,-56.1641,-112.227,574.347,1.10665,1.22149,1.03897,1.49612,6.01895,NN_Adam
0,0,0,0,0,-71.945,-147.164,307.717,1.116,2.32426,4.31115,4.35539,2.27078,NN_Adam
0,0,0,0,0,-1.18068,-96.4382,85.2098,1.55816,5.96049,2.62791,2.95206,0.353671,NN_Adam
0,0,0,0,0,276.494,-367.505,178.691,5.35729,5.72058,0.348235,2.50236,0.00805729,NN_Adam
0,0,0,0,0,344.842,-125.67,1.88571,2.79189,3.49155,0.919004,0.130646,3.16442,NN_Adam
0,0,0,0,0,-368.41,1.05883,116.171,6.28028,2.91544,5.76782,3.1169,3.84344,NN_Adam
0,0,0,0,0,-6.26785,-147.145,367.787,1.52815,0.539246,1.89132,2.03421,6.01895,NN_Adam
0,0,0,0,0,347.301,379.138,184.685,0.82897,5.95336,0.338205,1.97125,5.4464,NN_Adam
0,0,0,0,0,-143.239,384.537,380.169,1.92723,6.22624,0.410905,2.33059,6.00367,NN_Adam
0,0,0,0,0,-104.355,-134.757,522.762,0.911755,1.16996,1.18414,1.67389,6.01895,NN_Adam
0,0,0,0,0,-242.324,285.339,267.089,2.27484,0.682018,0.644475,6.00406,6.07848,NN_Adam
0,0,0,0,0,-228.509,463.29,134.366,2.02882,5.86862,0.301097,1.98715,5.31042,NN_Adam
0,0,0,0,0,82.2639,370.015,427.064,1.35167,0.201268,1.30131,0.621851,0.374479,NN_Adam
0,0,0,0,0,272.302,-246.378,406.453,5.54767,1.35764,4.71357,2.46003,0.586595,NN_Adam
0,0,0,0,0,-67.7915,274.291,415.353,1.81307,0.99319,4.7194,3.47356,6.17791,NN_Adam
0,0,0,0,0,-335.5,-65.7723,451.906,0.193403,2.06488,0.307915,1.98887,1.88987,NN_Adam
0,0,0,0,0,-382.057,204.348,213.85,2.65018,6.08854,1.51536,0.0926487,0.999488,NN_Adam
0,0,0,0,0,90.3379,-239.636,573.559,5.0726,0.677938,0.325606,1.99951,5.13599,NN_Adam
0,0,0,0,0,282.121,49.7389,62.9685,0.174426,4.70072,2.81185,0.0792151,1.59582,NN_Adam
0,0,0,0,0,331.711,235.145,210.102,0.616528,5.27853,1.42026,1.85088,2.76285,NN_Adam
0,0,0,0,0,-209.742,375.394,288.157,2.08023,0.428365,0.806117,0.100716,0.572269,NN_Adam
0,0,0,0,0,-400.835,-82.3927,362.82,0.202679,2.36707,0.266666,1.8851,1.88987,NN_Adam
0,0,0,0,0,343.113,-223.78,285.22,2.56354,2.39095,1.10317,0.845769,2.71482,NN_Adam
0,0,0,0,0,-439.154,126.153,178.658,2.86163,5.76004,1.5295,0.541228,5.86949,NN_Adam
0,0,0,0,0,214.688,-270.051,505.89,5.38393,1.1195,5.41847,2.33647,0.586595,NN_Adam
0,0,0,0,0,342.78,235.322,75.924,3.74297,2.7161,0.445516,2.20449,4.3676,NN_Adam
0,0,0,0,0,-284.274,258.272,65.7754,2.40396,0.0150372,0.864359,5.93388,1.75357,NN_Adam
0,0,0,0,0,428.207,156.174,310.397,0.349633,6.06081,0.456582,2.20598,2.76285,NN_Adam
0,0,0,0,0,207.879,183.244,210.317,0.722205,5.15155,1.06106,3.01047,0.0620472,NN_Adam
0,0,0,0,0,-381.603,-232.089,158.777,3.6879,5.59026,0.447613,2.53643,0.384745,NN_Adam
0,0,0,0,0,290.41,315.062,192.256,0.826031,6.18979,5.55638,3.20643,5.4464,NN_Adam
0,0,0,0,0,-241.488,-306.439,255.649,0.903153,3.7271,5.08353,1.61929,0.721104,NN_Adam
0,0,0,0,0,-189.308,-116.856,375.992,0.552956,1.06093,2.08319,1.12085,1.88987,NN_Adam
0,0,0,0,0,-9.48546,411.08,464.383,1.59377,0.48328,0.593254,1.11468,1.23374,NN_Adam
0,0,0,0,0,469.115,97.0904,267.26,0.204029,6.05876,1.13447,0.883645,2.89142,NN_Adam
0,0,0,0,0,499.808,193.182,121.59,0.36878,6.06958,0.134995,1.73134,2.32665,NN_Adam
0,0,0,0,0,262.836,-401.306,85.7477,5.29222,5.71719,1.22172,0.632367,6.0557,NN_Adam
0,0,0,0,0,-301.76,432.99,59.1919,2.1796,5.92465,0.151032,1.75224,6.07848,NN_Adam
0,0,0,0,0,138.794,-135.376,231.542,2.36837,2.55044,4.49856,4.40061,2.27078,NN_Adam
0,0,0,0,0,101.427,-189.927,31.4734,2.06116,4.92178,3.53399,2.89228,2.21858,NN_Adam
0,0,0,0,0,392.465,-23.2696,199.572,3.08185,2.46185,1.47669,0.533574,2.71482,NN_Adam
0,0,0,0,0,330.176,-325.344,302.007,5.50517,0.203055,0.896599,0.486572,2.71482,NN_Adam
0,0,0,0,0,-99.5768,158.359,448.615,2.13207,2.45968,4.7758,1.06462,5.93834,NN_Adam
0,0,0,0,0,-272.599,-241.105,146.224,0.72406,4.20104,5.02758,1.24556,0.721104,NN_Adam
0,0,0,0,0,-102.729,-367.199,428.676,1.29755,2.34096,0.159339,1.78595,2.04068,NN_Adam
0,0,0,0,0,227.752,-439.832,258.94,5.18978,6.22456,0.88819,0.839394,2.87431,NN_Adam
0,0,0,0,0,-183.081,424.869,128.338,5.11895,2.90363,0.227061,1.84485,2.53861,NN_Adam
0,0,0,0,0,-415.554,-60.9454,303.281,3.28705,0.431319,0.897555,0.0587541,0.458783,NN_Adam
0,0,0,0,0,-336.786,-288.661,28.4984,3.84992,5.48667,1.47322,0.455395,1.08158,NN_Adam
0,0,0,0,0,-109.17,502.785,306.885,1.78456,0.26531,0.0455739,1.6257,0.486989,NN_Adam
0,0,0,0,0,-63.6083,447.302,371.554,1.7114,6.28123,0.473431,1.94787,0.486989,NN_Adam
0,0,0,0,0,263.014,196.003,192.814,0.640273,5.19649,0.971081,2.83667,0.0620472,NN_Adam
0,0,0,0,0,-275.212,-247.389,235.185,0.73202,3.90375,5.0682,1.34599,0.721104,NN_Adam
0,0,0,0,0,-480.024,-29.1294,224.363,3.20204,5.84817,0.512397,2.14607,0.322384,NN_Adam
0,0,0,0,0,-291.539,190.478,174.712,2.56266,0.331805,1.10659,5.61129,1.75357,NN_Adam
0,0,0,0,0,-3.71719,84.0269,39.1798,4.75668,5.80292,2.75489,3.13141,0.353671,NN_Adam
0,0,0,0,0,-16.1945,69.1916,138.981,1.80076,4.05557,1.40552,3.77488,1.6879,NN_Adam
0,0,0,0,0,17.6937,479.533,346.101,1.53362,0.17257,0.684159,1.04335,5.90084,NN_Adam
0,0,0,0,0,-405.419,-90.6993,137.477,3.36158,0.220731,0.737747,6.10879,0.721104,NN_Adam
0,0,0,0,0,76.1056,341.671,25.0958,1.35154,1.00709,4.71997,1.13794,1.11678,NN_Adam
0,0,0,0,0,-420.821,-46.8418,300.336,3.25238,0.414022,0.896822,0.0766628,0.458783,NN_Adam
0,0,0,0,0,113.085,-318.112,72.0801,1.91212,3.68156,0.568654,6.12894,4.79934,NN_Adam
0,0,0,0,0,253.228,339.287,303.275,0.929536,6.22878,1.47346,0.295103,5.73413,NN_Adam
0,0,0,0,0,-257.378,243.804,187.331,2.38311,0.580226,0.577774,5.81084,6.07848,NN_Adam
0,0,0,0,0,-101.376,481.508,157.348,1.7781,5.72827,0.488112,2.12062,5.31042,NN_Adam
0,0,0,0,0,459.106,-219.202,71.0486,5.83743,5.73872,0.263329,2.04508,5.00623,NN_Adam
0,0,0,0,0,407.394,-95.6172,287.048,6.05254,5.81203,0.662023,2.39429,2.70961,NN_Adam
0,0,0,0,0,77.0611,-310.383,484.982,1.81368,2.20005,6.16288,2.18124,1.90659,NN_Adam
0,0,0,0,0,-311.757,-255.948,154.024,3.82892,5.65238,1.97554,0.0726222,1.08158,NN_Adam
0,0,0,0,0,-130.184,-307.707,508.111,4.31194,0.385955,0.38197,2.0917,0.165034,NN_Adam
0,0,0,0,0,-283.96,384.562,85.1792,2.20645,5.73206,1.22573,0.59264,1.75357,NN_Adam
0,0,0,0,0,151.045,99.3827,23.9112,3.72344,5.23114,3.36849,2.81036,0.353671,NN_Adam
0,0,0,0,0,271.738,-158.173,257.814,2.61418,1.76378,2.06123,0.683558,1.09903,NN_Adam
0,0,0,0,0,167.5,190.794,37.3841,0.850014,4.46553,0.995596,3.08907,4.54565,NN_Adam
0,0,0,0,0,-334.801,55.7915,414.459,2.97631,0.0592399,0.256747,2.71717,2.06914,NN_Adam
0,0,0,0,0,-110.96,-447.762,284.232,4.46923,0.614057,0.221614,0.492053,0.191397,NN_Adam
0,0,0,0,0,-303.919,213.241,6.60363,2.52968,6.16045,0.774602,5.99348,1.75357,NN_Adam
0,0,0,0,0,42.2575,-324.146,481.205,1.7002,2.0879,0.203182,1.95307,1.90659,NN_Adam
0,0,0,0,0,-376.319,-146.101,312.128,3.51184,0.460705,0.978884,6.2402,0.458783,NN_Adam
0,0,0,0,0,-264.228,-450.296,61.0743,4.18172,5.83973,0.223672,1.83657,0.291986,NN_Adam
0,0,0,0,0,130.759,399.812,339.575,1.25461,6.25586,0.0455033,2.65706,2.53824,NN_Adam
0,0,0,0,0,73.8245,-80.6247,120.93,2.31225,4.114,2.13986,4.2327,6.22657,NN_Adam
0,0,0,0,0,224.707,286.409,70.6056,0.905454,4.88602,1.03008,2.5479,4.54565,NN_Adam
0,0,0,0,0,314.521,334.709,105.8,0.816271,6.19213,5.37002,2.98495,5.4464,NN_Adam
0,0,0,0,0,-433.316,55.091,126.806,3.01496,0.0168025,0.945618,6.23043,1.75357,NN_Adam
0,0,0,0,0,-66.7452,-213.967,477.823,1.26829,1.28013,1.35184,1.51506,6.01895,NN_Adam
0,0,0,0,0,-478.552,-60.0537,220.93,3.26633,5.84328,0.513575,2.13695,0.322384,NN_Adam
0,0,0,0,0,269.417,-398.748,387.002,5.30658,0.473701,0.0147084,1.58873,0.586595,NN_Adam
0,0,0,0,0,-290.95,71.2757,152.778,6.04287,2.53196,6.04674,3.42516,3.84344,NN_Adam
0,0,0,0,0,-469.593,135.453,181.182,2.86047,6.04568,1.08143,0.587271,4.41349,NN_Adam
0,0,0,0,0,99.1456,270.312,164.752,1.21904,0.0595544,2.36936,5.04942,4.84654,NN_Adam
0,0,0,0,0,237.739,351.978,300.865,0.976662,6.22244,1.47054,0.298964,5.73413,NN_Adam
0,0,0,0,0,119.232,-363.383,504.263,5.02939,0.569499,0.187415,1.79618,5.13599,NN_Adam
0,0,0,0,0,269.293,401.79,242.683,0.98003,6.1765,1.0511,0.638291,5.73413,NN_Adam
0,0,0,0,0,446.799,-238.662,138.854,5.79215,5.78467,0.406567,2.02975,5.00623,NN_Adam
0,0,0,0,0,210.802,-406.652,276.111,5.1904,6.16572,1.26897,0.52928,5.34562,NN_Adam
0,0,0,0,0,-36.9381,-466.972,373.321,4.6334,0.14463,0.27872,1.89884,0.165034,NN_Adam
0,0,0,0,0,-236.034,-486.089,115.396,4.26025,6.20139,0.0160416,1.59027,0.191397,NN_Adam
0,0,0,0,0,-33.0123,-274.214,438.568,1.45073,3.29797,5.06675,1.48662,1.34452,NN_Adam
0,0,0,0,0,-458.657,-95.2499,397.661,3.3463,0.338319,0.151756,1.7539,6.25163,NN_Adam
0,0,0,0,0,411.944,212.128,270.145,0.475359,5.80722,0.94994,1.75179,2.76285,NN_Adam
0,0,0,0,0,-192.35,-279.697,192.78,4.10979,5.74075,2.44334,5.94372,1.26648,NN_Adam
0,0,0,0,0,78.187,-121.767,397.762,2.1414,0.605199,1.79704,1.9739,6.01895,NN_Adam
0,0,0,0,0,-498.46,-64.4256,260.062,3.26988,6.20096,0.812163,1.00552,0.322384,NN_Adam
0,0,0,0,0,-368.446,-104.661,334.792,0.276603,2.06478,0.689854,1.95586,1.88987,NN_Adam
0,0,0,0,0,70.9345,-286.597,214.291,1.81326,1.49635,1.77078,1.77381,6.03257,NN_Adam
0,0,0,0,0,60.3703,-140.302,344.199,1.97705,0.520665,1.94993,2.07491,6.01895,NN_Adam
0,0,0,0,0,299.712,-5.30575,238.236,3.12379,2.27952,2.13142,6.09316,2.71482,NN_Adam
0,0,0,0,0,-159.051,52.0502,397.652,2.82512,1.05646,1.98012,5.30334,0.988303,NN_Adam
0,0,0,0,0,-185.275,-216.172,441.707,0.861935,1.9393,1.38735,0.450483,5.67876,NN_Adam
0,0,0,0,0,72.9323,-271.512,32.8267,1.83306,4.54346,3.96086,2.81277,2.21858,NN_Adam
0,0,0,0,0,33.0116,-245.627,62.2285,1.70434,1.9709,2.55728,0.634655,1.73232,NN_Adam
0,0,0,0,0,-457.117,213.05,53.029,2.70533,5.78618,0.833338,0.931745,1.75357,NN_Adam
0,0,0,0,0,72.1897,13.5022,230.003,0.184866,4.76772,4.06853,6.1466,0.955645,NN_Adam
0,0,0,0,0,422.451,244.562,272.363,0.524282,6.13445,0.994014,0.943924,5.73413,NN_Adam
0,0,0,0,0,224.712,-107.03,75.4858,2.69698,3.82949,3.81318,3.85649,6.22657,NN_Adam
0,0,0,0,0,-137.213,354.712,458.226,1.93979,0.47591,0.945729,0.66152,5.36892,NN_Adam
0,0,0,0,0,206.311,-210.774,99.0906,2.34528,3.81268,4.0925,3.49835,6.22657,NN_Adam
0,0,0,0,0,-475.973,-141.735,111.648,3.43086,6.11355,0.774073,0.559628,0.721104,NN_Adam
0,0,0,0,0,-3.45325,-398.933,216.199,4.7038,5.62675,0.478767,2.7866,2.3339,NN_Adam
0,0,0,0,0,-261.84,81.881,505.043,2.83828,0.783117,1.15245,0.233796,0.988303,NN_Adam
0,0,0,0,0,37.4197,107.802,116.922,1.23637,3.00333,4.17654,6.14963,1.68825,NN_Adam
0,0,0,0,0,-177.034,-357.749,455.133,4.25282,0.255446,0.3759,1.99486,0.165034,NN_Adam
0,0,0,0,0,-253.568,31.9686,319.271,3.01598,0.821874,1.55773,5.31491,0.988303,NN_Adam
0,0,0,0,0,-231.405,86.2036,473.118,2.78485,2.10064,4.91811,1.32183,5.93834,NN_Adam
0,0,0,0,0,268.987,-305.919,269.152,2.29197,3.42176,5.08159,2.22434,0.247987,NN_Adam
0,0,0,0,0,132.985,198.972,110.531,0.981274,4.56936,1.17552,3.13562,4.54565,NN_Adam
0,0,0,0,0,-263.705,143.497,81.4974,5.78473,2.74936,6.06258,3.38005,3.84344,NN_Adam
0,0,0,0,0,-89.2096,-176.221,265.939,4.24363,3.23116,3.19138,1.98327,0.341132,NN_Adam
0,0,0,0,0,-194.532,83.1072,24.0811,2.73779,3.91939,1.51773,2.82701,0.164514,NN_Adam
0,0,0,0,0,-312.947,111.317,77.9536,5.94119,2.86751,5.9339,3.2539,3.84344,NN_Adam
0,0,0,0,0,-273.047,310.803,58.2243,2.29141,0.161058,0.400348,6.27017,6.07848,NN_Adam
0,0,0,0,0,-174.234,-289.481,455.634,1.02875,2.0317,0.360375,1.95425,6.01895,NN_Adam
0,0,0,0,0,382.44,-356.243,277.925,5.53321,0.185767,0.0620529,1.64616,5.34562,NN_Adam
0,0,0,0,0,257.384,195.865,191.325,0.650394,5.17788,0.982016,2.85369,0.0620472,NN_Adam
0,0,0,0,0,-438.797,3.90407,362.765,3.13254,6.19179,0.500784,2.1047,2.06914,NN_Adam
0,0,0,0,0,-82.5492,-125.081,583.33,0.987259,1.40153,0.854972,1.48846,6.01895,NN_Adam
0,0,0,0,0,-5.72372,-205.62,157.996,4.68439,1.3942,5.46478,5.85585,5.26321,NN_Adam
0,0,0,0,0,-27.9135,298.598,151.545,1.66384,1.91208,3.76842,1.86981,1.68825,NN_Adam
0,0,0,0,0,401.116,-324.201,128.35,5.60339,5.84874,0.311606,1.98788,0.00805729,NN_Adam
0,0,0,0,0,-258.468,303.191,80.3424,2.2767,0.27236,0.3668,6.16235,6.07848,NN_Adam
0,0,0,0,0,-62.8856,440.836,238.659,1.71223,5.58058,1.16498,1.75795,0.486989,NN_Adam
0,0,0,0,0,182.642,-503.684,98.1292,5.06021,6.05849,0.105443,1.69794,6.27677,NN_Adam
0,0,0,0,0,-98.4116,86.0831,213.647,5.56443,3.25604,1.26528,4.83017,0.0907237,NN_Adam
0,0,0,0,0,7.15743,419.422,361.384,1.55353,0.852629,0.191735,0.438666,5.90084,NN_Adam
0,0,0,0,0,-9.01486,336.568,87.3027,1.5974,1.31101,4.68181,0.956748,1.11678,NN_Adam
0,0,0,0,0,-101.266,197.511,70.1515,2.04435,3.14006,2.9283,1.56177,1.68825,NN_Adam
0,0,0,0,0,32.999,-406.168,263.589,4.79332,5.76251,0.544611,2.61314,2.3339,NN_Adam
0,0,0,0,0,203.377,106.101,99.4893,3.62229,4.96859,3.55868,2.48241,0.353671,NN_Adam
0,0,0,0,0,329.295,-25.8884,128.845,3.06293,3.67714,4.36068,3.29375,6.22657,NN_Adam
0,0,0,0,0,428.883,-218.28,53.3711,5.81217,5.506,0.454871,2.16203,5.00623,NN_Adam
0,0,0,0,0,-6.02546,52.6616,44.483,4.82631,5.99653,2.56977,3.26079,0.353671,NN_Adam
0,0,0,0,0,501.525,-86.7647,286.445,6.11183,0.00811702,0.229704,1.84384,5.4841,NN_Adam
0,0,0,0,0,-186.715,-225.831,128.594,4.0213,5.49614,2.86202,5.65498,1.26648,NN_Adam
0,0,0,0,0,-199.799,66.7189,556.014,2.81897,1.93725,5.19177,1.5732,5.93834,NN_Adam
0,0,0,0,0,-432.872,22.2873,214.497,3.09006,5.72341,1.72589,0.522375,5.86949,NN_Adam
0,0,0,0,0,-284.466,133.189,551.043,2.70339,0.700392,0.644794,1.14202,2.39757,NN_Adam
0,0,0,0,0,-112.523,-11.5372,171.677,0.101985,5.67504,2.6067,2.75746,5.50527,NN_Adam
0,0,0,0,0,-370.12,336.785,236.26,2.40323,6.08619,0.935626,0.964206,6.07848,NN_Adam
0,0,0,0,0,-283.675,198.195,175.514,2.53163,0.332043,1.12639,5.59453,1.75357,NN_Adam
0,0,0,0,0,-228.995,278.767,228.326,2.25848,0.670291,0.579739,5.88542,6.07848,NN_Adam
0,0,0,0,0,-2.31473,215.204,61.7272,1.58091,2.39031,3.39377,1.44894,1.68825,NN_Adam
0,0,0,0,0,288.349,-345.604,38.3669,2.26589,3.17391,0.551001,1.12191,0.758087,NN_Adam
0,0,0,0,0,-253.92,-224.192,207.828,0.723227,4.13863,4.95821,1.15297,0.721104,NN_Adam
0,0,0,0,0,268.291,-361.958,124.704,5.35018,5.58374,0.300994,2.60862,0.00805729,NN_Adam
0,0,0,0,0,-331.28,-188.613,142.052,3.65904,5.46199,2.19487,0.0866251,1.26648,NN_Adam
0,0,0,0,0,-50.0273,-493.643,327.32,4.61134,0.105766,0.223765,1.82694,0.191397,NN_Adam
0,0,0,0,0,-119.713,251.554,207.911,2.01478,4.60376,2.01382,2.13783,0.486989,NN_Adam
0,0,0,0,0,-390.072,80.5104,77.0392,6.0795,3.05916,5.85669,2.83109,3.84344,NN_Adam
0,0,0,0,0,-94.5171,468.587,105.212,1.76965,5.59442,0.403076,2.30653,5.31042,NN_Adam
0,0,0,0,0,208.478,-8.33677,271.721,3.10149,3.3522,3.52749,3.7325,6.22657,NN_Adam
0,0,0,0,0,-473.152,-135.885,143.452,3.42091,5.85359,1.13773,0.73853,0.721104,NN_Adam
0,0,0,0,0,-339.961,62.8277,477.533,2.95867,0.102235,1.03676,1.51364,1.11345,NN_Adam
0,0,0,0,0,-189.864,42.0333,373.827,2.92366,0.848336,2.20927,5.26957,0.988303,NN_Adam
0,0,0,0,0,-209.212,289.039,278.532,2.19725,0.653631,0.869542,5.86517,6.07848,NN_Adam
0,0,0,0,0,261.551,-214.545,27.2894,2.4544,3.89969,4.5798,3.11444,6.22657,NN_Adam
0,0,0,0,0,207.086,-8.46833,51.9255,3.10058,5.24575,3.51402,2.44266,0.353671,NN_Adam
0,0,0,0,0,151.885,403.461,413.771,1.21056,0.151393,0.37187,1.98879,2.53824,NN_Adam
0,0,0,0,0,-410.074,34.9092,223.824,3.05657,5.6945,1.90038,0.408208,5.86949,NN_Adam
0,0,0,0,0,-499.269,3.49214,8.68341,3.13441,5.61742,0.31697,1.93522,1.99764,NN_Adam
0,0,0,0,0,21.4607,-153.329,506.054,1.70965,1.01715,1.46262,1.50688,6.01895,NN_Adam
0,0,0,0,0,241.158,189.869,257.783,0.66679,5.37459,1.05878,2.78186,0.0620472,NN_Adam
0,0,0,0,0,-504.474,23.9061,82.0555,3.09405,5.68744,0.386216,2.0119,1.99764,NN_Adam
0,0,0,0,0,-425.179,-327.011,204.885,3.79719,0.0333813,0.0667864,1.65182,3.41488,NN_Adam
0,0,0,0,0,-404.115,77.0882,14.0259,2.95301,5.59616,1.53785,0.04282,4.41349,NN_Adam
0,0,0,0,0,172.15,-197.268,213.16,2.28824,4.39037,3.81231,2.38483,0.247987,NN_Adam
0,0,0,0,0,154,-405.279,270.481,5.07539,5.83412,0.552385,2.41671,2.3339,NN_Adam
0,0,0,0,0,7.3203,320.527,281.806,1.54776,0.585397,4.39268,3.84562,6.17791,NN_Adam
0,0,0,0,0,-466.139,-241.986,23.172,3.62036,5.98999,0.0385336,1.61719,0.98026,NN_Adam
0,0,0,0,0,66.9511,315.367,125.005,1.36152,1.44526,4.79824,0.709684,1.11678,NN_Adam
0,0,0,0,0,-0.367739,-535.569,212.533,4.71161,0.0527407,0.063462,1.6474,5.80573,NN_Adam
0,0,0,0,0,-303.542,-105.46,433.722,0.334032,1.86172,1.21058,1.00564,1.88987,NN_Adam
0,0,0,0,0,-53.1197,-91.0481,644.907,4.18391,1.24786,0.170015,1.71091,3.33779,NN_Adam
0,0,0,0,0,-84.0181,-464.984,163.784,4.53351,5.95528,1.26926,0.43273,0.191397,NN_Adam
0,0,0,0,0,253.88,-259.062,144.204,2.34607,4.00131,4.46045,2.51611,0.247987,NN_Adam
0,0,0,0,0,56.5509,308.541,428.136,1.38937,0.891017,5.01912,3.24658,6.17791,NN_Adam
0,0,0,0,0,-286.827,-31.9907,142.892,0.11097,2.58438,5.95433,3.52562,3.84344,NN_Adam
0,0,0,0,0,-206.589,-328.517,225.288,1.00922,2.24781,0.530212,2.36327,1.4549,NN_Adam
0,0,0,0,0,43.2845,324.54,239.701,1.43811,0.0606139,2.10748,5.55501,4.84654,NN_Adam
0,0,0,0,0,-317.351,-23.8389,105.06,0.0748856,2.74073,5.97788,3.33965,3.84344,NN_Adam
0,0,0,0,0,514.895,-111.679,140.612,6.06955,5.96893,0.251172,1.86589,2.70961,NN_Adam
0,0,0,0,0,386.83,66.9568,274.3,0.171341,5.44615,1.56452,1.62111,2.76285,NN_Adam
0,0,0,0,0,-282.039,-10.8269,192.298,0.0382589,2.44343,5.90903,3.56194,3.84344,NN_Adam
0,0,0,0,0,-213.238,-181.177,208.768,0.70415,4.3693,4.80593,0.888746,0.721104,NN_Adam
0,0,0,0,0,229.115,-297.178,227.537,2.22745,3.75567,4.65353,2.32983,0.247987,NN_Adam
0,0,0,0,0,475.115,-4.0723,354.164,6.27421,0.0496384,0.398049,1.82749,2.89142,NN_Adam
0,0,0,0,0,378.201,-210.503,325.551,2.63339,2.55651,0.48927,1.28906,2.71482,NN_Adam
0,0,0,0,0,-136.769,-443.4,136.446,4.41302,6.15205,1.04219,0.196499,0.191397,NN_Adam
0,0,0,0,0,-292.22,-233.487,448.152,0.67408,2.41093,0.0768402,1.6647,1.88987,NN_Adam
0,0,0,0,0,-13.8754,-106.269,287.359,1.44089,2.76764,1.67022,4.79896,0.0907237,NN_Adam
0,0,0,0,0,204.353,336.729,4.15936,1.02511,0.755522,4.83172,1.42195,1.11678,NN_Adam
0,0,0,0,0,421.471,-113.207,268.83,6.02045,5.81157,0.613908,2.3489,2.70961,NN_Adam
0,0,0,0,0,-394.656,-101.601,303.691,3.39335,0.490428,0.887431,6.24935,0.458783,NN_Adam
0,0,0,0,0,35.0937,-504.573,272.785,4.78148,6.19355,0.291491,1.91161,5.80573,NN_Adam
0,0,0,0,0,190.796,-145.367,375.461,5.63186,2.04492,3.77613,2.79844,0.586595,NN_Adam
0,0,0,0,0,-173.143,8.57766,336.058,3.09196,1.10978,2.21771,4.87929,0.988303,NN_Adam
0,0,0,0,0,-373.447,-42.0206,89.7303,3.2535,0.20667,0.654103,5.91606,0.721104,NN_Adam
0,0,0,0,0,14.1396,221.51,127.229,1.50687,3.31284,3.30519,1.06136,1.68825,NN_Adam
0,0,0,0,0,-207.849,169.896,152.502,2.45602,0.489421,0.958662,5.22206,1.75357,NN_Adam
0,0,0,0,0,-143.407,434.574,317.406,1.8893,6.07403,0.504874,2.12205,0.486989,NN_Adam
0,0,0,0,0,-275.483,-121.63,363.392,0.415579,1.51929,1.65642,1.22675,1.88987,NN_Adam
0,0,0,0,0,-143.135,169.176,371.386,2.27286,0.928364,4.32609,4.05003,6.17791,NN_Adam
0,0,0,0,0,202.451,-295.716,300.738,2.17091,3.60146,4.71502,2.19202,0.247987,NN_Adam
0,0,0,0,0,52.9859,14.4961,26.7403,3.40855,5.94452,2.67552,3.24321,0.353671,NN_Adam
0,0,0,0,0,-190.232,106.21,212.888,2.63238,0.936257,2.6042,4.28341,6.17791,NN_Adam
0,0,0,0,0,-110.526,-51.4553,452.091,0.435616,0.63984,1.72931,1.76694,6.01895,NN_Adam
0,0,0,0,0,-75.6326,-56.6005,590.558,3.78379,0.689407,0.891442,1.82462,3.33779,NN_Adam
0,0,0,0,0,107.974,517.387,139.255,1.36504,6.03875,0.566761,1.18754,1.38371,NN_Adam
0,0,0,0,0,202.928,-484.406,107.4,5.10905,5.90021,0.252305,1.86724,6.27677,NN_Adam
0,0,0,0,0,-34.0883,86.0417,25.2729,5.08971,5.73345,2.86393,3.09831,0.353671,NN_Adam
0,0,0,0,0,67.2564,-123.835,245.611,2.06808,3.51466,2.85945,3.90448,6.22657,NN_Adam
0,0,0,0,0,174.22,110.646,192.719,0.565742,4.82789,1.33079,3.16656,0.786399,NN_Adam
0,0,0,0,0,288.877,264.497,97.599,0.741135,5.95312,5.32689,3.49934,5.4464,NN_Adam
0,0,0,0,0,244.034,-126.271,104.269,2.66398,3.805,3.92957,3.64423,6.22657,NN_Adam
0,0,0,0,0,-333.553,-365.459,256.771,3.97243,6.1625,0.936358,0.893778,3.41488,NN_Adam
0,0,0,0,0,-56.273,177.006,164.5,1.87847,0.655011,1.27314,4.7169,0.914063,NN_Adam
0,0,0,0,0,-73.5415,151.391,634.597,2.02295,1.19654,0.0852156,1.67401,3.33779,NN_Adam
0,0,0,0,0,468.819,-68.9983,82.6944,6.13696,5.47885,0.560864,2.18973,1.50097,NN_Adam
0,0,0,0,0,195.1,139.315,47.2781,3.76164,4.96105,3.70109,2.53086,0.353671,NN_Adam
0,0,0,0,0,126.998,-131.727,155.809,2.33784,3.81384,2.96343,4.02665,6.22657,NN_Adam
0,0,0,0,0,207.128,-305.595,495.962,5.30784,0.411269,0.328446,1.95238,5.13599,NN_Adam
0,0,0,0,0,-268.025,-257.657,13.7521,3.90709,0.0393621,0.484297,6.07231,0.954884,NN_Adam
0,0,0,0,0,-87.4197,-102.127,615.334,0.862785,1.65206,0.222648,1.82077,6.01895,NN_Adam
0,0,0,0,0,170.753,-4.59585,218.846,3.1146,3.47404,2.9463,4.07711,6.22657,NN_Adam
0,0,0,0,0,-232.791,439.847,170.024,2.0574,6.25974,0.744623,0.55792,6.07848,NN_Adam
0,0,0,0,0,-409.126,-75.8274,100.227,3.32479,0.0821129,0.801093,6.11668,0.721104,NN_Adam
0,0,0,0,0,-349.756,-6.12003,171.643,0.0173306,2.7139,5.78927,3.23547,3.84344,NN_Adam
0,0,0,0,0,5.61775,386.015,127.41,1.55606,0.516523,0.192172,6.13558,0.458874,NN_Adam
0,0,0,0,0,212.786,-401.896,396.022,5.19927,0.18927,0.286444,1.90819,0.586595,NN_Adam
0,0,0,0,0,-303.189,40.3443,553.643,3.00903,0.640561,0.270895,1.92208,0.390971,NN_Adam
0,0,0,0,0,-412.43,260.214,292.528,2.57865,0.038061,0.8506,0.842343,0.999488,NN_Adam
0,0,0,0,0,63.3392,-410.131,21.9904,1.72391,2.82826,0.602828,1.94606,1.72265,NN_Adam
0,0,0,0,0,-91.5467,-129.546,531.091,0.955545,1.14904,1.16717,1.67517,6.01895,NN_Adam
0,0,0,0,0,-201.242,327.048,131.008,2.12227,0.32135,0.647398,5.94073,6.07848,NN_Adam
0,0,0,0,0,252.413,-80.3242,203.909,2.83342,3.54638,3.82986,3.6284,6.22657,NN_Adam
0,0,0,0,0,288.399,415.637,295.171,0.964143,0.0202969,0.238428,1.84472,5.73413,NN_Adam
0,0,0,0,0,131.914,347.855,90.1787,1.20812,1.15598,4.83697,1.03313,1.11678,NN_Adam
0,0,0,0,0,517.967,-109.692,92.5335,6.07445,5.94227,0.191664,1.80021,1.50097,NN_Adam
0,0,0,0,0,400.816,-245.455,60.2079,5.73357,5.48587,0.405063,2.3177,5.00623,NN_Adam
0,0,0,0,0,-293.839,131.599,433.912,2.72048,0.628767,1.26633,6.27548,0.988303,NN_Adam
0,0,0,0,0,-246.846,461.122,184.926,2.06234,6.03365,0.271798,1.89163,5.31042,NN_Adam
0,0,0,0,0,328.915,95.398,16.1797,3.42362,3.03062,1.64957,0.0918443,0.917386,NN_Adam
0,0,0,0,0,-73.778,333.088,71.7451,4.93021,2.41788,0.712557,2.55146,2.53861,NN_Adam
0,0,0,0,0,-469.471,52.1522,85.6956,3.03083,6.08012,0.896413,0.312349,1.75357,NN_Adam
0,0,0,0,0,-243.688,-248.223,186.896,3.93614,5.72106,2.38454,5.99306,1.26648,NN_Adam
0,0,0,0,0,-163.43,-295.358,427.42,1.06525,2.69223,5.37962,2.54048,2.04068,NN_Adam
0,0,0,0,0,-257.045,167.292,152.486,2.56454,0.408639,0.984962,5.40741,1.75357,NN_Adam
0,0,0,0,0,372.893,-142.961,4.98425,2.77538,3.38214,0.829856,0.438429,3.16442,NN_Adam
0,0,0,0,0,-24.8042,250.398,229.648,1.66944,0.491323,2.79368,4.7017,4.84654,NN_Adam
0,0,0,0,0,-252.349,302.772,52.6891,2.26555,0.198912,0.354266,6.17812,6.07848,NN_Adam
0,0,0,0,0,-137.045,335.899,328.524,1.95808,0.20276,1.65722,6.0899,4.84654,NN_Adam
0,0,0,0,0,161.66,-473.238,196.837,5.04134,0.380767,0.122377,0.725907,1.80074,NN_Adam
0,0,0,0,0,-210.005,-337.437,405.84,4.15532,6.2378,0.587728,2.15202,1.21809,NN_Adam
0,0,0,0,0,255.476,-375.105,372.607,5.31012,0.0420648,0.376036,2.00784,0.586595,NN_Adam
0,0,0,0,0,147.614,-434.459,266.34,5.03965,5.91273,0.484404,2.28394,2.3339,NN_Adam
0,0,0,0,0,168.086,71.1865,73.26,3.54209,5.23584,3.25972,2.72068,0.353671,NN_Adam
0,0,0,0,0,-103.588,-205.825,236.189,4.24606,5.66571,3.2267,5.77686,1.26648,NN_Adam
0,0,0,0,0,-181.131,300.422,90.0256,2.11337,4.67731,1.52882,2.16881,0.164514,NN_Adam
0,0,0,0,0,12.9228,311.265,275.722,1.52908,0.564273,4.32372,3.92997,6.17791,NN_Adam
0,0,0,0,0,-304.128,-447.295,131.489,4.1152,6.22823,0.0200965,1.59511,0.291986,NN_Adam
0,0,0,0,0,-64.6731,214.101,482.896,1.86404,6.22316,1.30268,1.93336,3.33779,NN_Adam
0,0,0,0,0,-49.0391,-91.7901,627.199,4.22153,1.03488,0.334304,1.93413,3.33779,NN_Adam
0,0,0,0,0,325.696,-349.087,242.549,5.46289,0.457026,0.301038,0.505592,2.87431,NN_Adam
0,0,0,0,0,252.976,-278.62,7.89673,2.3078,3.61672,0.631333,0.220299,4.79934,NN_Adam
0,0,0,0,0,378.614,310.102,136.259,0.686122,0.00169428,5.53724,2.6937,5.4464,NN_Adam
0,0,0,0,0,-276.94,130.361,268.762,2.70154,0.859157,3.88896,3.80111,6.17791,NN_Adam
0,0,0,0,0,122.479,-318.624,314.226,5.07929,1.10592,0.124512,6.15253,2.87431,NN_Adam
0,0,0,0,0,20.2591,55.7033,18.5605,4.36347,5.90234,2.73938,3.22223,0.353671,NN_Adam
0,0,0,0,0,-350.005,36.7667,468.663,3.03676,0.0634429,0.998264,1.61013,1.11345,NN_Adam
0,0,0,0,0,312.81,91.3074,184.516,3.42527,3.47691,4.37697,3.35659,6.22657,NN_Adam
0,0,0,0,0,-272.451,-113.843,514.785,0.395552,2.02484,0.157921,1.95595,0.906681,NN_Adam
0,0,0,0,0,-14.9099,-122.475,199.855,1.44959,0.870409,3.48305,0.0762349,3.18951,NN_Adam
0,0,0,0,0,-60.1377,-499.233,64.5862,4.59236,5.85109,0.843673,0.823035,0.291986,NN_Adam
0,0,0,0,0,-192.598,27.3561,590.24,3.00023,0.745675,0.364228,2.08839,3.33779,NN_Adam
0,0,0,0,0,-429.362,184.915,322.747,2.73481,6.17562,1.04925,1.02135,5.86949,NN_Adam
0,0,0,0,0,-428.834,205.897,91.3791,2.69376,6.08614,0.889438,0.340679,1.75357,NN_Adam
0,0,0,0,0,-150.511,127.511,381.171,2.43876,2.56008,4.65887,0.821431,5.93834,NN_Adam
0,0,0,0,0,214.349,-364.293,340.47,5.24422,0.49487,0.805819,0.222922,5.34562,NN_Adam
0,0,0,0,0,103.738,197.99,274.697,1.08803,0.391,3.89301,4.64563,6.17791,NN_Adam
0,0,0,0,0,91.1244,-221.199,609.89,5.10315,1.07226,0.065287,1.65012,5.13599,NN_Adam
0,0,0,0,0,186.914,-279.614,207.898,5.3015,0.960451,6.23479,6.02233,2.87431,NN_Adam
0,0,0,0,0,-178.342,-25.1099,279.84,3.28136,1.18655,2.35114,4.50676,0.988303,NN_Adam
0,0,0,0,0,-419.374,-47.0422,277.31,3.25317,0.394962,0.900749,6.28234,0.458783,NN_Adam
0,0,0,0,0,-29.9441,-218.783,34.1956,1.43458,1.92845,2.62496,0.768746,0.324958,NN_Adam
0,0,0,0,0,-17.5377,310.177,218.812,1.62704,0.0250759,2.30255,5.38722,4.84654,NN_Adam
0,0,0,0,0,-121.504,238.452,559.504,2.04184,1.00898,0.625054,0.675603,5.36892,NN_Adam
0,0,0,0,0,121.06,-519.772,70.2443,4.94117,6.04372,0.0719726,1.65774,6.27677,NN_Adam
0,0,0,0,0,-321.905,137.496,287.299,2.73767,0.901502,4.23697,3.42428,6.17791,NN_Adam
0,0,0,0,0,-129.728,207.882,457.606,2.12865,2.1574,4.85657,1.27331,5.93834,NN_Adam
0,0,0,0,0,-160.433,385.208,107.544,5.1069,2.62519,0.477193,2.20088,2.53861,NN_Adam
0,0,0,0,0,-107.892,166.006,318.421,2.14697,0.726054,3.62599,4.61192,6.17791,NN_Adam
0,0,0,0,0,-26.2561,101.258,313.375,1.82435,3.07268,4.70891,0.169056,5.93834,NN_Adam
0,0,0,0,0,-417.146,167.365,395.794,2.75984,0.150863,0.323717,1.94803,2.06914,NN_Adam
0,0,0,0,0,6.11103,21.809,148.905,1.29788,4.67593,1.53123,3.91237,1.6879,NN_Adam
0,0,0,0,0,-484.178,152.177,209.244,2.83702,5.96895,0.378516,1.99195,5.86949,NN_Adam
0,0,0,0,0,337.763,58.1996,85.0419,3.312,2.94386,1.69117,6.16477,0.917386,NN_Adam
0,0,0,0,0,-64.1527,163.983,572.264,1.9435,0.48911,1.05903,1.57871,3.33779,NN_Adam
0,0,0,0,0,-346.126,163.667,212.394,2.69976,5.73794,2.11479,0.0497051,5.86949,NN_Adam
0,0,0,0,0,375.285,295.834,262.95,0.667346,6.14058,1.11968,0.713655,5.73413,NN_Adam
0,0,0,0,0,245.285,-429.905,91.1623,5.23048,5.62804,0.445205,2.09259,6.0557,NN_Adam
0,0,0,0,0,-110.331,-231.911,243.21,4.26825,5.80218,3.01781,5.74938,1.26648,NN_Adam
0,0,0,0,0,-100.1,-128.456,482.806,0.908703,0.963654,1.53616,1.5839,6.01895,NN_Adam
0,0,0,0,0,226.702,-232.969,109.831,2.34243,4.31226,4.17793,2.51912,0.247987,NN_Adam
0,0,0,0,0,170.726,-349.458,292.614,5.16667,0.879202,0.222233,0.0212683,2.87431,NN_Adam
0,0,0,0,0,-388.254,-351.092,184.238,3.87659,6.14001,0.625612,1.07256,3.41488,NN_Adam
0,0,0,0,0,-154.671,207.54,474.224,2.21109,2.04089,4.91678,1.39842,5.93834,NN_Adam
0,0,0,0,0,-130.9,243.075,129.541,2.06468,4.3169,1.87609,2.34657,0.486989,NN_Adam
0,0,0,0,0,-157.232,-31.4162,196.928,3.33888,5.16566,3.76149,5.82092,1.26648,NN_Adam
0,0,0,0,0,291.144,-262.91,441.939,5.5486,1.18541,5.18194,2.18526,0.586595,NN_Adam
0,0,0,0,0,443.319,-227.245,24.6854,5.80953,5.60566,0.347194,1.98725,5.00623,NN_Adam
0,0,0,0,0,305.08,-272.515,356.942,5.5539,0.421599,1.01866,0.188097,5.34562,NN_Adam
0,0,0,0,0,-305.522,-13.4164,249.665,0.0436752,1.69018,1.09304,2.39894,1.88987,NN_Adam
0,0,0,0,0,-123.854,-468.689,263.015,4.4539,6.01759,0.409123,2.11123,0.191397,NN_Adam
0,0,0,0,0,293.569,84.1744,113.043,3.42072,3.6182,4.2828,3.56037,6.22657,NN_Adam
0,0,0,0,0,-129.604,490.051,222.35,1.82916,6.00753,0.365564,1.98583,0.458874,NN_Adam
0,0,0,0,0,-326.799,-279.06,38.1906,0.706793,2.897,0.418032,1.99869,0.996245,NN_Adam
0,0,0,0,0,233.55,-358.562,382.052,5.2896,6.26526,0.428725,2.16699,5.13599,NN_Adam
0,0,0,0,0,-133.504,-266.218,524.761,4.2473,0.409909,0.435599,2.14328,0.165034,NN_Adam
0,0,0,0,0,76.8033,-516.912,111.377,4.85984,5.87692,0.278711,1.89635,6.27677,NN_Adam
0,0,0,0,0,-322.067,-26.5551,45.0328,0.0821345,2.88661,6.08331,3.19481,3.84344,NN_Adam
0,0,0,0,0,-411.737,116.166,249.92,2.86647,5.87487,1.69478,0.445503,5.86949,NN_Adam
0,0,0,0,0,-144.542,126.552,121.981,2.42235,3.98357,1.75539,2.94446,0.164514,NN_Adam
0,0,0,0,0,-73.6107,-153.833,466.806,1.12437,0.947059,1.56443,1.64611,6.01895,NN_Adam
0,0,0,0,0,-126.568,293.37,409.92,1.97796,1.44601,6.02573,0.307499,1.23374,NN_Adam
0,0,0,0,0,-211.751,348.534,20.7658,2.11656,5.51009,1.66618,0.0751435,1.75357,NN_Adam
0,0,0,0,0,277.777,307.722,329.016,0.836351,5.93932,0.690203,2.27208,0.0620472,NN_Adam
0,0,0,0,0,312.498,-49.3508,120.035,2.98478,3.70984,4.2596,3.39104,6.22657,NN_Adam
0,0,0,0,0,-118.963,-199.914,391.057,1.03386,1.10432,1.63795,1.72231,0.873547,NN_Adam
0,0,0,0,0,-55.8615,247.519,109.519,1.79262,4.21648,1.75323,2.586,0.164514,NN_Adam
0,0,0,0,0,158.544,34.5415,70.5782,3.35595,5.6072,3.16719,2.50577,0.353671,NN_Adam
0,0,0,0,0,499.817,-92.9146,33.9306,6.09934,5.69308,0.300095,1.91497,1.50097,NN_Adam
0,0,0,0,0,-43.6439,-363.386,418.302,4.59259,6.23878,0.588186,2.30531,0.415395,NN_Adam
0,0,0,0,0,162.689,-289.585,209.764,5.22412,0.975715,6.23359,6.00421,2.87431,NN_Adam
0,0,0,0,0,390.742,-254.758,26.746,5.70536,5.41157,0.446686,2.24651,5.00623,NN_Adam
0,0,0,0,0,317.535,159.989,15.147,0.466327,4.93734,2.21368,0.307114,1.59582,NN_Adam
0,0,0,0,0,-20.8919,341.541,499.06,1.63165,0.409509,1.04452,0.917823,0.374479,NN_Adam
0,0,0,0,0,144.675,-89.8501,57.3952,2.5857,3.93605,2.85004,4.41317,6.22657,NN_Adam
0,0,0,0,0,57.2859,-119.947,344.147,2.01618,0.407475,1.93605,2.18795,6.01895,NN_Adam
0,0,0,0,0,-151.838,487.52,275.391,1.87267,6.25211,0.244475,1.85899,0.486989,NN_Adam
0,0,0,0,0,465.551,165.542,223.198,0.341621,6.05468,1.03852,0.822361,2.89142,NN_Adam
0,0,0,0,0,155.079,257.597,199.819,1.0287,0.0492351,2.35301,5.23946,4.84654,NN_Adam
0,0,0,0,0,-306.776,-235.505,128.192,3.79612,5.56931,2.09886,6.2366,1.08158,NN_Adam
0,0,0,0,0,221.901,444.393,190.574,1.10741,6.24001,0.822547,0.583918,1.38371,NN_Adam
0,0,0,0,0,-424.358,-133.172,5.85769,0.304038,3.18022,0.205029,1.8181,0.996245,NN_Adam
0,0,0,0,0,-317.306,87.927,324.335,2.87064,0.910278,4.32724,3.52631,6.17791,NN_Adam
0,0,0,0,0,-84.3849,-159.678,7.60604,4.22615,0.711074,5.22535,6.16797,5.26321,NN_Adam
0,0,0,0,0,-298.13,-77.9459,499.795,0.255403,2.00277,0.285871,1.89128,1.88987,NN_Adam
0,0,0,0,0,-118.074,44.3249,611.265,2.78228,0.831134,0.618731,1.81883,3.33779,NN_Adam
0,0,0,0,0,-164.305,-336.859,282.39,1.11685,2.13264,0.486985,2.38651,1.4549,NN_Adam
0,0,0,0,0,0.703968,-402.815,13.2819,1.57249,2.81274,0.591635,2.06056,1.72265,NN_Adam
0,0,0,0,0,30.6916,307.273,314.218,1.47119,0.661443,4.48162,3.81825,6.17791,NN_Adam
0,0,0,0,0,-176.194,-488.799,249.779,4.36646,6.23135,0.215671,1.82772,1.21809,NN_Adam
0,0,0,0,0,-437.735,42.1795,82.3214,3.04541,6.20798,0.871912,0.0150124,1.75357,NN_Adam
0,0,0,0,0,-11.3404,286.236,107.131,1.61021,4.36449,1.73148,2.40409,0.164514,NN_Adam
0,0,0,0,0,-129.558,308.303,523.971,1.96846,0.833658,0.572199,0.799952,5.36892,NN_Adam
0,0,0,0,0,-16.0867,470.334,180.557,1.60473,0.322748,0.408144,0.332549,0.458874,NN_Adam
0,0,0,0,0,411.253,44.3115,243.941,3.24868,3.2511,5.19249,2.54428,5.89801,NN_Adam
0,0,0,0,0,-242.202,-169.56,482.265,0.610599,1.86694,0.343951,2.13048,0.906681,NN_Adam
0,0,0,0,0,-5.84472,-273.302,458.377,1.54938,3.17093,5.26981,1.34396,1.90659,NN_Adam
0,0,0,0,0,-237.166,-103.786,403.079,0.412367,1.45524,1.86762,0.768965,1.88987,NN_Adam
0,0,0,0,0,17.7711,-282.743,522.719,1.63351,1.94122,0.271837,1.89688,1.90659,NN_Adam
0,0,0,0,0,4.75623,-461.042,178.332,4.72267,5.74622,0.29401,2.53138,2.3339,NN_Adam
0,0,0,0,0,87.288,245.264,257.637,1.22867,0.497684,3.77461,4.40006,6.17791,NN_Adam
0,0,0,0,0,-99.2608,209.464,23.0033,2.01271,3.49855,2.69991,1.38332,1.68825,NN_Adam
0,0,0,0,0,-390.998,-121.618,236.119,3.4431,0.427453,0.812707,6.1208,0.458783,NN_Adam
0,0,0,0,0,360.516,-298.879,403.98,5.59095,0.414655,0.0974612,1.68946,2.71482,NN_Adam
0,0,0,0,0,77.8413,-439.509,295.57,1.74569,2.64864,0.156577,1.76419,1.34452,NN_Adam
0,0,0,0,0,285.444,15.7545,93.0298,3.19633,3.76335,4.08323,3.61899,6.22657,NN_Adam
0,0,0,0,0,-380.235,-291.45,114.512,3.79536,5.79997,1.24149,0.563598,0.98026,NN_Adam
0,0,0,0,0,51.7193,30.4853,130.539,0.532706,4.08864,1.29658,3.88507,1.6879,NN_Adam
0,0,0,0,0,169.714,-318.192,35.6906,2.06071,3.63904,0.635678,0.0361235,4.79934,NN_Adam
0,0,0,0,0,258.559,-313.668,137.65,2.26011,3.3861,0.446327,0.326702,4.79934,NN_Adam
0,0,0,0,0,-174.049,113.215,555.812,2.56477,0.81758,1.21763,0.470819,5.36892,NN_Adam
0,0,0,0,0,456.822,-252.436,9.25855,5.77831,5.97897,0.0243561,1.60041,5.00623,NN_Adam
0,0,0,0,0,-98.994,429.855,129.216,1.79697,5.64657,0.122454,2.78781,5.31042,NN_Adam
0,0,0,0,0,415.651,-197.696,308.171,5.83906,6.04576,0.516167,2.12161,2.70961,NN_Adam
0,0,0,0,0,-19.7517,-443.124,282.936,4.66776,0.418842,0.714621,0.207981,0.191397,NN_Adam
0,0,0,0,0,70.6384,-482.675,90.9688,4.85715,5.57783,0.4915,2.12701,6.27677,NN_Adam
0,0,0,0,0,-191.997,331.306,134.746,2.09581,0.32575,0.666385,5.92713,6.07848,NN_Adam
0,0,0,0,0,-170.888,130.621,13.8261,2.4889,3.94871,1.46926,2.81929,0.164514,NN_Adam
0,0,0,0,0,-352.828,297.993,275.628,2.44018,6.21852,1.19723,0.51353,0.999488,NN_Adam
0,0,0,0,0,207.685,-28.4086,46.845,3.00556,5.22694,3.53881,2.45144,0.353671,NN_Adam
0,0,0,0,0,-535.51,3.418,152.56,3.13516,6.11345,0.149948,1.7497,1.99764,NN_Adam
0,0,0,0,0,163.436,363.991,17.554,1.14871,0.785627,4.87929,1.35669,1.11678,NN_Adam
0,0,0,0,0,472.477,189.173,216.146,0.380664,6.07774,0.854465,1.00982,2.89142,NN_Adam
0,0,0,0,0,-29.1355,74.5247,302.216,1.94346,3.21569,4.7377,0.0492468,5.93834,NN_Adam
0,0,0,0,0,322.676,-420.845,181.223,5.36646,6.10677,0.203651,1.81217,6.0557,NN_Adam
0,0,0,0,0,-314.804,314.799,404.573,2.35618,0.178616,0.318348,1.93948,0.572269,NN_Adam
0,0,0,0,0,265.206,380.164,226.308,0.961603,0.0300838,1.05657,0.275665,1.38371,NN_Adam
0,0,0,0,0,383.209,217.222,225.396,0.515556,5.52867,1.10128,1.91477,2.76285,NN_Adam
0,0,0,0,0,-83.8328,95.6004,83.0066,2.29063,6.26946,1.21017,4.55509,0.914063,NN_Adam
0,0,0,0,0,392.905,-297.686,337.932,5.63478,0.141653,0.209538,1.81821,2.71482,NN_Adam
0,0,0,0,0,-213.926,152.993,546.532,2.52062,0.792088,0.995056,0.591992,2.39757,NN_Adam
0,0,0,0,0,353.027,-140.499,80.7726,2.76267,3.42045,0.768336,0.0799691,3.16442,NN_Adam
0,0,0,0,0,248.243,382.456,345.494,0.994846,0.0484044,1.03904,0.817475,5.73413,NN_Adam
0,0,0,0,0,295.775,195.471,231.274,0.583961,5.32208,2.30432,0.60325,1.59582,NN_Adam
0,0,0,0,0,126.989,257.167,235.072,1.11204,0.165289,2.44664,5.21606,4.84654,NN_Adam
0,0,0,0,0,-40.5873,-294.556,59.1632,1.43373,2.17444,1.17534,2.40131,1.72265,NN_Adam
0,0,0,0,0,-348.38,174.838,500.482,2.67641,0.593344,0.154593,1.75721,2.39757,NN_Adam
0,0,0,0,0,-363.618,-133.64,265.905,3.49379,0.584685,0.754266,6.04724,0.458783,NN_Adam
0,0,0,0,0,300.99,-20.2465,243.406,3.07447,2.27136,2.10511,6.11297,2.71482,NN_Adam
0,0,0,0,0,-25.4117,59.6884,159.741,1.97339,4.21093,1.53886,3.71988,1.6879,NN_Adam
0,0,0,0,0,-502.074,142.616,134.823,2.8646,6.03662,0.668276,1.01194,4.41349,NN_Adam
0,0,0,0,0,-338.185,47.8046,398.241,3.00106,6.27848,0.271977,2.76621,2.06914,NN_Adam
0,0,0,0,0,-51.4989,206.578,518.582,1.81499,0.141435,1.22634,1.77729,3.33779,NN_Adam
0,0,0,0,0,103.095,-18.25,0.46445,6.10784,2.59673,3.52828,0.490469,4.42808,NN_Adam
0,0,0,0,0,-185.7,413.597,378.45,1.99211,0.0766657,0.345331,2.00275,6.00367,NN_Adam
0,0,0,0,0,363.754,96.5839,198.713,0.25942,5.05879,1.72395,1.72816,2.76285,NN_Adam
0,0,0,0,0,-268.773,73.6829,455.033,2.87395,0.715901,1.39224,6.17409,0.988303,NN_Adam
0,0,0,0,0,429.341,62.5713,200.003,0.144361,5.37431,1.47676,1.49308,2.76285,NN_Adam
0,0,0,0,0,-268.497,-197.425,435.843,0.633825,2.08251,1.04786,0.806724,1.46502,NN_Adam
0,0,0,0,0,500.714,-62.1012,217.337,6.15974,5.97084,0.395186,2.00093,2.70961,NN_Adam
0,0,0,0,0,-58.6891,8.74614,365.433,6.13542,2.22701,1.77273,4.99554,0.0907237,NN_Adam
0,0,0,0,0,405.49,342.039,173.214,0.700618,6.08699,0.206356,1.81653,5.4464,NN_Adam
0,0,0,0,0,-438.806,-31.0866,365.439,3.21215,6.22167,0.454491,2.1218,2.06914,NN_Adam
0,0,0,0,0,-87.2259,262.756,500.717,1.89115,1.138,0.606486,0.202727,5.36892,NN_Adam
0,0,0,0,0,-476.528,-183.252,122.725,3.50866,5.78662,0.375034,2.00047,0.384745,NN_Adam
0,0,0,0,0,-341.963,-335.293,125.426,3.91706,5.77833,1.27774,0.608517,1.08158,NN_Adam
0,0,0,0,0,-379.871,61.1011,145.313,2.98202,0.3452,0.681429,5.93188,1.75357,NN_Adam
0,0,0,0,0,-347.447,363.491,288.491,2.33356,0.0451853,0.662418,1.07938,0.572269,NN_Adam
0,0,0,0,0,-266.907,-459.408,162.867,4.18601,6.07129,0.201748,1.81199,0.191397,NN_Adam
0,0,0,0,0,11.9536,-8.86884,330.773,2.50302,2.30811,1.22016,4.90968,0.0907237,NN_Adam
0,0,0,0,0,-238.795,-44.9334,136.764,3.3275,1.72058,3.12287,2.87373,3.28783,NN_Adam
0,0,0,0,0,-102.988,-227.067,555.475,1.14492,1.90487,0.22639,1.83482,6.01895,NN_Adam
0,0,0,0,0,-409.974,335.262,87.2188,2.45606,5.94251,0.183202,1.78882,0.999488,NN_Adam
0,0,0,0,0,-225.64,-386.064,18.9423,4.1834,5.47846,1.41635,0.512449,0.291986,NN_Adam
0,0,0,0,0,-255.32,41.3512,397.729,2.98085,0.75282,1.63609,5.70861,0.988303,NN_Adam
0,0,0,0,0,-490.474,113.436,283.997,2.91427,6.22399,0.286633,1.90449,2.06914,NN_Adam
0,0,0,0,0,378.521,315,54.1537,0.693984,5.74617,6.28236,2.36648,5.4464,NN_Adam
0,0,0,0,0,-218.784,434.397,39.8957,2.03724,0.283564,5.19594,2.12644,5.31042,NN_Adam
0,0,0,0,0,-76.3588,-145.549,513.296,1.08751,1.09758,1.40178,1.46751,6.01895,NN_Adam
0,0,0,0,0,-200.842,66.6574,445.723,2.82098,0.864989,1.68553,5.80991,0.988303,NN_Adam
0,0,0,0,0,286.638,212.169,225.644,0.637042,5.30865,2.30011,0.60147,1.59582,NN_Adam
0,0,0,0,0,229.449,-292.236,42.9907,2.23632,3.61298,0.589213,0.112517,4.79934,NN_Adam
0,0,0,0,0,-200.654,133.679,159.794,2.55372,0.601738,0.829041,5.13904,1.75357,NN_Adam
0,0,0,0,0,-49.2199,-277.044,457.901,1.39487,3.16377,5.14447,1.59455,1.34452,NN_Adam
0,0,0,0,0,296.417,331.615,46.2533,3.98281,2.99274,0.293068,1.92568,4.3676,NN_Adam
0,0,0,0,0,-151.483,328.997,480.879,2.00208,0.523427,0.935574,0.708763,5.36892,NN_Adam
0,0,0,0,0,-300.088,198.155,481.084,2.55789,0.784043,0.643071,0.575448,2.03274,NN_Adam
0,0,0,0,0,75.5713,398.204,419.643,1.38316,0.192793,1.12414,0.796224,0.374479,NN_Adam
0,0,0,0,0,126.487,427.026,161.378,1.28269,6.03242,1.39142,0.102361,1.38371,NN_Adam
0,0,0,0,0,-87.4945,-298.672,160.472,1.28566,1.71652,1.71095,1.77212,6.03257,NN_Adam
0,0,0,0,0,50.3855,415.673,62.2923,1.45,0.870438,4.92278,1.36329,1.11678,NN_Adam
0,0,0,0,0,24.4762,415.692,149.45,1.51185,0.479834,0.264915,6.27832,0.458874,NN_Adam
0,0,0,0,0,-131.185,358.22,402.496,1.92155,1.13826,6.20385,0.497474,1.23374,NN_Adam
0,0,0,0,0,27.777,-276.146,342.425,1.67075,3.77799,4.95534,1.07716,1.34452,NN_Adam
0,0,0,0,0,64.8708,-278.62,476.616,1.79926,3.01976,5.39299,1.45735,1.90659,NN_Adam
0,0,0,0,0,-117.832,65.6028,557.347,2.63354,0.401239,1.22882,1.66218,3.33779,NN_Adam
0,0,0,0,0,49.2498,155.404,281.679,1.26368,5.09152,1.7016,2.84068,1.14695,NN_Adam
0,0,0,0,0,-202.684,348.189,48.658,2.09782,5.53137,1.79142,0.00681998,1.75357,NN_Adam
0,0,0,0,0,220.069,-434.499,300.317,5.18129,0.0055167,0.862421,0.932078,5.34562,NN_Adam
0,0,0,0,0,156.73,214.004,247.957,0.9386,0.333112,2.56416,5.03746,4.84654,NN_Adam
0,0,0,0,0,81.1421,-13.6714,70.8053,2.97461,6.18371,2.57783,2.95612,0.353671,NN_Adam
0,0,0,0,0,120.773,-344.604,315.686,5.04938,0.996639,0.204093,6.23969,2.87431,NN_Adam
0,0,0,0,0,260.995,159.729,234.748,0.54909,5.15579,2.62442,0.515971,1.59582,NN_Adam
0,0,0,0,0,185.894,-320.199,282.618,2.09662,3.60163,4.75065,2.23659,0.247987,NN_Adam
0,0,0,0,0,-88.8503,144.124,272.942,2.12302,0.202452,3.97391,5.00015,6.17791,NN_Adam
0,0,0,0,0,156.615,262.126,90.3113,1.03213,4.73514,1.08019,2.85881,4.54565,NN_Adam
0,0,0,0,0,164.21,164.599,41.282,0.786478,4.4168,0.975083,3.20745,4.54565,NN_Adam
0,0,0,0,0,-397.084,-235.646,198.865,3.67698,5.67528,0.610621,2.26649,0.384745,NN_Adam
0,0,0,0,0,185.166,199.381,80.0634,0.822063,4.61573,1.06305,3.0283,4.54565,NN_Adam
0,0,0,0,0,42.2047,-372.821,175.848,4.82501,5.44998,0.501693,2.94098,2.3339,NN_Adam
0,0,0,0,0,350.245,277.666,176.863,3.81189,2.74507,0.848622,0.984597,4.04251,NN_Adam
0,0,0,0,0,164.594,-12.5176,85.7434,6.20712,2.87659,3.78253,0.424017,4.42808,NN_Adam
0,0,0,0,0,48.1688,-162.366,407.187,1.85898,3.62743,4.77483,0.998023,1.34452,NN_Adam
0,0,0,0,0,102.213,462.318,215.193,1.35308,6.27432,1.01225,0.362183,1.38371,NN_Adam
0,0,0,0,0,-50.8783,11.8069,578.717,2.91361,0.694439,0.945654,1.92929,3.33779,NN_Adam
0,0,0,0,0,-389.983,-134.402,480.918,3.47343,0.602776,0.0977606,1.68944,6.25163,NN_Adam
0,0,0,0,0,-429.592,91.6127,54.4979,2.93142,5.73445,1.40406,0.165489,4.41349,NN_Adam
0,0,0,0,0,107.074,-141.854,50.4409,5.35892,0.927667,5.21329,6.03921,5.26321,NN_Adam
0,0,0,0,0,-266.686,-340.112,5.65293,0.905762,3.05357,0.331478,1.92532,6.08012,NN_Adam
0,0,0,0,0,-290.801,417.479,151.967,2.17908,6.17011,0.716479,0.715017,6.07848,NN_Adam
0,0,0,0,0,36.6162,-178.452,67.3039,4.9147,1.00732,5.24378,5.99455,5.26321,NN_Adam
0,0,0,0,0,-404.839,-305.104,328.737,3.78736,0.321427,0.0368504,1.61552,3.41488,NN_Adam
0,0,0,0,0,47.8903,-321.408,386.594,1.7186,3.42581,5.13435,1.45762,1.34452,NN_Adam
0,0,0,0,0,-97.9944,-300.774,66.6486,1.25576,2.13155,1.34753,2.10742,6.08012,NN_Adam
0,0,0,0,0,267.349,246.192,23.0677,0.743914,4.8331,0.929278,2.55397,4.54565,NN_Adam
0,0,0,0,0,-239.171,-337.877,443.858,4.09625,0.254346,0.344032,1.962,1.21809,NN_Adam
0,0,0,0,0,-76.5058,93.8791,302.741,2.25455,3.00136,4.67248,0.185053,5.93834,NN_Adam
0,0,0,0,0,-205.439,186.142,515.992,2.4053,0.626877,1.2422,0.456075,2.39757,NN_Adam
0,0,0,0,0,210.321,-187.173,94.9813,2.41431,3.82742,3.99715,3.59123,6.22657,NN_Adam
0,0,0,0,0,475.286,215.058,254.559,0.424865,6.28292,0.179297,1.78562,5.73413,NN_Adam
0,0,0,0,0,118.465,-115.953,199.303,2.36658,2.49028,4.6732,4.56609,2.27078,NN_Adam
0,0,0,0,0,-269.911,-268.64,297.573,0.78274,2.10146,0.594359,2.20752,1.46502,NN_Adam
0,0,0,0,0,15.627,277.927,144.926,1.51451,2.09118,3.64483,1.8082,1.68825,NN_Adam
0,0,0,0,0,-10.9529,-456.808,417.085,4.68806,0.388122,0.148399,1.74647,0.415395,NN_Adam
0,0,0,0,0,18.8101,530.862,207.737,1.53533,6.21088,0.159847,1.76321,0.458874,NN_Adam
0,0,0,0,0,-96.5772,408.173,368.224,1.80305,0.974918,6.2222,0.592237,1.23374,NN_Adam
0,0,0,0,0,427.101,316.92,166.521,0.638299,6.08757,0.1944,1.80296,5.4464,NN_Adam
0,0,0,0,0,84.8607,-89.621,2.28664,2.32878,4.28189,2.62985,4.47615,6.22657,NN_Adam
0,0,0,0,0,-108.073,353.102,239.627,1.86773,5.19492,1.66331,1.79866,0.486989,NN_Adam
0,0,0,0,0,9.12885,-76.4737,254.549,1.68939,2.91458,1.47771,4.63821,0.0907237,NN_Adam
0,0,0,0,0,-216.577,238.687,5.40865,2.30761,0.0278447,0.523382,5.8209,1.75357,NN_Adam
0,0,0,0,0,-15.9634,-157.027,338.336,1.46929,4.01071,4.65994,0.718288,1.34452,NN_Adam
0,0,0,0,0,-119.132,336.836,69.4398,1.91057,4.67755,1.47632,2.1505,0.164514,NN_Adam
0,0,0,0,0,20.8245,-110.387,47.32,1.75721,5.86381,2.89026,2.82721,0.353671,NN_Adam
0,0,0,0,0,51.213,-270.637,550.077,4.89924,0.548203,0.360353,2.10729,0.415395,NN_Adam
0,0,0,0,0,-161.478,20.6047,556.092,3.01463,0.422781,0.930402,1.97637,3.33779,NN_Adam
0,0,0,0,0,67.1159,-290.732,153.752,1.7975,1.69158,2.14243,1.16228,5.01784,NN_Adam
0,0,0,0,0,-288.636,345.519,118.425,2.26666,6.09239,1.15173,0.0803225,0.999488,NN_Adam
0,0,0,0,0,140.415,-165.842,357.187,2.27331,2.53553,4.55596,3.79204,2.27078,NN_Adam
0,0,0,0,0,300.164,248.491,156.94,0.691447,6.06518,5.4059,3.51591,5.4464,NN_Adam
0,0,0,0,0,-191.733,-477.905,50.4286,4.33083,5.86405,0.632854,1.06702,0.291986,NN_Adam
0,0,0,0,0,-305.654,310.688,210.402,2.34793,0.318857,0.753503,0.000685867,6.07848,NN_Adam
0,0,0,0,0,-325.513,51.0818,373.722,2.98583,6.15891,0.338444,2.87773,2.06914,NN_Adam
0,0,0,0,0,-312.985,373.983,171.136,2.2675,5.91956,1.17344,0.675659,0.999488,NN_Adam
0,0,0,0,0,67.0432,103.489,209.18,0.995916,4.66386,1.63903,3.29315,0.786399,NN_Adam
0,0,0,0,0,235.168,469.218,38.2076,1.10614,5.90653,0.130391,1.73019,1.11678,NN_Adam
0,0,0,0,0,-399.176,65.5587,424.51,2.97861,0.0939948,0.460556,2.09648,2.06914,NN_Adam
0,0,0,0,0,-39.0034,-347.622,153.944,1.45887,1.95459,1.54596,1.63371,6.03257,NN_Adam
0,0,0,0,0,-255.039,-318.011,479.814,4.03639,0.520228,0.170248,1.77544,1.21809,NN_Adam
0,0,0,0,0,-363.829,-326.095,46.8977,3.87235,5.63828,1.06522,0.860832,1.08158,NN_Adam
0,0,0,0,0,128.219,-415.184,184.858,5.01172,0.624532,0.0409456,0.228725,2.87431,NN_Adam
0,0,0,0,0,-331.389,382.737,93.6694,2.28432,5.70592,0.400801,2.00254,0.999488,NN_Adam
0,0,0,0,0,-300.518,-246.893,91.3471,3.82929,5.52066,2.02807,6.22482,1.08158,NN_Adam
0,0,0,0,0,-258.443,-84.5566,70.7238,0.316094,2.72035,6.13977,3.47658,3.84344,NN_Adam
0,0,0,0,0,373.992,-209.486,153.393,5.77245,5.44903,0.632676,2.52116,5.00623,NN_Adam
0,0,0,0,0,-414.83,-23.8251,430.332,3.19834,0.36077,0.869068,0.824286,6.25163,NN_Adam
0,0,0,0,0,211.979,158.299,143.785,0.641297,4.79176,3.04439,0.092425,1.59582,NN_Adam
0,0,0,0,0,58.0789,-147.726,49.9771,5.08695,0.944746,5.12872,6.02927,5.26321,NN_Adam
0,0,0,0,0,-212.958,-141.923,196.47,3.72935,5.46536,3.13055,5.83508,1.26648,NN_Adam
0,0,0,0,0,-463.588,-218.755,271.052,3.58244,6.25266,0.234783,1.85133,0.384745,NN_Adam
0,0,0,0,0,95.0157,344.745,31.3708,1.30168,1.00897,4.72973,1.1653,1.11678,NN_Adam
0,0,0,0,0,-349.145,-340.666,296.648,3.9146,6.20732,0.897463,1.04063,3.41488,NN_Adam
0,0,0,0,0,264.459,-303.855,327.465,5.42828,0.429468,1.05046,0.00496312,5.34562,NN_Adam
0,0,0,0,0,-71.6938,-260.964,317.945,4.44417,2.3231,3.93212,1.88514,0.341132,NN_Adam
0,0,0,0,0,-181.833,-289.98,342.115,1.01053,1.9691,0.445531,2.47049,1.4549,NN_Adam
0,0,0,0,0,62.585,-101.173,47.9976,5.26637,1.01067,4.89203,6.06919,5.26321,NN_Adam
0,0,0,0,0,-20.3228,-488.059,273.426,4.67042,0.137559,0.757083,0.675014,0.191397,NN_Adam
0,0,0,0,0,-109.867,-13.9915,300.386,0.126579,2.67773,1.83634,4.81174,0.0907237,NN_Adam
0,0,0,0,0,-329.385,-289.964,61.3633,3.86329,5.52076,1.59479,0.369546,1.08158,NN_Adam
0,0,0,0,0,-224.615,232.978,90.269,2.33768,0.449111,0.260359,5.79875,6.07848,NN_Adam
0,0,0,0,0,305.632,-178.908,62.269,2.61177,3.54104,0.780582,6.194,3.16442,NN_Adam
0,0,0,0,0,-352.115,-399.035,53.5651,3.98933,6.06433,0.0280246,1.60443,1.08158,NN_Adam
0,0,0,0,0,106.275,-523.009,100.25,4.91281,6.01406,0.145243,1.74567,6.27677,NN_Adam
0,0,0,0,0,174.109,-185.231,345.497,2.32523,3.7478,5.09193,0.80377,1.90659,NN_Adam
0,0,0,0,0,-113.53,364.104,443.999,1.87297,0.145769,0.423317,2.18926,5.36892,NN_Adam
0,0,0,0,0,-81.8804,272.035,161.534,1.86299,0.0349223,2.48837,5.00664,4.84654,NN_Adam
0,0,0,0,0,-325.642,329.469,198.107,2.35026,0.0155657,1.0224,0.216194,6.07848,NN_Adam
0,0,0,0,0,-169.64,127.271,289.829,2.49792,0.893846,2.81348,4.59521,6.17791,NN_Adam
0,0,0,0,0,-2.98647,-197.515,73.9697,1.55569,1.76115,2.92656,0.452667,1.73232,NN_Adam
0,0,0,0,0,191.54,23.1981,263.531,0.120474,4.81915,3.21898,0.502317,0.955645,NN_Adam
0,0,0,0,0,-219.274,199.721,20.849,2.40265,4.33536,1.45634,2.44663,0.164514,NN_Adam
0,0,0,0,0,-158.587,-67.0124,64.0445,3.54132,0.328851,6.21782,5.3331,0.954884,NN_Adam
0,0,0,0,0,82.799,376.224,490.519,1.35376,0.40239,0.463348,1.67919,0.374479,NN_Adam
0,0,0,0,0,-410.841,128.664,149.531,2.83805,5.65367,1.76712,0.299945,5.86949,NN_Adam
0,0,0,0,0,243.484,-174.2,251.552,2.52048,1.68061,2.18074,0.668129,1.09903,NN_Adam
0,0,0,0,0,341.546,-90.6327,191.328,2.88217,2.3742,1.84017,0.240324,2.71482,NN_Adam
0,0,0,0,0,386.864,260.842,302.931,0.593076,6.08024,0.42487,2.15797,5.73413,NN_Adam
0,0,0,0,0,404.999,-5.81956,10.4512,3.12706,2.80715,0.67289,1.94642,5.88884,NN_Adam
0,0,0,0,0,426.457,46.7534,36.6406,3.25054,3.10975,0.871827,0.798472,0.917386,NN_Adam
0,0,0,0,0,248.587,361.004,206.579,0.967662,0.00425601,1.23445,0.0099828,1.38371,NN_Adam
0,0,0,0,0,-129.153,10.9045,630.118,3.05715,1.07066,0.228023,1.90668,3.33779,NN_Adam
0,0,0,0,0,-246.326,-301.345,333.478,0.885404,2.20936,0.348368,2.21104,1.4549,NN_Adam
0,0,0,0,0,438.308,-128.889,346.154,5.99703,6.2076,0.428236,2.07377,5.4841,NN_Adam
0,0,0,0,0,-25.1914,-487.822,3.4386,4.66065,5.75637,0.805371,0.800153,0.291986,NN_Adam
0,0,0,0,0,102.246,254.983,78.7809,1.18935,4.63307,1.03941,3.03196,4.54565,NN_Adam
0,0,0,0,0,44.8217,-415.467,87.8907,1.6781,2.63882,0.596892,2.06744,1.72265,NN_Adam
0,0,0,0,0,-215.223,-137.969,128.586,3.71161,1.69559,3.22704,2.74534,3.28783,NN_Adam
0,0,0,0,0,-286.791,143.103,535.135,2.67865,0.643686,0.796203,0.965418,2.39757,NN_Adam
0,0,0,0,0,-402.6,228.709,128.929,2.62496,5.94932,1.27143,0.275001,0.999488,NN_Adam
0,0,0,0,0,88.3792,492.006,114.839,1.39293,5.87605,0.999251,0.764543,1.38371,NN_Adam
0,0,0,0,0,178.62,100.22,4.65956,3.65282,5.08489,3.5712,2.77489,0.353671,NN_Adam
0,0,0,0,0,-55.9883,88.7979,55.39,5.27464,5.70029,2.80558,3.03925,0.353671,NN_Adam
0,0,0,0,0,-144.904,-314.809,365.196,1.13926,2.67723,5.3556,2.88899,2.04068,NN_Adam
0,0,0,0,0,-224.732,142.977,47.7625,2.57475,4.23248,1.51188,2.62687,0.164514,NN_Adam
0,0,0,0,0,-267.859,164.037,221.274,2.59215,0.762278,3.77021,3.79897,6.17791,NN_Adam
0,0,0,0,0,51.2553,304.252,235.781,1.40372,0.102581,2.24762,5.39685,4.84654,NN_Adam
0,0,0,0,0,514.296,57.0556,245.359,0.110437,6.18809,0.244482,1.86281,2.89142,NN_Adam
0,0,0,0,0,-78.9318,-492.582,91.6589,4.5534,5.84616,0.973589,0.760603,0.291986,NN_Adam
0,0,0,0,0,-114.061,-414.155,200.133,4.44358,0.69708,6.26993,0.236482,0.191397,NN_Adam
0,0,0,0,0,-137.877,-134.668,274.825,3.91502,3.01198,3.15735,2.28602,0.341132,NN_Adam
0,0,0,0,0,487.997,-146.286,191.518,5.99165,5.92848,0.387312,1.98483,2.70961,NN_Adam
0,0,0,0,0,58.0196,462.738,185.777,1.44594,6.22605,1.06836,0.246997,1.38371,NN_Adam
0,0,0,0,0,62.1707,-492.101,9.01612,4.83826,5.58671,0.344311,1.95957,6.27677,NN_Adam
0,0,0,0,0,-199.63,-173.952,316.461,0.716701,2.0671,2.12689,6.03775,5.67876,NN_Adam
0,0,0,0,0,-13.9764,-370.045,487.738,4.67459,0.352535,0.372625,1.98577,0.415395,NN_Adam
0,0,0,0,0,92.0937,-87.4266,261.859,5.52367,4.58909,3.64745,0.337075,0.955645,NN_Adam
0,0,0,0,0,-64.0409,485.919,148.145,1.70168,0.158745,0.446428,0.486791,0.458874,NN_Adam
0,0,0,0,0,283.34,-90.1638,190.232,2.83336,3.58159,4.07726,3.44323,6.22657,NN_Adam
0,0,0,0,0,-129.689,-289.039,203.664,1.14892,1.64765,1.69558,1.70098,6.03257,NN_Adam
0,0,0,0,0,-25.0406,242.119,68.724,1.6735,4.08634,1.66969,2.6554,0.164514,NN_Adam
0,0,0,0,0,-358.961,156.104,410.365,2.73115,0.0918659,0.253325,2.43361,2.06914,NN_Adam
0,0,0,0,0,-186.134,252.026,476.592,2.20681,1.18831,0.29985,0.320072,2.03274,NN_Adam
0,0,0,0,0,228.407,-111.849,27.5575,2.68612,3.97754,3.99287,3.71509,6.22657,NN_Adam
0,0,0,0,0,277.995,-260.345,248.042,2.38906,3.67605,4.75349,2.25389,0.247987,NN_Adam
0,0,0,0,0,-312.403,-416.733,153.376,4.06904,5.93345,0.303254,1.92457,0.291986,NN_Adam
0,0,0,0,0,323.409,-358.986,141.638,5.44559,5.85151,0.0205123,2.52975,0.00805729,NN_Adam
0,0,0,0,0,65.8825,-228.51,440.818,1.85128,3.3182,5.19846,1.07037,1.90659,NN_Adam
0,0,0,0,0,-500.397,-197.243,101.122,3.51702,6.12048,0.0594912,1.64253,5.9272,NN_Adam
0,0,0,0,0,40.4468,-333.484,468.766,1.69133,2.72683,5.57741,2.0049,1.34452,NN_Adam
0,0,0,0,0,112.142,472.168,101.634,1.33752,6.1172,0.818826,0.430715,5.82413,NN_Adam
0,0,0,0,0,-227.026,116.327,361.923,2.66776,0.65052,1.91737,5.50708,0.988303,NN_Adam
0,0,0,0,0,-370.815,-185.361,220.33,3.60504,0.401185,0.772292,6.14123,0.458783,NN_Adam
0,0,0,0,0,-462.948,119.11,130.87,2.88962,0.431405,6.19415,0.608638,4.41349,NN_Adam
0,0,0,0,0,-329.875,-116.618,430.731,0.339652,2.02436,0.922682,1.18967,1.88987,NN_Adam
0,0,0,0,0,-18.9674,-439.959,283.188,4.66922,0.412737,0.749005,0.17766,0.191397,NN_Adam
0,0,0,0,0,72.715,92.5813,146.167,4.04648,5.52463,2.68275,2.88418,0.353671,NN_Adam
0,0,0,0,0,-311.649,-150.806,215.166,3.59227,5.54132,2.42444,0.0668688,1.26648,NN_Adam
0,0,0,0,0,13.2371,413.308,268.725,1.53868,0.92237,6.16691,0.289995,2.05852,NN_Adam
0,0,0,0,0,457.461,-267.935,63.691,5.7533,5.9649,0.125738,1.72207,5.00623,NN_Adam
0,0,0,0,0,-152.384,-4.47469,8.20148,3.17091,3.66214,1.40076,3.09463,0.164514,NN_Adam
0,0,0,0,0,-206.099,411.231,230.279,2.03517,0.116262,0.973409,0.228013,6.07848,NN_Adam
0,0,0,0,0,436.935,291.768,59.975,0.588519,5.92042,0.450981,1.27849,2.32665,NN_Adam
0,0,0,0,0,40.6593,-523.564,36.2904,4.78984,5.9175,0.119086,1.71457,6.27677,NN_Adam
0,0,0,0,0,-96.6312,184.237,365.92,2.05359,1.00486,4.0874,4.13846,6.17791,NN_Adam
0,0,0,0,0,522.706,-111.982,94.1605,6.0721,6.03188,0.120787,1.71612,1.50097,NN_Adam
0,0,0,0,0,208.005,479.82,109.301,1.16137,5.96907,0.644786,1.08423,1.38371,NN_Adam
0,0,0,0,0,-74.4522,-454.063,347.653,4.54974,6.22807,0.420017,2.03898,0.165034,NN_Adam
0,0,0,0,0,341.595,-89.8728,1.88143,2.88398,3.84266,4.83254,3.00079,6.22657,NN_Adam
0,0,0,0,0,117.286,-30.9865,76.4348,2.88327,5.93208,2.83298,2.70741,0.353671,NN_Adam
0,0,0,0,0,-275.489,-313.54,203.394,0.849717,2.41832,0.484792,2.17645,1.4549,NN_Adam
0,0,0,0,0,-306.372,123.133,493.5,2.75923,0.673447,0.960344,0.494449,2.39757,NN_Adam
0,0,0,0,0,-305.596,-127.193,79.4464,0.394354,2.86093,5.93384,3.26221,3.84344,NN_Adam
0,0,0,0,0,94.493,-338.122,341.751,4.98477,1.07401,0.206645,6.24109,2.87431,NN_Adam
0,0,0,0,0,8.85468,-31.2667,372.852,1.84679,2.16742,1.53971,5.04365,0.0907237,NN_Adam
0,0,0,0,0,-36.8731,234.759,538.188,1.72646,0.284596,1.06869,1.66511,3.33779,NN_Adam
0,0,0,0,0,-219.158,316.964,337.412,2.17565,0.999973,0.11152,0.174783,2.03274,NN_Adam
0,0,0,0,0,-47.3539,-491.529,255.951,4.61618,6.1502,0.955616,0.888855,0.191397,NN_Adam
0,0,0,0,0,335.247,254.163,277.196,0.648479,0.110978,5.62983,3.11018,5.4464,NN_Adam
0,0,0,0,0,257.305,-366.149,44.2313,2.18332,3.14952,0.620744,1.04298,4.79934,NN_Adam
0,0,0,0,0,-64.6312,293.182,277.582,1.78762,0.602691,4.20733,3.99423,6.17791,NN_Adam
0,0,0,0,0,-82.665,411.309,214.574,1.76914,5.34973,1.41307,1.73013,0.486989,NN_Adam
0,0,0,0,0,-265.393,-358.027,153.586,4.07453,5.68678,1.63797,0.423174,1.08158,NN_Adam
0,0,0,0,0,-299.855,-238.632,355.272,0.672068,2.14156,0.449538,2.08736,1.46502,NN_Adam
0,0,0,0,0,-164.3,313.249,319.997,2.05359,1.08594,0.103183,6.24052,2.03274,NN_Adam
0,0,0,0,0,-363.193,-251.611,371.673,3.74731,6.26436,0.421117,2.09977,3.41488,NN_Adam
0,0,0,0,0,273.444,-319.96,349.017,5.4194,0.39894,0.964631,0.251852,5.34562,NN_Adam
0,0,0,0,0,126.291,479.494,25.828,1.31299,5.91754,5.9322,2.39281,1.11678,NN_Adam
0,0,0,0,0,-110.544,-323.522,430.715,1.24145,2.52819,5.63277,2.52672,2.04068,NN_Adam
0,0,0,0,0,-234.725,206.623,552.423,2.41926,0.746711,0.615919,1.09074,2.39757,NN_Adam
0,0,0,0,0,270.599,285.176,54.5492,0.81145,4.97222,0.98071,2.38426,4.54565,NN_Adam
0,0,0,0,0,-256.521,10.9976,461.115,6.24014,2.90981,6.03856,0.562882,1.88987,NN_Adam
0,0,0,0,0,159.516,447.766,153.419,1.22844,6.04814,1.13797,0.371001,1.38371,NN_Adam
0,0,0,0,0,-232.948,138.842,492.907,2.60408,1.91183,5.02477,1.48933,5.93834,NN_Adam
0,0,0,0,0,-51.0116,-422.934,380.217,4.59225,6.25997,0.410014,2.20787,0.165034,NN_Adam
0,0,0,0,0,110.056,60.843,93.6514,3.64656,5.87321,2.81153,2.70004,0.353671,NN_Adam
0,0,0,0,0,-433.045,68.0689,113.233,2.98557,6.26218,0.938145,6.25063,1.75357,NN_Adam
0,0,0,0,0,-177.479,82.0385,155.844,5.85014,2.31299,6.18518,3.8704,3.84344,NN_Adam
0,0,0,0,0,-304.356,191.525,193.881,2.57981,0.336659,1.1385,5.68659,1.75357,NN_Adam
0,0,0,0,0,324.226,274.614,68.2532,0.702602,6.15664,5.08403,3.23218,5.4464,NN_Adam
0,0,0,0,0,-277.624,-114.103,40.6182,0.389888,2.19806,1.30576,2.21703,0.996245,NN_Adam
0,0,0,0,0,-10.8142,394.936,445.363,1.59805,0.41984,0.933091,0.71317,1.23374,NN_Adam
0,0,0,0,0,73.7957,447.129,86.0841,1.40705,0.100844,0.500535,0.189514,5.82413,NN_Adam
0,0,0,0,0,-385.48,-276.336,190.448,3.76334,5.60367,1.23628,1.33843,0.98026,NN_Adam
0,0,0,0,0,216.18,-113.072,127.997,2.65965,3.69729,3.65413,3.90176,6.22657,NN_Adam
0,0,0,0,0,369.428,196.736,34.7405,3.63079,2.84436,0.461928,2.07801,4.3676,NN_Adam
0,0,0,0,0,-139.938,352.504,483.238,1.94856,0.512939,0.779159,0.921343,5.36892,NN_Adam
0,0,0,0,0,-162.47,-236.786,320.154,0.969249,2.07685,1.97838,6.21351,5.67876,NN_Adam
0,0,0,0,0,-341.351,84.4765,250.725,2.89886,5.67327,2.31284,0.139954,5.86949,NN_Adam
0,0,0,0,0,-61.6603,-259.459,537.938,1.33717,2.51417,5.6382,1.9389,1.34452,NN_Adam
0,0,0,0,0,182.25,21.0574,118.175,0.114937,4.32026,3.58437,6.13843,1.59582,NN_Adam
0,0,0,0,0,359.088,103.057,68.8178,3.42093,2.95269,1.47419,0.182449,0.917386,NN_Adam
0,0,0,0,0,-518.981,-40.7284,110.341,3.21989,5.84653,0.322515,1.8898,0.721104,NN_Adam
0,0,0,0,0,136.089,-52.7936,76.526,2.77151,4.10803,2.53428,4.30874,6.22657,NN_Adam
0,0,0,0,0,-197.326,-15.4904,430.908,3.21986,0.833335,1.89702,5.6818,0.988303,NN_Adam
0,0,0,0,0,-383.079,-59.817,272.466,3.29628,0.457315,1.02119,6.01113,0.458783,NN_Adam
0,0,0,0,0,9.85082,328.89,486.569,1.54062,0.345597,1.26388,0.736398,0.374479,NN_Adam
0,0,0,0,0,-165.944,161.528,573.635,2.36967,0.86151,0.922783,0.737461,5.36892,NN_Adam
0,0,0,0,0,38.4161,-211.939,3.82346,4.89155,0.716234,5.28773,6.26196,5.26321,NN_Adam
0,0,0,0,0,48.5775,-410.973,367.822,1.6884,2.43769,0.201901,1.81479,1.34452,NN_Adam
0,0,0,0,0,24.0567,502.601,170.494,1.52276,6.15614,0.825503,0.669552,1.38371,NN_Adam
0,0,0,0,0,-135.65,174.476,460.808,2.23141,2.24974,4.89763,1.13487,5.93834,NN_Adam
0,0,0,0,0,-85.2488,95.5745,556.449,2.29905,0.401397,1.24434,1.66855,3.33779,NN_Adam
0,0,0,0,0,-364.344,256.286,293.539,2.52848,0.120013,1.14155,0.306308,0.999488,NN_Adam
0,0,0,0,0,-105.9,417.84,82.3883,4.96042,2.77023,0.416156,2.08185,2.53861,NN_Adam
0,0,0,0,0,-325.988,84.5926,89.0616,6.02915,2.85645,5.90377,3.2501,3.84344,NN_Adam
0,0,0,0,0,373.22,-236.893,443.722,5.71757,0.50523,0.100222,1.69383,0.586595,NN_Adam
0,0,0,0,0,-124.121,5.16358,318.916,3.09989,1.51846,2.12968,4.59514,0.988303,NN_Adam
0,0,0,0,0,-251.5,383.73,174.046,2.1506,0.14103,0.788403,0.148074,6.07848,NN_Adam
0,0,0,0,0,-302.237,77.9156,29.4395,6.03054,2.92139,6.08837,3.22721,3.84344,NN_Adam
0,0,0,0,0,167.987,-334.907,483.966,5.17712,0.344755,0.367292,1.98391,5.13599,NN_Adam
0,0,0,0,0,-109.776,-250.619,389.081,1.15774,1.53191,0.821912,2.39691,6.01895,NN_Adam
0,0,0,0,0,-483.48,132.403,15.3335,2.87423,5.69241,0.761137,1.08043,4.41349,NN_Adam
0,0,0,0,0,-349.783,321.462,232.067,2.39817,6.06849,1.21226,0.593815,6.07848,NN_Adam
0,0,0,0,0,-425.852,227.653,213.567,2.65045,6.14248,1.07834,0.538853,0.885108,NN_Adam
0,0,0,0,0,11.995,-499.027,342.727,4.73634,0.281742,0.0951625,1.68634,0.165034,NN_Adam
0,0,0,0,0,-183.017,77.7055,23.1386,2.73994,3.86102,1.50693,2.88859,0.164514,NN_Adam
0,0,0,0,0,257.479,-118.045,236.568,2.71136,1.63191,2.3314,0.592581,1.09903,NN_Adam
0,0,0,0,0,20.0047,-519.464,167.541,4.75076,6.08808,0.704866,0.990567,5.80573,NN_Adam
0,0,0,0,0,-110.103,-193.899,471.614,1.05422,1.25166,1.37191,1.55464,6.01895,NN_Adam
0,0,0,0,0,379.125,42.659,19.2494,3.25335,3.03292,1.35076,0.405928,0.917386,NN_Adam
0,0,0,0,0,-136.682,455.043,100.421,1.86236,5.76538,6.24721,2.60738,5.31042,NN_Adam
0,0,0,0,0,521.347,-49.0999,176.716,6.18923,6.01698,0.272743,1.8899,2.89142,NN_Adam
0,0,0,0,0,-330.804,309.653,20.2681,2.38905,5.73473,1.17106,0.337083,1.75357,NN_Adam
0,0,0,0,0,-18.8364,-310.577,187.691,1.51013,1.64577,1.7288,1.72748,6.03257,NN_Adam
0,0,0,0,0,-327.803,-422.039,162.81,4.05196,6.11684,0.163655,1.76693,0.291986,NN_Adam
0,0,0,0,0,-62.0874,-431.884,160.487,4.56945,0.610547,6.22258,0.284996,0.191397,NN_Adam
0,0,0,0,0,42.7427,-23.0873,106.394,2.64625,6.14995,2.22014,3.30939,0.353671,NN_Adam
0,0,0,0,0,-385.731,28.047,445.416,3.06883,0.0544214,0.827356,1.71208,1.11345,NN_Adam
0,0,0,0,0,-163.026,340.931,240.328,2.01675,5.23984,1.61472,1.78799,0.486989,NN_Adam
0,0,0,0,0,-247.581,120.158,254.852,2.68961,0.874757,3.53682,4.01484,6.17791,NN_Adam
0,0,0,0,0,322.477,381.917,187.051,0.869516,5.85777,0.420021,2.07788,5.4464,NN_Adam
0,0,0,0,0,-211.721,118.669,200.503,2.63042,0.749059,0.943642,5.13463,1.75357,NN_Adam
0,0,0,0,0,-15.9591,79.0119,164.301,1.76988,4.21144,1.57575,3.62202,1.6879,NN_Adam
0,0,0,0,0,-247.406,221.451,124.451,2.4115,0.33039,0.805838,5.60194,1.75357,NN_Adam
0,0,0,0,0,-110.778,211.798,267,2.05252,4.79389,2.04995,2.20815,0.486989,NN_Adam
0,0,0,0,0,221.521,397.163,406.025,1.06173,0.262194,0.239364,1.85488,2.83862,NN_Adam
0,0,0,0,0,81.5606,-144.376,157.318,5.22656,1.4468,5.4159,5.70617,5.26321,NN_Adam
0,0,0,0,0,-377.285,211.721,338.056,2.63013,0.165281,1.16615,0.397954,0.999488,NN_Adam
0,0,0,0,0,248.397,-49.5233,279.785,2.94477,3.23717,3.96593,3.60622,6.22657,NN_Adam
0,0,0,0,0,-130.693,398.289,246.646,1.88759,5.46084,1.45645,1.5955,0.486989,NN_Adam
0,0,0,0,0,253.801,138.107,34.6488,0.498286,4.6395,2.72275,0.130786,1.59582,NN_Adam
0,0,0,0,0,207.525,-397.986,349.654,5.19289,6.20995,0.387849,2.16945,0.586595,NN_Adam
0,0,0,0,0,-92.8373,-175.802,232.757,4.22645,5.51515,3.4261,5.84004,1.26648,NN_Adam
0,0,0,0,0,-411.121,274.032,334.77,2.55355,0.182754,0.509223,1.22327,0.999488,NN_Adam
0,0,0,0,0,250.808,-166.589,103.108,2.55526,3.78133,4.1463,3.47391,6.22657,NN_Adam
0,0,0,0,0,-340.296,-252.003,17.2827,0.637335,2.9288,0.447812,1.98162,0.996245,NN_Adam
0,0,0,0,0,-514.626,-78.7745,256.104,3.29344,6.27493,0.189436,1.7962,0.322384,NN_Adam
0,0,0,0,0,-333.962,312.193,240.845,2.38977,6.05035,1.37596,0.457974,6.07848,NN_Adam
0,0,0,0,0,-270.513,112.645,486.268,2.7465,0.658447,1.2573,0.224888,0.988303,NN_Adam
0,0,0,0,0,506.828,-120.352,45.3227,6.04999,5.83187,0.203345,1.81439,1.50097,NN_Adam
0,0,0,0,0,349.679,-205.919,209.546,2.60925,2.32277,0.586274,2.18862,0.428259,NN_Adam
0,0,0,0,0,2.9348,35.3342,194.619,1.48781,4.5361,1.81931,3.57308,1.6879,NN_Adam
0,0,0,0,0,-51.0786,240.192,256.811,1.78025,0.489866,2.84127,4.81309,4.84654,NN_Adam
0,0,0,0,0,-115.714,-439.123,414.523,4.45469,0.327175,0.196896,1.80836,0.165034,NN_Adam
0,0,0,0,0,286.653,-311.363,280.225,2.31485,3.27969,5.33032,2.123,0.247987,NN_Adam
0,0,0,0,0,30.1293,-124.854,233.146,1.80744,3.59823,2.7163,3.91817,6.22657,NN_Adam
0,0,0,0,0,-406.693,38.0532,67.7977,3.04813,6.26991,0.831355,6.09524,1.75357,NN_Adam
0,0,0,0,0,-29.2844,507.186,279.397,1.62853,6.24666,0.253903,1.8779,2.05852,NN_Adam
0,0,0,0,0,-43.8656,108.155,430.43,1.95599,6.00079,1.62265,2.25815,3.33779,NN_Adam
0,0,0,0,0,166.73,465.501,304.864,1.22669,6.24531,0.314992,1.91603,2.53824,NN_Adam
0,0,0,0,0,136.353,-149.48,393.658,2.31011,3.74994,4.3628,1.65624,1.61524,NN_Adam
0,0,0,0,0,-358.771,-315.527,158.394,3.86277,5.7777,1.32619,0.692978,1.08158,NN_Adam
0,0,0,0,0,-163.855,-333.845,139.07,1.11443,2.32119,0.674105,2.42225,1.4549,NN_Adam
0,0,0,0,0,-284.218,-15.6059,438.564,0.0548422,2.92331,6.16924,0.510594,1.88987,NN_Adam
0,0,0,0,0,108.446,-451.581,356.79,4.94802,0.0190641,0.364488,1.98918,2.3339,NN_Adam
0,0,0,0,0,-430.224,41.2984,100.515,3.04581,6.24817,0.935309,6.21217,1.75357,NN_Adam
0,0,0,0,0,507.593,116.209,280.499,0.225012,0.153223,0.0936744,1.68469,2.89142,NN_Adam
0,0,0,0,0,-122.279,377.557,170.643,1.88383,6.09724,1.68068,5.97057,4.84654,NN_Adam
0,0,0,0,0,-152.697,253.458,244.575,2.11269,4.906,1.87791,2.08521,0.486989,NN_Adam
0,0,0,0,0,-261.442,232.994,387.219,2.41346,1.09622,4.63376,3.04538,6.17791,NN_Adam
0,0,0,0,0,-228.256,-141.743,457.618,0.555633,1.66523,0.484635,2.3616,0.906681,NN_Adam
0,0,0,0,0,-348.561,-72.4728,411.004,0.204879,2.04851,0.401707,2.07575,1.88987,NN_Adam
0,0,0,0,0,-459.719,-194.456,73.0014,3.54157,5.64172,0.390948,2.06315,5.9272,NN_Adam
0,0,0,0,0,-138.44,399.519,392.121,1.90409,0.0362779,0.359308,2.21353,6.00367,NN_Adam
0,0,0,0,0,-220.858,264.597,459.133,2.26629,1.1532,0.155103,0.447705,2.03274,NN_Adam
0,0,0,0,0,-368.013,339.038,329.682,2.39708,0.177957,0.160352,1.76478,0.572269,NN_Adam
0,0,0,0,0,-140.558,358.129,209.504,1.94456,5.1507,1.61666,1.78576,0.486989,NN_Adam
0,0,0,0,0,-406.641,-107.201,109.687,3.39921,0.150116,0.699551,6.1638,0.721104,NN_Adam
0,0,0,0,0,-144.606,445.964,318.873,1.88418,6.136,0.453757,2.04914,0.486989,NN_Adam
0,0,0,0,0,-247.224,428.547,164.19,2.09387,6.24793,0.769637,0.519162,6.07848,NN_Adam
0,0,0,0,0,-113.449,77.9688,255.303,5.68088,3.03505,1.22616,4.96709,0.0907237,NN_Adam
0,0,0,0,0,108.574,445.494,286.512,1.33133,6.01969,1.30837,0.819332,1.38371,NN_Adam
0,0,0,0,0,-456.506,-104.502,340.669,3.36642,0.116521,0.883561,0.859356,6.25163,NN_Adam
0,0,0,0,0,-42.2391,-11.9757,532.431,3.41779,0.465792,1.15632,2.10716,3.33779,NN_Adam
0,0,0,0,0,-486.662,-126.498,121.886,3.39567,6.08497,0.791124,0.650027,0.721104,NN_Adam
0,0,0,0,0,10.8855,-505.056,206.647,4.73384,5.93667,0.938149,1.14934,5.80573,NN_Adam
0,0,0,0,0,-478.957,149.802,79.759,2.83839,5.78396,0.949609,0.879049,4.41349,NN_Adam
0,0,0,0,0,291.493,63.2603,197.262,3.35507,3.45178,4.16898,3.53049,6.22657,NN_Adam
0,0,0,0,0,1.66741,-382.037,298.005,1.57504,3.09236,5.08773,2.74372,1.34452,NN_Adam
0,0,0,0,0,-54.4137,-493.202,180.375,4.60237,5.80992,0.462017,2.08771,0.191397,NN_Adam
0,0,0,0,0,136.885,18.5849,270.688,0.134955,4.72832,3.51442,0.396329,0.955645,NN_Adam
0,0,0,0,0,-53.9702,-373.96,214.287,1.4273,2.01068,1.36011,1.53711,6.03257,NN_Adam
0,0,0,0,0,-96.731,227.262,333.492,1.97308,1.68777,5.88433,6.1017,1.23374,NN_Adam
0,0,0,0,0,310.294,385.128,91.4343,0.892536,0.407745,5.18405,2.11908,1.11678,NN_Adam
0,0,0,0,0,-268.055,-136.894,474.751,0.471981,1.8497,0.425765,2.08004,1.88987,NN_Adam
0,0,0,0,0,219.119,447.075,250.462,1.1149,0.635477,5.34511,2.11279,2.83862,NN_Adam
0,0,0,0,0,107.142,-193.021,443.77,2.07736,3.38884,4.62489,1.79741,1.61524,NN_Adam
0,0,0,0,0,78.2298,251.718,237.895,1.2692,0.406234,3.68161,4.46045,6.17791,NN_Adam
0,0,0,0,0,-265.225,164.901,372.232,2.58523,1.04635,4.42927,3.42722,6.17791,NN_Adam
0,0,0,0,0,187.748,-57.2779,240.121,2.84544,3.40805,3.29816,3.91927,6.22657,NN_Adam
0,0,0,0,0,-179.674,-472.022,316.735,4.34863,0.147764,0.162681,1.76743,1.21809,NN_Adam
0,0,0,0,0,-116.723,-76.4754,294.756,0.579551,2.15271,4.42295,4.51415,2.27078,NN_Adam
0,0,0,0,0,-534.401,-30.4733,133.991,3.1985,6.0744,0.151392,1.7516,1.99764,NN_Adam
0,0,0,0,0,-147.454,-66.5446,390.989,3.56536,1.15611,1.85712,5.24105,0.988303,NN_Adam
0,0,0,0,0,-183.088,367.922,123.634,2.03243,0.252034,0.620847,6.11611,6.07848,NN_Adam
0,0,0,0,0,-206.455,-14.7341,138.343,3.21272,1.94929,2.87088,2.94827,3.28783,NN_Adam
0,0,0,0,0,-55.7902,-297.953,27.8272,1.38574,2.30014,1.17668,2.30037,1.72265,NN_Adam
0,0,0,0,0,-182.581,265.237,147.647,2.17343,4.62172,1.79884,2.11212,0.486989,NN_Adam
0,0,0,0,0,-56.6066,335.375,33.5426,1.73779,1.0779,4.69281,1.07498,1.11678,NN_Adam
0,0,0,0,0,-344.374,-335.219,165.001,3.91324,5.85692,1.26939,0.640755,1.08158,NN_Adam
0,0,0,0,0,20.3085,342.89,190.105,1.51155,6.24811,1.96526,5.55745,4.84654,NN_Adam
0,0,0,0,0,115.33,267.73,177.081,1.16396,0.0628133,2.37805,5.10132,4.84654,NN_Adam
0,0,0,0,0,-259.585,-282.84,210.107,0.82808,2.23214,0.600521,2.35781,1.4549,NN_Adam
0,0,0,0,0,121.672,166.691,159.637,0.940179,4.60594,1.36167,3.17022,1.14695,NN_Adam
0,0,0,0,0,-41.5988,-466.506,212.874,4.62308,0.588531,0.0109243,0.512166,0.191397,NN_Adam
0,0,0,0,0,517.982,-96.6359,38.1374,6.0987,5.95535,0.0914954,1.68124,1.50097,NN_Adam
0,0,0,0,0,364.297,302.716,221.639,0.693181,0.0589359,5.68112,2.78471,5.4464,NN_Adam
0,0,0,0,0,220.331,-374.95,236.214,5.24362,0.733877,0.0262729,0.292587,2.87431,NN_Adam
0,0,0,0,0,405.844,-108.37,270.613,6.0221,5.75839,0.669035,2.41653,2.70961,NN_Adam
0,0,0,0,0,360.655,-54.3071,290.78,2.99208,2.21277,1.54177,0.493296,2.71482,NN_Adam
0,0,0,0,0,-60.0144,172.249,113.469,1.90576,0.323601,1.1526,4.75956,0.914063,NN_Adam
0,0,0,0,0,206.411,-248.517,507.036,5.40552,1.12887,5.31922,2.5467,0.586595,NN_Adam
0,0,0,0,0,-84.9692,415.956,277.447,1.7722,5.62352,1.23887,1.76135,0.486989,NN_Adam
0,0,0,0,0,-387.063,-186.971,93.5579,0.449835,2.73217,0.423103,2.10487,0.996245,NN_Adam
0,0,0,0,0,-268.786,173.938,234.435,2.56723,0.780476,3.8667,3.75314,6.17791,NN_Adam
0,0,0,0,0,-172.276,84.1099,301.964,2.68734,0.389244,3.4362,5.01459,6.17791,NN_Adam
0,0,0,0,0,-129.184,-324.335,296.458,1.19159,2.00096,0.534362,2.49609,1.4549,NN_Adam
0,0,0,0,0,-408.06,206.27,22.1841,2.67346,6.00076,0.805206,0.292999,1.75357,NN_Adam
0,0,0,0,0,-25.0013,12.4449,305.149,5.82077,2.44489,1.52328,4.69875,0.0907237,NN_Adam
0,0,0,0,0,-320.849,86.5499,351.236,2.87796,0.989066,4.43243,3.38341,6.17791,NN_Adam
0,0,0,0,0,-335.509,-92.5306,266.449,3.41037,0.785905,0.591796,5.87686,0.458783,NN_Adam
0,0,0,0,0,-255.66,-321.505,152.449,4.04077,5.67417,1.90881,0.104637,1.26648,NN_Adam
0,0,0,0,0,269.592,154.555,150.624,0.520433,4.93924,2.71683,0.300451,1.59582,NN_Adam
0,0,0,0,0,-388.07,-292.164,180.306,3.78677,5.64801,0.886259,1.75488,0.98026,NN_Adam
0,0,0,0,0,238.026,72.041,142.108,0.293554,4.70012,3.14915,0.0736661,1.59582,NN_Adam
0,0,0,0,0,-121.998,71.8051,182.814,5.75112,3.43261,1.32235,4.81676,0.0907237,NN_Adam
0,0,0,0,0,-411.58,-117.707,266.785,3.42006,0.38522,0.851742,0.0251328,0.458783,NN_Adam
0,0,0,0,0,-190.02,229.669,526.27,2.2619,1.13038,0.379663,0.560605,2.03274,NN_Adam
0,0,0,0,0,-67.6038,-41.0251,577.92,3.68686,0.637762,0.947881,1.9146,3.33779,NN_Adam
0,0,0,0,0,281.568,-243.042,365.477,5.57104,0.59209,1.03157,6.21716,5.34562,NN_Adam
0,0,0,0,0,-127.633,-333.541,402.755,1.20519,2.7214,5.43821,2.53761,2.04068,NN_Adam
0,0,0,0,0,3.52698,512.501,281.679,1.56386,0.0227901,0.209155,1.81695,0.458874,NN_Adam
0,0,0,0,0,21.5965,40.7206,160.192,1.08317,4.40896,1.52965,3.80239,1.6879,NN_Adam
0,0,0,0,0,-55.4339,132.568,595.223,1.96664,0.668731,0.978774,1.49592,3.33779,NN_Adam
0,0,0,0,0,-65.0255,317.766,82.9943,4.91404,2.32941,0.756115,2.63518,2.53861,NN_Adam
0,0,0,0,0,145.154,-269.453,250.157,5.2065,1.1544,6.22479,5.93956,2.87431,NN_Adam
0,0,0,0,0,-327.992,51.5095,245.209,2.98551,5.67253,2.46473,6.26708,5.86949,NN_Adam
0,0,0,0,0,57.2701,535.701,122.399,1.46424,6.14111,0.0770306,1.66378,5.82413,NN_Adam
0,0,0,0,0,-46.5994,-507.078,189.477,4.62056,5.91919,0.395549,1.983,0.191397,NN_Adam
0,0,0,0,0,-103.844,-424.433,299.134,4.47218,0.734498,0.201866,0.352382,0.191397,NN_Adam
0,0,0,0,0,458.754,-216.8,80.8474,5.84136,5.72788,0.304223,2.04891,5.00623,NN_Adam
0,0,0,0,0,273.492,-28.5437,198.615,3.03751,2.31096,2.41414,5.93191,2.71482,NN_Adam
0,0,0,0,0,-46.515,22.1504,557.41,2.697,0.579444,1.03908,2.0244,3.33779,NN_Adam
0,0,0,0,0,233.411,-459.571,262.245,5.18217,6.28201,0.56094,1.21303,2.87431,NN_Adam
0,0,0,0,0,83.672,135.279,127.986,4.15828,5.31923,3.02206,2.70432,0.353671,NN_Adam
0,0,0,0,0,-273.48,-25.2251,593.916,3.23352,1.04861,0.0217897,1.5974,0.390971,NN_Adam
0,0,0,0,0,-22.7118,388.218,487.273,1.62901,0.513752,0.63546,1.12554,1.23374,NN_Adam
0,0,0,0,0,-222.359,114.551,462.229,2.66576,2.11735,4.88596,1.29605,5.93834,NN_Adam
0,0,0,0,0,-181.413,-435.305,364.024,4.31751,0.111197,0.290552,1.91089,1.21809,NN_Adam
0,0,0,0,0,-243.534,265.732,280.833,2.31251,0.732794,0.683045,5.94316,6.07848,NN_Adam
0,0,0,0,0,-12.915,136.561,16.2205,4.80663,5.41436,3.13369,3.01032,0.353671,NN_Adam
0,0,0,0,0,-233.357,-135.746,461.748,0.526736,1.67517,0.481725,2.33201,0.906681,NN_Adam
0,0,0,0,0,194.217,-279.206,385.003,2.17844,3.35162,5.35551,1.30138,1.90659,NN_Adam
0,0,0,0,0,-233.564,46.6033,550.392,2.94442,1.8295,5.24048,1.59624,5.93834,NN_Adam
0,0,0,0,0,-327.481,135.77,206.893,2.74846,0.343919,1.23186,5.6522,1.75357,NN_Adam
0,0,0,0,0,160.174,54.9327,43.9892,3.47178,5.31075,3.24099,2.81194,0.353671,NN_Adam
0,0,0,0,0,-283.945,-94.6898,345.72,3.46342,5.97335,2.33668,0.155089,1.26648,NN_Adam
0,0,0,0,0,290.533,-204.012,205.945,2.52939,2.08003,0.758552,2.43967,0.428259,NN_Adam
0,0,0,0,0,-201.471,-208.165,387.288,0.801741,1.44757,1.45081,1.56308,0.873547,NN_Adam
0,0,0,0,0,148.416,519.668,154.458,1.29253,6.24924,0.040287,1.61902,1.38371,NN_Adam
0,0,0,0,0,-74.8571,268.887,559.503,1.84216,0.814151,0.772787,0.843409,5.36892,NN_Adam
0,0,0,0,0,308.042,220.843,158.701,0.621857,6.03677,5.4223,3.57712,5.4464,NN_Adam
0,0,0,0,0,-106.513,238.426,185.012,1.99081,4.43109,1.98803,2.3216,0.486989,NN_Adam
0,0,0,0,0,16.979,300.542,432.908,1.51407,0.190458,1.80628,0.235595,0.374479,NN_Adam
0,0,0,0,0,-165.493,-199.546,196.205,0.878196,4.51,4.72355,0.823132,0.721104,NN_Adam
0,0,0,0,0,-234.734,94.8026,188.995,5.89922,1.32528,2.45894,1.05412,0.906191,NN_Adam
0,0,0,0,0,143.841,-317.293,247.155,5.13782,0.989684,0.0470196,6.08373,2.87431,NN_Adam
0,0,0,0,0,-265.705,-323.42,389.111,4.02448,6.23502,0.529809,2.12327,1.21809,NN_Adam
0,0,0,0,0,-124.508,230.257,262.158,2.06628,4.84952,1.9994,2.1308,0.486989,NN_Adam
0,0,0,0,0,254.517,446.463,213.38,1.05249,6.09751,0.778608,1.06792,1.38371,NN_Adam
0,0,0,0,0,238.015,-437.145,312.568,5.21037,0.0894383,0.620062,1.1589,5.34562,NN_Adam
0,0,0,0,0,-74.0363,339.83,12.2411,4.92678,2.62023,0.720816,2.38993,2.53861,NN_Adam
0,0,0,0,0,-204.83,-331.075,70.2757,4.15809,0.113968,0.668575,6.01257,0.291986,NN_Adam
0,0,0,0,0,-490.327,32.1153,78.133,3.07611,5.58315,0.467215,2.09286,1.99764,NN_Adam
0,0,0,0,0,-334.8,-194.152,184.326,3.667,5.55247,2.14347,0.191776,1.26648,NN_Adam
0,0,0,0,0,141.36,459.671,214.358,1.27228,0.0213198,0.914017,0.428137,1.38371,NN_Adam
0,0,0,0,0,-524.124,-37.7804,244.642,3.2135,0.00525206,0.157316,1.75997,0.322384,NN_Adam
0,0,0,0,0,-284.23,-271.854,110.819,3.90476,5.54181,2.03203,6.2772,1.08158,NN_Adam
0,0,0,0,0,-118.305,-163.352,164.965,4.08547,5.11739,3.5579,5.78208,1.26648,NN_Adam
0,0,0,0,0,104.332,-112.66,197.583,2.31767,2.43978,4.73121,4.61267,2.27078,NN_Adam
0,0,0,0,0,175.739,-176.579,441.809,5.49515,0.0677778,0.504091,2.8108,5.13599,NN_Adam
0,0,0,0,0,359.799,-351.502,66.2594,5.50935,5.66021,0.374334,2.01729,0.00805729,NN_Adam
0,0,0,0,0,-112.277,-426.069,62.3126,4.45463,0.000354942,0.624679,0.0931265,0.291986,NN_Adam
0,0,0,0,0,-176.352,153.524,26.7243,2.42539,3.97491,1.60872,2.65335,0.164514,NN_Adam
0,0,0,0,0,-261.849,-250.664,135.346,0.763508,4.23743,5.01277,1.25262,0.721104,NN_Adam
0,0,0,0,0,-345.618,298.792,211.272,2.42868,6.19661,1.22412,0.224716,0.999488,NN_Adam
0,0,0,0,0,-191.234,-51.5167,580.083,3.40451,1.84339,5.27041,1.74914,5.93834,NN_Adam
0,0,0,0,0,337.465,-329.316,155.636,5.50988,5.81358,0.0871507,2.58852,0.00805729,NN_Adam
0,0,0,0,0,-123.985,-285.793,188.719,1.16111,1.64689,1.71866,1.73747,6.03257,NN_Adam
0,0,0,0,0,-75.4443,-58.1593,580.981,3.79821,0.629943,0.927739,1.88536,3.33779,NN_Adam
0,0,0,0,0,-134.589,399.762,12.1161,5.037,2.95801,0.39133,2.03379,2.53861,NN_Adam
0,0,0,0,0,405.791,-91.6334,353.799,6.06091,6.17115,0.332847,2.45711,0.881721,NN_Adam
0,0,0,0,0,-99.3999,-236.103,406.544,1.17214,1.4649,0.816633,2.41641,6.01895,NN_Adam
0,0,0,0,0,-245.826,-416.922,244.701,4.17954,5.93731,0.463771,2.11762,0.191397,NN_Adam
0,0,0,0,0,-218.744,296.614,60.9487,2.20606,0.301076,0.266658,6.06106,6.07848,NN_Adam
0,0,0,0,0,-171.103,333.842,71.8054,2.04425,4.75975,1.47831,2.02048,0.164514,NN_Adam
0,0,0,0,0,-45.4177,-182.602,73.6956,1.32683,1.75222,2.9928,0.397654,1.73232,NN_Adam
0,0,0,0,0,72.3053,306.454,317.456,1.3387,1.86243,3.99845,2.35638,2.83862,NN_Adam
0,0,0,0,0,276.618,-84.3776,77.318,2.8455,3.79487,4.14394,3.5864,6.22657,NN_Adam
0,0,0,0,0,238.741,18.2381,110.118,3.21747,3.62962,3.71407,4.03802,6.22657,NN_Adam
0,0,0,0,0,-9.66097,107.37,115.725,1.66048,3.23887,4.15282,6.06341,1.68825,NN_Adam
0,0,0,0,0,-246.918,-329.627,55.7259,0.927798,2.64254,0.847771,1.80193,6.08012,NN_Adam
0,0,0,0,0,-309.922,198.178,348.334,2.57248,6.10957,0.292366,2.79945,2.06914,NN_Adam
0,0,0,0,0,67.1743,-458.832,261.903,4.85753,5.92883,0.443381,2.28568,2.3339,NN_Adam
0,0,0,0,0,77.0406,86.9094,37.5673,3.98707,5.63913,2.94277,2.98218,0.353671,NN_Adam
0,0,0,0,0,17.5278,-168.132,80.2486,4.81612,1.11496,5.175,5.96221,5.26321,NN_Adam
0,0,0,0,0,245.377,150.331,174.392,0.549643,4.89069,2.85459,0.320398,1.59582,NN_Adam
0,0,0,0,0,-266.873,430.247,265.01,2.1259,6.16352,0.305057,1.92412,0.486989,NN_Adam
0,0,0,0,0,-201.115,287.777,60.8961,2.18074,0.337593,0.226461,5.98756,6.07848,NN_Adam
0,0,0,0,0,48.6229,-318.854,412.892,4.8636,6.1581,0.657999,2.51887,2.3339,NN_Adam
0,0,0,0,0,-140.837,77.0263,60.8304,2.64105,3.74314,1.52626,3.14738,0.164514,NN_Adam
0,0,0,0,0,-186.373,214.984,85.9046,2.28495,4.32737,1.66356,2.45512,0.164514,NN_Adam
0,0,0,0,0,418.522,-141.016,299.011,5.9582,5.93694,0.580376,2.25769,2.70961,NN_Adam
0,0,0,0,0,143.422,404.411,27.7319,1.22977,0.690602,4.87338,1.65411,1.11678,NN_Adam
0,0,0,0,0,-121.911,281.646,490.231,1.97911,1.05483,0.569188,0.291481,5.36892,NN_Adam
0,0,0,0,0,14.4113,-229.472,448.973,1.63323,1.22244,1.49754,1.50837,6.01895,NN_Adam
0,0,0,0,0,403.912,-52.6746,263.66,3.01178,3.14372,5.23637,2.6137,5.89801,NN_Adam
0,0,0,0,0,-173.038,-32.5019,17.0291,3.32692,3.74202,1.4877,2.97594,0.164514,NN_Adam
0,0,0,0,0,-112.196,-157.651,624.597,4.09353,1.09104,0.129464,1.7234,5.93834,NN_Adam
0,0,0,0,0,-245.303,20.8949,459.597,6.19807,2.92608,6.02041,0.514368,1.88987,NN_Adam
0,0,0,0,0,56.9781,333.279,101.116,1.40136,1.32056,4.77792,0.848469,1.11678,NN_Adam
0,0,0,0,0,-156.15,-108.919,107.242,3.75087,5.08274,3.77416,5.42803,1.26648,NN_Adam
0,0,0,0,0,-281.343,230.841,70.8525,2.45443,0.143622,0.698023,5.85557,1.75357,NN_Adam
0,0,0,0,0,-224.551,-200.308,178.605,0.728159,4.3941,4.85374,0.953911,0.721104,NN_Adam
0,0,0,0,0,-64.8431,447.696,128.841,1.71451,0.16697,0.594368,0.1268,5.82413,NN_Adam
0,0,0,0,0,418.169,-180.342,371.484,5.87564,0.0912571,0.24323,2.10449,0.881721,NN_Adam
0,0,0,0,0,69.5016,94.2206,268.856,0.935156,5.05926,1.74828,3.02084,0.786399,NN_Adam
0,0,0,0,0,-45.0256,258.989,26.8178,1.74307,4.12159,1.59842,2.51306,0.164514,NN_Adam
0,0,0,0,0,-251.156,249.338,348.883,2.35978,0.978542,4.52691,3.2305,6.17791,NN_Adam
0,0,0,0,0,-64.8013,-143.067,325.573,1.14511,2.29592,4.2854,4.30849,2.27078,NN_Adam
0,0,0,0,0,-45.609,-223.038,509.999,1.3689,1.42741,1.14435,1.46075,6.01895,NN_Adam
0,0,0,0,0,77.5544,-115.925,403.272,2.16054,0.590775,1.78868,1.97208,6.01895,NN_Adam
0,0,0,0,0,-394.488,-236.506,40.1575,0.539924,3.21066,0.118741,1.71488,0.996245,NN_Adam
0,0,0,0,0,89.5816,-330.999,329.355,4.97631,1.09913,0.176306,6.17716,2.87431,NN_Adam
0,0,0,0,0,-169.408,-284.383,480.419,1.03354,2.09677,0.251132,1.87073,6.01895,NN_Adam
0,0,0,0,0,188.945,358.563,135.23,1.0857,0.15553,0.908612,6.00335,1.38371,NN_Adam
0,0,0,0,0,-0.576163,-456.484,170.157,4.71084,5.70931,0.300723,2.56507,2.3339,NN_Adam
0,0,0,0,0,-404.371,123.707,51.8674,2.8446,5.72937,1.501,0.0209664,4.41349,NN_Adam
0,0,0,0,0,-328.661,-182.207,245.325,3.64767,0.551732,0.822347,5.92098,0.458783,NN_Adam
0,0,0,0,0,-395.373,-301.968,218.815,3.79342,0.276713,0.401784,0.63431,3.41488,NN_Adam
0,0,0,0,0,75.3447,-305.465,273.065,4.95415,1.15395,0.01783,5.98264,2.87431,NN_Adam
0,0,0,0,0,381.593,122.272,265.628,0.309845,5.44615,1.56,1.57309,2.76285,NN_Adam
0,0,0,0,0,-297.553,-29.6486,419.671,0.0991602,3.00276,6.12521,0.525398,1.88987,NN_Adam
0,0,0,0,0,-134.412,-266.531,188.416,1.10365,1.57039,1.76435,1.79201,6.03257,NN_Adam
0,0,0,0,0,-95.3386,415.58,103.014,4.93775,2.68359,0.448331,2.13105,2.53861,NN_Adam
0,0,0,0,0,-157.533,270.171,141.062,2.09859,4.55231,1.81468,2.16107,0.486989,NN_Adam
0,0,0,0,0,31.6202,-348.924,53.7494,1.66091,2.45105,1.81764,0.771645,1.73232,NN_Adam
0,0,0,0,0,-408.939,212.759,181.46,2.6616,6.03692,1.31354,0.289346,0.999488,NN_Adam
0,0,0,0,0,317.376,-358.51,333.471,5.43696,0.0702038,0.812551,1.02143,2.71482,NN_Adam
0,0,0,0,0,-132.549,-329.55,521.264,4.32993,0.558414,0.250839,1.86718,0.165034,NN_Adam
0,0,0,0,0,-446.238,-259.687,214.37,3.66842,6.05875,0.305432,1.92103,0.384745,NN_Adam
0,0,0,0,0,126.471,-321.683,2.70497,1.94528,3.69151,0.725856,6.27017,4.79934,NN_Adam
0,0,0,0,0,12.6839,10.7381,192.306,0.702996,4.6199,1.87497,3.59374,1.6879,NN_Adam
0,0,0,0,0,148.699,225.43,84.224,0.987653,4.62061,1.06921,3.03949,4.54565,NN_Adam
0,0,0,0,0,-69.0773,447.033,231.776,1.7238,5.59602,1.11904,1.75922,0.486989,NN_Adam
0,0,0,0,0,-156.084,-354.334,138.39,1.15579,2.39342,0.613676,2.35766,1.4549,NN_Adam
0,0,0,0,0,311.491,390.872,331.395,0.897897,0.184322,0.158355,1.76124,5.73413,NN_Adam
0,0,0,0,0,-72.7614,-290.563,34.1831,1.32527,2.26326,1.19216,2.32265,1.72265,NN_Adam
0,0,0,0,0,-374.685,-11.5779,163.069,0.0307288,2.79631,5.80497,3.06589,3.84344,NN_Adam
0,0,0,0,0,290.745,-182.921,199.331,2.57983,2.04141,0.797882,2.4904,0.428259,NN_Adam
0,0,0,0,0,270.894,-446.825,200.067,5.25735,6.07462,0.262091,1.88324,6.0557,NN_Adam
0,0,0,0,0,-172.328,-210.445,349.197,0.884563,2.02184,1.94186,6.19391,5.67876,NN_Adam
0,0,0,0,0,351.298,-279.882,29.6919,2.46867,3.14333,0.557061,1.22238,0.758087,NN_Adam
0,0,0,0,0,48.1631,116.116,54.3444,4.31912,5.56492,2.93643,2.96338,0.353671,NN_Adam
0,0,0,0,0,364.777,273.024,217.422,3.78403,2.76385,0.605359,1.14015,4.04251,NN_Adam
0,0,0,0,0,53.964,448.682,216.259,1.45095,0.00369614,1.15867,0.150779,1.38371,NN_Adam
0,0,0,0,0,-408.888,280.12,127.494,2.54093,5.84024,1.08833,0.766275,0.999488,NN_Adam
0,0,0,0,0,444.853,228.422,305.664,0.474323,0.0165126,0.265404,1.8651,5.73413,NN_Adam
0,0,0,0,0,-257.456,339.087,409.277,2.22005,0.456047,0.76036,0.668797,5.36892,NN_Adam
0,0,0,0,0,-74.0054,68.3697,391.888,2.3956,2.89154,4.86785,0.43259,5.93834,NN_Adam
0,0,0,0,0,97.195,179.549,5.10622,4.2161,5.06829,3.56142,2.80696,0.353671,NN_Adam
0,0,0,0,0,290.227,424.426,9.35301,0.970996,5.78842,0.1788,1.78462,5.4464,NN_Adam
0,0,0,0,0,-64.7709,-43.1902,419.619,3.72963,0.192792,0.838825,3.05669,3.09063,NN_Adam
0,0,0,0,0,-353.44,91.7212,222.527,2.88737,0.405683,1.10111,5.76023,1.75357,NN_Adam
0,0,0,0,0,282.156,311.101,73.7553,0.834041,5.98002,5.36215,3.2722,5.4464,NN_Adam
0,0,0,0,0,-407.307,-60.3582,389.466,3.28866,0.287193,1.11459,0.474705,6.25163,NN_Adam
0,0,0,0,0,-51.2639,21.7192,439.431,2.74076,0.0563452,1.33149,2.55729,3.33779,NN_Adam
0,0,0,0,0,-27.7208,-496.189,177.614,4.65639,5.80516,0.466749,2.07745,0.191397,NN_Adam
0,0,0,0,0,-256.47,-163.198,266.937,3.7081,5.77442,2.60083,6.1297,1.26648,NN_Adam
0,0,0,0,0,-252.878,39.5868,195.097,6.12775,1.40765,2.50407,0.849887,0.906191,NN_Adam
0,0,0,0,0,133.623,-215.403,551.588,5.26754,0.542462,0.373765,2.19927,5.13599,NN_Adam
0,0,0,0,0,245.544,258.197,98.1846,0.810351,5.78827,5.46616,3.67755,5.4464,NN_Adam
0,0,0,0,0,192.644,480.495,179.921,1.18924,6.09374,0.738666,0.981916,1.38371,NN_Adam
0,0,0,0,0,325.347,410.953,248.72,0.901163,0.00530451,0.164699,1.76739,5.73413,NN_Adam
0,0,0,0,0,-333.595,313.938,51.8407,2.38639,5.74145,1.26198,0.349523,1.75357,NN_Adam
0,0,0,0,0,-514.508,-76.0337,21.2429,3.28826,5.85789,0.142753,1.74199,0.721104,NN_Adam
0,0,0,0,0,-408.928,278.23,45.1666,2.54396,5.77678,0.914288,0.784324,0.999488,NN_Adam
0,0,0,0,0,-262.812,-458.21,128.475,4.19159,5.9637,0.234902,1.84754,0.191397,NN_Adam
0,0,0,0,0,-270.384,188.48,356.188,2.53279,0.994275,4.44675,3.38669,6.17791,NN_Adam
0,0,0,0,0,287.829,106.195,249.603,3.49488,3.32766,4.30182,3.36729,6.22657,NN_Adam
0,0,0,0,0,103.633,-299.59,538.102,5.0452,0.547779,0.312886,1.98299,5.13599,NN_Adam
0,0,0,0,0,-14.7694,-24.605,255.351,1.03014,2.6953,1.40811,4.52545,0.0907237,NN_Adam
0,0,0,0,0,120.006,-3.7345,92.5997,3.11025,5.94659,2.76474,2.71867,0.353671,NN_Adam
0,0,0,0,0,256.223,-343.793,431.574,5.35262,0.943477,5.53726,2.02848,0.586595,NN_Adam
0,0,0,0,0,-390.534,247.649,315.726,2.57631,0.0831184,1.024,0.624861,0.999488,NN_Adam
0,0,0,0,0,132.416,174.897,98.7042,0.922831,4.45215,1.18693,3.21036,4.54565,NN_Adam
0,0,0,0,0,-118.08,201.233,597.061,2.10127,0.889857,0.637074,1.15314,5.36892,NN_Adam
0,0,0,0,0,-11.9614,-294.092,80.8802,1.5298,2.1382,2.29542,0.591137,1.73232,NN_Adam
0,0,0,0,0,420.6,-198.772,78.9225,5.84158,5.46589,0.485309,2.32351,5.00623,NN_Adam
0,0,0,0,0,27.8943,264.874,43.6083,1.4657,1.35564,4.54256,0.737739,1.11678,NN_Adam
0,0,0,0,0,401.25,318.336,140.489,0.670451,5.89499,0.197446,2.12631,5.4464,NN_Adam
0,0,0,0,0,44.005,-514.362,81.351,4.79748,5.78364,0.3049,1.92609,6.27677,NN_Adam
0,0,0,0,0,-182.931,-367.24,430.885,4.24997,0.157264,0.403963,2.04986,0.165034,NN_Adam
0,0,0,0,0,-165.53,96.9292,321.592,2.61168,0.974257,3.07588,4.58279,6.17791,NN_Adam
0,0,0,0,0,-210.425,-255.23,132.842,0.881126,2.19739,0.747555,2.63571,1.4549,NN_Adam
0,0,0,0,0,-439.504,39.7013,380.503,3.05139,0.0100457,0.44196,2.03818,2.06914,NN_Adam
0,0,0,0,0,126.736,-494.021,146.831,4.9634,5.83082,0.373501,2.01608,6.27677,NN_Adam
0,0,0,0,0,99.6705,-232.048,442.133,1.97639,3.28933,5.23168,1.12847,1.90659,NN_Adam
0,0,0,0,0,-107.756,301.421,71.0265,1.91394,4.49915,1.54103,2.33239,0.164514,NN_Adam
0,0,0,0,0,-322.097,-353.169,200.431,3.973,5.84547,1.30089,0.78288,1.08158,NN_Adam
0,0,0,0,0,252.346,-283.16,516.19,5.44025,0.718668,0.0808818,1.67005,0.586595,NN_Adam
0,0,0,0,0,256.213,-121.191,257.815,2.69961,1.64801,2.29761,0.517996,1.09903,NN_Adam
0,0,0,0,0,12.6914,-279.308,372.641,1.61612,3.61667,5.04664,1.12358,1.34452,NN_Adam
0,0,0,0,0,-24.2353,-441.084,73.2343,4.65741,0.0248817,0.633586,0.0836928,5.80573,NN_Adam
0,0,0,0,0,-124.073,-67.2982,48.7596,3.63843,0.174372,6.09158,5.32949,0.954884,NN_Adam
0,0,0,0,0,-404.993,-151.929,304.257,3.5003,5.93007,0.5872,2.30748,0.322384,NN_Adam
0,0,0,0,0,-75.8858,108.588,222.657,5.3224,3.19485,1.35583,4.82273,0.0907237,NN_Adam
0,0,0,0,0,-272.311,152.777,156.705,2.63024,0.538512,0.65144,5.55022,1.75357,NN_Adam
0,0,0,0,0,-220.036,319.878,39.6868,2.17319,0.182319,0.3195,6.17978,6.07848,NN_Adam
0,0,0,0,0,-162.581,-161.845,567.918,0.78279,1.83854,0.273419,1.80197,6.01895,NN_Adam
0,0,0,0,0,243.647,307.181,197.035,0.900303,6.15146,5.48739,3.45988,5.4464,NN_Adam
0,0,0,0,0,-321.42,181.922,378.772,2.62627,0.948369,4.80049,3.03612,6.17791,NN_Adam
0,0,0,0,0,451.974,228.389,142.209,0.467623,5.92689,0.946214,0.861693,2.89142,NN_Adam
0,0,0,0,0,36.2652,318.57,116.025,1.45726,1.42187,4.78748,0.714059,1.11678,NN_Adam
0,0,0,0,0,-268.366,-294.962,172.989,3.97407,5.68672,2.01097,0.0624226,1.26648,NN_Adam
0,0,0,0,0,37.9674,271.477,279.347,1.43169,0.209134,2.51244,5.3412,4.84654,NN_Adam
0,0,0,0,0,296.15,-307.935,268.044,2.33654,3.28599,5.34301,2.14907,0.247987,NN_Adam
0,0,0,0,0,126.535,-393.4,347.865,5.02347,6.07083,0.515553,2.36109,2.3339,NN_Adam
0,0,0,0,0,172.379,303.697,311.259,1.05436,1.65118,4.18869,2.3307,2.83862,NN_Adam
0,0,0,0,0,-32.402,352.125,409.831,1.66234,0.1222,1.60159,0.38022,0.374479,NN_Adam
0,0,0,0,0,47.0077,394.936,487.622,1.45228,0.514623,0.196942,1.80352,0.374479,NN_Adam
0,0,0,0,0,-74.1968,-501.41,70.452,4.56535,5.85197,0.820586,0.887356,0.291986,NN_Adam
0,0,0,0,0,116.681,-246.071,412.025,2.01344,3.41056,5.20044,1.10822,1.90659,NN_Adam
0,0,0,0,0,223.238,398.301,278.205,1.05969,0.958899,4.92762,2.22958,2.83862,NN_Adam
0,0,0,0,0,-0.212742,-159.227,11.9707,4.71096,0.72894,5.15194,6.13553,5.26321,NN_Adam
0,0,0,0,0,117.776,-178.574,456.437,2.15391,3.32228,4.66199,1.801,1.61524,NN_Adam
0,0,0,0,0,236.053,302.021,59.5081,0.907281,4.93525,1.01104,2.42857,4.54565,NN_Adam
0,0,0,0,0,-340.098,-0.989197,81.6153,0.00277727,2.89924,5.87371,3.23447,3.84344,NN_Adam
0,0,0,0,0,351.039,-130.152,165.541,2.78629,2.25715,1.70875,0.756756,0.246225,NN_Adam
0,0,0,0,0,-134.095,314.51,344.483,1.97362,0.213085,1.78543,6.04886,4.84654,NN_Adam
0,0,0,0,0,-196.501,134.53,244.353,2.54094,0.772193,2.92119,4.43938,6.17791,NN_Adam
0,0,0,0,0,-261.872,-265.425,336.706,0.792005,2.05615,0.556538,2.17039,1.46502,NN_Adam
0,0,0,0,0,188.72,-482.903,22.2005,5.08489,5.82812,0.168999,1.77097,6.27677,NN_Adam
0,0,0,0,0,-110.541,241.708,124.816,1.99963,4.25392,1.8708,2.41654,0.486989,NN_Adam
0,0,0,0,0,-97.9896,274.494,380.453,1.91349,1.5177,6.04535,0.0556933,1.23374,NN_Adam
0,0,0,0,0,-286,27.7052,282.8,3.04487,0.773894,1.18342,5.43136,1.75357,NN_Adam
0,0,0,0,0,-1.90604,-282.049,373.486,1.56395,3.6074,5.05177,1.1386,1.34452,NN_Adam
0,0,0,0,0,226.943,98.6973,92.3102,0.410142,4.54663,3.11883,0.0294541,1.59582,NN_Adam
0,0,0,0,0,-277.286,50.3025,487.132,2.96197,0.778946,1.1808,0.121526,0.988303,NN_Adam
0,0,0,0,0,-368.324,-136.435,282.921,3.49619,0.455772,1.01423,6.07245,0.458783,NN_Adam
0,0,0,0,0,-212.083,-287.397,400.5,0.934931,2.66824,5.49898,2.57506,2.04068,NN_Adam
0,0,0,0,0,143.6,-211.15,414.537,2.16796,3.48232,4.62793,1.83373,1.61524,NN_Adam
0,0,0,0,0,-59.7948,-56.1585,514.65,3.89561,0.314349,1.14345,2.23199,3.33779,NN_Adam
0,0,0,0,0,-85.2445,-142.64,606.943,4.17351,0.845301,0.37942,1.98753,5.93834,NN_Adam
0,0,0,0,0,471.355,218.529,227.634,0.433986,6.13495,0.267647,1.86497,2.89142,NN_Adam
0,0,0,0,0,188.631,-467.298,199.261,5.09597,0.219208,0.39414,0.681229,1.80074,NN_Adam
0,0,0,0,0,-144.075,-409.912,434.84,4.37435,0.322425,0.250016,1.86404,0.165034,NN_Adam
0,0,0,0,0,18.8385,249.184,356.367,1.49504,0.870463,4.32241,3.97784,6.17791,NN_Adam
0,0,0,0,0,-285.739,-4.00361,389.405,3.15506,0.739886,1.44197,5.79792,0.988303,NN_Adam
0,0,0,0,0,337.914,125.203,231.657,0.354652,5.14736,1.59209,1.98078,2.76285,NN_Adam
0,0,0,0,0,113.899,-341.566,21.5539,1.89256,2.99845,1.54539,0.234777,1.63146,NN_Adam
0,0,0,0,0,334.091,-417.316,223.878,5.38742,0.100423,0.042698,1.62224,6.0557,NN_Adam
0,0,0,0,0,-361.15,-119.462,348.997,0.319282,2.05734,0.671038,1.93367,1.88987,NN_Adam
0,0,0,0,0,360.067,152.786,13.4926,3.54268,3.0728,1.23649,0.494711,0.917386,NN_Adam
0,0,0,0,0,365.504,-324.642,24.8403,5.55668,5.55418,0.342679,2.10353,0.00805729,NN_Adam
0,0,0,0,0,102.324,529.363,176.89,1.37982,6.27384,0.0563146,1.63869,1.38371,NN_Adam
0,0,0,0,0,-349.645,339.833,224.109,2.3703,6.07261,1.09487,0.709963,6.07848,NN_Adam
0,0,0,0,0,-156.146,-241.281,530.285,4.13784,0.421697,0.45765,2.13809,0.165034,NN_Adam
0,0,0,0,0,397.439,95.6006,66.3271,3.37755,2.98749,1.16798,0.510164,0.917386,NN_Adam
0,0,0,0,0,305.332,374.692,271.793,0.886919,6.21178,1.00835,0.758144,5.73413,NN_Adam
0,0,0,0,0,0.935241,352.812,160.415,1.5679,1.42188,4.90042,0.800367,1.11678,NN_Adam
0,0,0,0,0,7.93921,-512.589,304.827,4.72783,0.185751,0.108816,1.70271,0.165034,NN_Adam
0,0,0,0,0,-153.964,-77.5439,137.339,3.60798,2.07624,2.61511,3.11469,3.28783,NN_Adam
0,0,0,0,0,-475.805,66.2755,299.763,3.00267,6.11909,0.42861,2.02058,0.322384,NN_Adam
0,0,0,0,0,-106.456,12.591,598.245,3.02364,0.724213,0.851124,1.75717,3.33779,NN_Adam
0,0,0,0,0,21.4722,-446.524,342.395,4.76031,6.14638,0.472026,2.14823,0.165034,NN_Adam
0,0,0,0,0,-149.655,-31.2933,40.7719,3.34767,3.64969,1.50541,3.13135,0.164514,NN_Adam
0,0,0,0,0,-461.658,-169.362,6.30436,3.49306,5.55188,0.366465,1.98612,5.9272,NN_Adam
0,0,0,0,0,-154.407,250.487,142.681,2.1231,4.44882,1.87645,2.22553,0.486989,NN_Adam
0,0,0,0,0,118.459,162.219,92.0601,0.939707,4.37943,1.1665,3.30187,4.54565,NN_Adam
0,0,0,0,0,173.015,432.45,289.397,1.19016,0.878003,5.06457,2.22959,2.83862,NN_Adam
0,0,0,0,0,441.549,-71.5766,96.2778,2.98074,2.93466,0.809254,0.994998,3.16442,NN_Adam
0,0,0,0,0,310.901,-295.034,339.058,5.52384,0.273276,1.07578,0.306467,2.71482,NN_Adam
0,0,0,0,0,-69.8229,342.248,75.6214,4.91354,2.42954,0.698893,2.51412,2.53861,NN_Adam
0,0,0,0,0,-56.5775,331.11,278.171,1.73998,0.19242,1.89008,5.69677,4.84654,NN_Adam
0,0,0,0,0,-66.749,-183.327,453.9,1.22143,1.03989,1.52788,1.66666,6.01895,NN_Adam
0,0,0,0,0,43.2354,130.472,291.449,1.25087,5.16335,1.74425,2.85747,1.14695,NN_Adam
0,0,0,0,0,-280.383,-271.139,343.881,0.76841,2.16972,0.466947,2.05886,1.46502,NN_Adam
0,0,0,0,0,-131.493,-466.396,186.318,4.43745,0.441763,0.0928179,0.580432,0.191397,NN_Adam
0,0,0,0,0,102.473,-134.762,144.738,2.22051,3.90791,2.82201,4.04825,6.22657,NN_Adam
0,0,0,0,0,79.8457,149.784,50.362,4.22251,5.29433,3.22369,2.82185,0.353671,NN_Adam
0,0,0,0,0,-326.576,-350.507,233.97,3.96209,6.06076,1.18011,0.661948,3.41488,NN_Adam
0,0,0,0,0,372.4,215.926,26.9048,3.66701,2.95127,0.379009,1.98919,4.3676,NN_Adam
0,0,0,0,0,34.7962,-144.638,211.153,1.80675,0.977889,3.28576,0.181872,3.18951,NN_Adam
0,0,0,0,0,160.077,126.485,59.6862,3.81023,5.18309,3.44739,2.57542,0.353671,NN_Adam
0,0,0,0,0,230.613,363.43,70.3302,1.00528,0.793558,4.63548,2.02166,1.11678,NN_Adam
0,0,0,0,0,-4.5424,460.348,221.631,1.5806,0.41895,0.440652,0.280749,0.458874,NN_Adam
0,0,0,0,0,-217.104,-49.3238,487.911,3.36485,2.17252,4.9227,1.31666,5.93834,NN_Adam
0,0,0,0,0,235.738,475.309,182.688,1.11033,6.11458,0.199181,1.80797,1.38371,NN_Adam
0,0,0,0,0,342.344,-221.7,125.16,5.70842,5.29007,0.704199,2.59832,5.00623,NN_Adam
0,0,0,0,0,-19.199,-367.756,8.48004,1.51854,2.61689,0.917945,2.03417,1.72265,NN_Adam
0,0,0,0,0,-104.312,-376.516,155.419,1.30036,2.37649,0.58224,2.35626,1.72265,NN_Adam
0,0,0,0,0,-335.422,-366.425,56.3059,3.97085,5.69932,0.978731,0.909241,1.08158,NN_Adam
0,0,0,0,0,30.9878,206.408,219.945,1.42158,6.22249,4.21428,4.83129,6.17791,NN_Adam
0,0,0,0,0,-326.501,341.198,99.3464,2.33402,6.04021,1.00573,0.311254,0.999488,NN_Adam
0,0,0,0,0,172.8,-344.932,386.44,5.17657,0.585114,0.934413,0.13879,5.34562,NN_Adam
0,0,0,0,0,241.422,-408.006,66.0498,5.24642,5.4861,0.471024,2.23912,6.0557,NN_Adam
0,0,0,0,0,-50.4094,-259.191,191.57,4.52003,5.61335,3.09321,5.6715,1.26648,NN_Adam
0,0,0,0,0,-148.979,-226.933,28.5795,0.989579,2.16682,2.29541,0.810963,0.324958,NN_Adam
0,0,0,0,0,-370.05,-275.352,18.2124,3.78109,5.60515,1.22468,0.536858,0.444879,NN_Adam
0,0,0,0,0,250.709,435.373,292.526,1.04825,0.0340581,0.659636,1.12673,5.73413,NN_Adam
0,0,0,0,0,44.5646,-307.77,0.855862,1.71455,2.46442,1.96465,0.832723,1.73232,NN_Adam
0,0,0,0,0,-81.2211,301.869,521.696,1.83353,0.930837,0.619823,0.579081,5.36892,NN_Adam
0,0,0,0,0,31.5425,-248.023,369.292,1.69721,3.70296,4.94567,1.03319,1.34452,NN_Adam
0,0,0,0,0,-207.367,-56.4072,268.979,3.40686,2.03795,3.1412,3.17395,3.28783,NN_Adam
0,0,0,0,0,272.311,-454.652,178.749,5.25198,6.09518,0.208898,1.81914,6.0557,NN_Adam
0,0,0,0,0,-441.934,-74.8281,269.783,3.30917,5.86226,0.567909,2.29362,0.322384,NN_Adam
0,0,0,0,0,-419.651,246.269,307.83,2.61075,0.0657466,0.80877,0.914042,0.999488,NN_Adam
0,0,0,0,0,286.456,-111.101,124.864,2.77129,1.94399,2.19942,0.812483,0.246225,NN_Adam
0,0,0,0,0,34.4779,-18.7687,317.585,2.64255,2.4474,1.34982,4.84104,0.0907237,NN_Adam
0,0,0,0,0,53.5579,-428.937,180.373,4.83645,0.621528,0.0390955,0.212302,2.87431,NN_Adam
0,0,0,0,0,169.861,-209.446,242.021,2.25202,4.23416,3.92192,2.34177,0.247987,NN_Adam
0,0,0,0,0,0.674134,38.8484,145.789,1.55325,4.48911,1.4128,3.92446,1.6879,NN_Adam
0,0,0,0,0,91.6458,-429.76,37.5246,1.78084,3.09442,0.761836,0.986034,1.63146,NN_Adam
0,0,0,0,0,257.226,15.9238,8.78498,0.0612021,4.57729,2.84547,6.19757,1.59582,NN_Adam
0,0,0,0,0,324.297,-94.3123,243.696,2.85834,2.28994,1.85561,0.119765,2.71482,NN_Adam
0,0,0,0,0,-196.052,278.61,321.309,2.18387,1.12914,0.10268,6.17952,2.03274,NN_Adam
0,0,0,0,0,262.478,-183.686,294.328,2.53092,2.99649,0.727519,6.11323,2.38395,NN_Adam
0,0,0,0,0,-167.517,-128.459,477.67,0.654196,1.20595,1.41333,1.5162,0.873547,NN_Adam
0,0,0,0,0,85.3104,-408.164,184.297,4.91831,0.712395,6.23284,0.165699,2.87431,NN_Adam
0,0,0,0,0,-224.477,-319.894,358.197,4.10048,6.00407,0.687607,2.33186,1.21809,NN_Adam
0,0,0,0,0,150.635,387.69,258.811,1.20004,1.25029,4.53437,2.204,2.83862,NN_Adam
0,0,0,0,0,-263.32,280.61,21.3314,2.32431,6.17709,0.804005,6.0334,1.75357,NN_Adam
0,0,0,0,0,155.937,480.058,255.497,1.25637,6.14794,0.81054,1.10352,1.38371,NN_Adam
0,0,0,0,0,217.078,-229.135,268.334,2.32877,3.95504,4.31769,2.18807,0.247987,NN_Adam
0,0,0,0,0,-425.054,-147.829,180.62,3.47602,0.235754,0.7037,0.0920202,0.458783,NN_Adam
0,0,0,0,0,-380.434,-93.6373,382.864,0.241286,2.25382,0.317939,1.94254,1.88987,NN_Adam
0,0,0,0,0,-154.322,-80.7149,183.494,3.62341,5.10553,3.70551,5.81381,1.26648,NN_Adam
0,0,0,0,0,90.1329,235.606,207.485,1.20551,0.480034,2.48341,4.72837,4.84654,NN_Adam
0,0,0,0,0,13.5876,514.429,209.048,1.54398,6.02705,0.322452,1.94302,0.458874,NN_Adam
0,0,0,0,0,-244.469,-185.026,230.233,0.647806,4.19899,4.84364,1.07047,0.721104,NN_Adam
0,0,0,0,0,-36.3711,444.385,184.226,1.6523,0.471687,0.288847,0.189901,0.458874,NN_Adam
0,0,0,0,0,-77.6172,-36.7625,604.839,3.58382,0.797635,0.82547,1.74192,3.33779,NN_Adam
0,0,0,0,0,-184.431,-74.3276,168.526,3.52449,2.08153,2.81654,3.04282,3.28783,NN_Adam
0,0,0,0,0,212.075,416.143,343.389,1.09921,0.801066,5.35803,2.18102,2.83862,NN_Adam
0,0,0,0,0,-254.913,-258.221,321.047,0.791634,2.00036,0.613288,2.2599,1.46502,NN_Adam
0,0,0,0,0,-137.676,-62.3647,455.84,0.425278,0.805651,1.66367,1.69679,6.01895,NN_Adam
0,0,0,0,0,-202.364,230.766,402.089,2.29066,1.17537,4.48532,3.26234,6.17791,NN_Adam
0,0,0,0,0,-150.136,396.897,80.1962,5.07387,2.72572,0.478654,2.09699,2.53861,NN_Adam
0,0,0,0,0,-114.454,-102.15,499.578,0.728606,0.982518,1.49788,1.52747,6.01895,NN_Adam
0,0,0,0,0,251.237,-408.015,130.226,5.26407,5.75646,1.29444,0.65252,6.0557,NN_Adam
0,0,0,0,0,-393.62,-136.534,146.827,3.47542,0.320902,0.579611,6.16075,0.458783,NN_Adam
0,0,0,0,0,69.0316,-47.4179,77.0757,2.53965,6.05669,2.57277,3.01465,0.353671,NN_Adam
0,0,0,0,0,-273.131,220.264,542.08,2.46286,0.826829,0.0546778,1.63719,2.39757,NN_Adam
0,0,0,0,0,358.697,-113.16,329.023,2.83588,2.71543,0.783218,0.350979,2.38395,NN_Adam
0,0,0,0,0,206.644,-158.581,40.4879,2.48685,3.96266,3.97788,3.6814,6.22657,NN_Adam
0,0,0,0,0,367.439,145.353,264.058,0.376598,5.41305,1.57965,1.60654,2.76285,NN_Adam
0,0,0,0,0,-65.9154,-427.686,156.063,4.55938,0.611398,6.2176,0.263291,0.191397,NN_Adam
0,0,0,0,0,-279.871,80.8824,483.49,2.86015,0.764184,1.15072,0.144399,0.988303,NN_Adam
0,0,0,0,0,-154.955,225.042,399.678,2.17354,2.13989,4.74804,1.17578,5.93834,NN_Adam
0,0,0,0,0,171.557,-286.664,441.609,5.25149,1.45388,4.69811,2.51639,0.586595,NN_Adam
0,0,0,0,0,325.474,400.774,166.398,0.888436,5.99133,0.808413,1.04046,0.378545,NN_Adam
0,0,0,0,0,467.693,-39.3043,355.277,6.19917,0.0418625,0.341638,1.95672,5.4841,NN_Adam
0,0,0,0,0,217.443,273.756,242.45,0.899522,5.44472,0.895292,2.71654,0.0620472,NN_Adam
0,0,0,0,0,-288.885,139.513,306.573,2.69145,0.913507,4.16875,3.61701,6.17791,NN_Adam
0,0,0,0,0,457.666,261.39,48.2871,0.518888,5.93223,0.320907,1.40951,2.32665,NN_Adam
0,0,0,0,0,278.626,-129.176,253.212,2.70739,1.71953,2.12124,0.687087,1.09903,NN_Adam
0,0,0,0,0,-194.492,-485.939,241.35,4.33163,6.24109,0.192456,1.80013,1.21809,NN_Adam
0,0,0,0,0,240.222,299.343,116.561,0.89435,5.91354,5.45937,3.53156,5.4464,NN_Adam
0,0,0,0,0,47.311,-406.295,389.733,1.68667,2.49226,0.120644,1.71844,1.34452,NN_Adam
0,0,0,0,0,-132.27,521.308,192.29,1.81922,0.0137073,0.0624386,1.64622,0.458874,NN_Adam
0,0,0,0,0,-235.248,-363.044,262.855,0.99574,3.27725,5.4031,2.1043,0.721104,NN_Adam
0,0,0,0,0,81.1803,-499.021,201.787,4.8735,5.92537,0.418026,1.99363,5.80573,NN_Adam
0,0,0,0,0,-143.804,75.8944,90.4321,2.6555,3.78287,1.62849,3.13831,0.164514,NN_Adam
0,0,0,0,0,-148.803,-61.4439,424.506,3.53329,0.986236,2.00373,5.49206,0.988303,NN_Adam
0,0,0,0,0,-161.489,246.26,180.314,2.15105,4.59963,1.88191,2.20351,0.486989,NN_Adam
0,0,0,0,0,278.917,358.733,54.5801,4.05147,3.05368,0.227807,1.84326,4.3676,NN_Adam
0,0,0,0,0,466.792,-65.4394,189.916,3.00228,2.95803,0.0809858,1.6698,2.71482,NN_Adam
0,0,0,0,0,333.894,-88.384,161.967,2.8826,2.38398,1.94164,0.231134,2.71482,NN_Adam
0,0,0,0,0,-76.8193,174.998,450.91,1.98435,2.43539,4.78154,1.08801,5.93834,NN_Adam
0,0,0,0,0,-297.336,-39.7522,469.265,0.132881,2.81039,6.10854,0.824906,1.88987,NN_Adam
0,0,0,0,0,-206.911,-475.615,152.654,4.30199,5.91152,0.322437,1.94093,0.191397,NN_Adam
0,0,0,0,0,-78.3638,19.9525,186.792,6.03385,3.37472,1.13582,4.61522,0.0907237,NN_Adam
0,0,0,0,0,-267.518,212.682,353.216,2.4697,1.00067,4.47634,3.29754,6.17791,NN_Adam
0,0,0,0,0,243.419,-327.6,443.779,5.3514,1.0151,5.39572,2.19089,0.586595,NN_Adam
0,0,0,0,0,-100.935,-134.173,96.385,4.06731,1.0576,5.36299,5.79384,5.26321,NN_Adam
0,0,0,0,0,-510.079,116.082,206.156,2.91758,6.17533,0.601762,1.13067,4.41349,NN_Adam
0,0,0,0,0,-37.0503,-190.543,185.027,4.5203,1.4836,5.57899,5.74309,5.26321,NN_Adam
0,0,0,0,0,-25.5858,404.916,30.2893,1.63385,5.30174,1.83724,0.288649,5.82413,NN_Adam
0,0,0,0,0,-255.115,444.933,305.073,2.09136,0.193126,0.102837,1.69582,6.00367,NN_Adam
0,0,0,0,0,-26.0093,324.422,291.995,1.65067,0.169557,2.01391,5.70887,4.84654,NN_Adam
0,0,0,0,0,229.042,-37.0226,218.667,2.98105,3.38421,3.61339,3.90366,6.22657,NN_Adam
0,0,0,0,0,218.303,-101.222,160.501,2.70724,3.65512,3.58379,3.85158,6.22657,NN_Adam
0,0,0,0,0,77.2659,-243.372,316.63,1.87782,3.9522,4.87401,0.926061,1.34452,NN_Adam
0,0,0,0,0,-221.48,334.482,35.8997,2.15576,0.120609,0.384048,6.23596,6.07848,NN_Adam
0,0,0,0,0,-96.4244,356.065,410.681,1.83517,1.19322,6.18907,0.467725,1.23374,NN_Adam
0,0,0,0,0,-123.331,58.9867,563.619,2.69521,0.440898,1.19486,1.63276,3.33779,NN_Adam
0,0,0,0,0,-220.024,217.124,181.017,2.36266,0.460855,1.09831,5.39778,1.75357,NN_Adam
0,0,0,0,0,109.562,-497.611,14.9349,4.92905,5.71822,0.245215,1.85993,6.27677,NN_Adam
0,0,0,0,0,-74.622,-389.047,24.3605,1.38111,2.6585,0.946751,1.77219,6.08012,NN_Adam
0,0,0,0,0,-359.153,-287.155,214.851,3.81574,5.85957,1.46145,0.602783,1.08158,NN_Adam
0,0,0,0,0,-420.84,-128.342,49.4035,3.43761,6.19822,0.711737,0.0915777,0.721104,NN_Adam
0,0,0,0,0,35.8946,-394.227,298.136,1.66145,3.08926,5.20525,2.60461,1.34452,NN_Adam
0,0,0,0,0,-275.852,-228.075,160.242,0.690756,4.1964,5.00119,1.22628,0.721104,NN_Adam
0,0,0,0,0,-63.4651,352.001,366.154,1.74898,1.23835,6.13918,0.256265,1.23374,NN_Adam
0,0,0,0,0,369.206,-17.7298,175.841,3.09339,2.4688,1.70462,0.3161,2.71482,NN_Adam
0,0,0,0,0,316.193,-303.662,117.471,5.51759,5.52274,0.321667,2.67649,0.00805729,NN_Adam
0,0,0,0,0,-297.598,-54.7721,499.083,0.181992,1.95487,0.317619,1.93389,1.88987,NN_Adam
0,0,0,0,0,-75.8815,-53.1915,30.2756,0.611334,0.222485,2.81974,2.5263,5.50527,NN_Adam
0,0,0,0,0,14.022,128.324,41.8934,4.6035,5.47369,2.9929,3.02393,0.353671,NN_Adam
0,0,0,0,0,398.642,-314.386,4.21065,5.61536,5.71067,0.232903,1.84667,0.00805729,NN_Adam
0,0,0,0,0,55.3467,-485.435,312.219,4.82575,6.23899,0.328438,1.95189,2.3339,NN_Adam
0,0,0,0,0,-180.668,-85.2977,546.88,3.58257,2.03612,5.11066,1.52454,5.93834,NN_Adam
0,0,0,0,0,-397.79,7.11395,202.841,3.12347,5.60013,2.04333,0.310209,5.86949,NN_Adam
0,0,0,0,0,-400.492,291.056,15.3694,2.51298,5.79366,0.765266,0.840037,0.999488,NN_Adam
0,0,0,0,0,76.4027,271.379,139.734,1.29633,2.04324,3.69405,1.76332,1.68825,NN_Adam
0,0,0,0,0,-262.032,177.673,136.666,2.54554,0.347097,0.943935,5.47265,1.75357,NN_Adam
0,0,0,0,0,84.108,45.1337,99.2973,3.63381,5.99109,2.56402,2.95041,0.353671,NN_Adam
0,0,0,0,0,-470.295,-99.6746,229.275,3.35031,6.02922,1.18468,0.698789,0.721104,NN_Adam
0,0,0,0,0,-111.333,-302.926,37.9731,1.21859,2.26231,1.3212,2.03046,6.08012,NN_Adam
0,0,0,0,0,100.709,4.46593,66.5452,3.18587,6.06285,2.72384,2.8313,0.353671,NN_Adam
0,0,0,0,0,27.217,-235.37,361.576,1.68564,3.76809,4.89659,0.975461,1.34452,NN_Adam
0,0,0,0,0,93.5401,321.975,69.0208,1.28795,1.23576,4.69952,0.956361,1.11678,NN_Adam
0,0,0,0,0,41.064,258.79,381.326,1.41316,0.952089,4.46099,3.76973,6.17791,NN_Adam
0,0,0,0,0,248.633,82.8943,215.866,3.46321,3.3766,3.90613,3.75223,6.22657,NN_Adam
0,0,0,0,0,359.319,-355.33,286.734,5.50331,6.25617,0.260365,1.88181,5.34562,NN_Adam
0,0,0,0,0,-214.216,39.0623,279.789,2.96098,2.02361,3.19707,3.17029,3.28783,NN_Adam
0,0,0,0,0,271.195,-420.252,260.357,5.28538,6.09409,0.362504,1.97733,5.34562,NN_Adam
0,0,0,0,0,-31.6817,92.3848,228.641,1.90103,4.73871,1.77568,3.24196,1.6879,NN_Adam
0,0,0,0,0,-238.256,242.081,45.7065,2.34815,0.117416,0.625885,5.7874,1.75357,NN_Adam
0,0,0,0,0,-73.4887,401.978,470.064,1.75157,0.426008,0.238448,1.84686,5.36892,NN_Adam
0,0,0,0,0,-172.513,175.902,179.824,2.3462,0.644246,0.975176,5.12097,1.75357,NN_Adam
0,0,0,0,0,267.348,370.53,224.177,0.945555,0.0140913,1.12314,0.212936,1.38371,NN_Adam
0,0,0,0,0,-16.7557,-234.089,163.667,1.49909,1.23479,2.0156,2.01944,6.03257,NN_Adam
0,0,0,0,0,295.143,364.071,123.164,0.88949,0.738717,4.91488,1.97403,1.11678,NN_Adam
0,0,0,0,0,-6.43432,230.582,232.114,1.59844,0.748805,2.54888,4.55894,4.84654,NN_Adam
0,0,0,0,0,-186.484,-101.056,229.654,3.63822,5.46823,3.34115,5.89836,1.26648,NN_Adam
0,0,0,0,0,305.8,-195.74,85.28,2.57221,3.46755,0.778056,6.22762,3.16442,NN_Adam
0,0,0,0,0,-265.361,-49.7484,61.706,0.185197,2.7272,6.19083,3.44891,3.84344,NN_Adam
0,0,0,0,0,-203.885,96.045,108.337,5.84293,2.52063,6.20619,3.70622,3.84344,NN_Adam
0,0,0,0,0,-84.7029,-72.8205,252.751,0.710131,2.9898,1.71512,4.67636,0.0907237,NN_Adam
0,0,0,0,0,-321.813,285.711,355.305,2.41545,0.466819,0.789942,0.360293,0.572269,NN_Adam
0,0,0,0,0,-144.225,213.946,280.494,2.16381,4.94295,2.00793,2.07936,0.486989,NN_Adam
0,0,0,0,0,-67.3708,99.6834,244.101,5.30659,3.06701,1.28685,4.8452,0.0907237,NN_Adam
0,0,0,0,0,298.027,-151.284,227.336,2.67173,1.87945,1.95928,0.784493,1.09903,NN_Adam
0,0,0,0,0,-205.366,385.639,306.267,2.05992,0.388614,0.844888,0.213048,0.572269,NN_Adam
0,0,0,0,0,-298.688,253.95,5.45942,2.43686,6.12055,0.783607,6.12077,1.75357,NN_Adam
0,0,0,0,0,-121.493,-324.271,141.031,1.21212,2.21155,0.753446,2.53311,1.4549,NN_Adam
0,0,0,0,0,-40.1884,-96.219,364.41,1.17506,2.31132,1.77577,5.12253,0.0907237,NN_Adam
0,0,0,0,0,-103.074,436.805,189.864,1.80231,5.42869,1.2813,1.64086,0.486989,NN_Adam
0,0,0,0,0,456.233,-126.524,327.115,6.01247,6.22537,0.339311,2.05997,5.4841,NN_Adam
0,0,0,0,0,-199.164,-177.294,505.545,0.727269,1.77493,0.350804,2.14975,0.906681,NN_Adam
0,0,0,0,0,-356.43,90.5666,413.491,2.8927,0.105509,0.185857,2.61189,2.06914,NN_Adam
0,0,0,0,0,-149.027,4.93353,508.554,3.10844,0.181252,1.10056,2.21121,3.33779,NN_Adam
0,0,0,0,0,-136.665,-308.107,232.086,1.15323,1.72782,1.58219,1.61228,6.03257,NN_Adam
0,0,0,0,0,-284.612,69.0985,334.076,2.90329,0.691873,1.4739,5.57925,0.988303,NN_Adam
0,0,0,0,0,-52.9829,83.6161,102.124,2.13563,6.20861,1.09871,4.4407,0.914063,NN_Adam
0,0,0,0,0,-491.562,152.712,231.022,2.84034,6.10371,0.294706,1.91302,5.86949,NN_Adam
0,0,0,0,0,-18.3516,-285.65,474.308,1.50648,3.03718,5.35219,1.49315,1.90659,NN_Adam
0,0,0,0,0,-83.5751,-254.164,240.902,4.39465,2.41974,3.72185,1.7607,0.341132,NN_Adam
0,0,0,0,0,97.2441,61.6992,49.3914,3.70698,5.92004,2.90088,2.75467,0.353671,NN_Adam
0,0,0,0,0,76.2446,439.619,102.218,1.39897,0.141743,0.544514,0.108762,5.82413,NN_Adam
0,0,0,0,0,-356.423,147.05,303.658,2.75014,5.92438,1.90209,0.384779,5.86949,NN_Adam
0,0,0,0,0,56.0237,364.611,2.22295,1.41819,0.835672,4.80332,1.25054,1.11678,NN_Adam
0,0,0,0,0,-143.449,-182.949,3.20591,0.905436,2.09273,2.4193,0.935211,0.324958,NN_Adam
0,0,0,0,0,68.9869,-343.722,344.38,1.76858,3.53238,5.17491,1.40813,1.34452,NN_Adam
0,0,0,0,0,220.263,-293.1,247.359,2.21526,3.77183,4.63553,2.22667,0.247987,NN_Adam
0,0,0,0,0,-403.5,-1.0318,279.588,3.14404,5.87091,1.83591,0.431646,5.86949,NN_Adam
0,0,0,0,0,-441.983,159.114,101.009,2.79597,0.420024,6.11147,0.608247,4.41349,NN_Adam
0,0,0,0,0,-447.898,-274.695,176.961,3.69168,6.03634,0.257287,1.87026,0.384745,NN_Adam
0,0,0,0,0,-19.4627,-407.134,489.261,4.66456,0.687873,0.0431334,1.62325,0.415395,NN_Adam
0,0,0,0,0,49.1772,-58.2357,342.729,5.4137,5.14452,3.15194,0.961511,0.955645,NN_Adam
0,0,0,0,0,-253.519,-206.266,330.441,0.682789,2.14953,1.65763,0.223093,5.67876,NN_Adam
0,0,0,0,0,27.7055,-50.389,23.3581,5.21486,0.00972002,2.39948,3.73502,0.353671,NN_Adam
0,0,0,0,0,-264.38,-381.818,229.853,4.10662,5.79883,0.536646,2.2665,1.21809,NN_Adam
0,0,0,0,0,287.03,-418.899,24.4324,5.31294,5.69144,0.284158,1.89935,6.0557,NN_Adam
0,0,0,0,0,-2.17559,127.159,371.64,1.58772,2.87148,4.73988,0.485024,5.93834,NN_Adam
0,0,0,0,0,155.189,176.017,263.816,0.847993,5.12305,1.47433,2.77496,0.786399,NN_Adam
0,0,0,0,0,72.5922,-420.129,282.421,1.7416,2.80698,5.83494,2.40266,1.34452,NN_Adam
0,0,0,0,0,264.852,-371.149,116.954,5.33203,5.58824,0.28938,2.57322,0.00805729,NN_Adam
0,0,0,0,0,305.224,-150.147,170.374,2.68436,2.06242,1.99163,0.687526,0.246225,NN_Adam
0,0,0,0,0,417.628,115.814,18.1917,3.41191,3.14629,0.769071,0.951578,0.917386,NN_Adam
0,0,0,0,0,-318.682,-397.674,159.592,4.0367,5.85904,0.365933,2.02584,0.291986,NN_Adam
0,0,0,0,0,70.2328,-320.291,65.5587,1.78664,2.30815,2.01528,0.722476,1.73232,NN_Adam
0,0,0,0,0,199.526,-242.37,89.5759,2.2593,4.37844,4.10564,2.60352,0.247987,NN_Adam
0,0,0,0,0,-38.3726,172.394,508.862,1.78925,0.0858035,1.32939,1.87256,3.33779,NN_Adam
0,0,0,0,0,-87.3865,-183.22,601.232,4.26706,0.835339,0.291389,1.97722,0.165034,NN_Adam
0,0,0,0,0,-414.493,-121.717,459.528,3.42716,0.587716,0.0631903,1.64752,6.25163,NN_Adam
0,0,0,0,0,-80.2494,343.373,423.218,1.80031,1.24102,6.21743,0.418252,1.23374,NN_Adam
0,0,0,0,0,-99.9657,-517.016,267.214,4.52133,0.211312,0.0226035,1.5984,0.191397,NN_Adam
0,0,0,0,0,-441.426,15.8694,91.5418,3.1054,6.1741,0.96358,0.0132977,1.75357,NN_Adam
0,0,0,0,0,-34.8933,-175.426,21.1467,4.51588,0.782973,5.20909,6.13053,5.26321,NN_Adam
0,0,0,0,0,125.71,-405.336,423.784,5.01307,0.178471,0.369259,1.98968,2.3339,NN_Adam
0,0,0,0,0,-57.7334,-376.622,124.396,1.41854,2.30303,0.910235,2.12896,1.72265,NN_Adam
0,0,0,0,0,-69.1092,-155.873,535.151,1.15325,1.22535,1.13715,1.60417,6.01895,NN_Adam
0,0,0,0,0,-86.8551,-35.5982,636.988,3.53051,1.11889,0.34022,1.78346,3.33779,NN_Adam
0,0,0,0,0,-201.858,-243.436,456.63,0.878225,1.99576,1.05856,0.852833,5.67876,NN_Adam
0,0,0,0,0,-429.556,-5.12283,68.6479,3.15323,5.16569,0.887918,2.23535,0.82735,NN_Adam
0,0,0,0,0,-452.158,-235.816,179.831,3.6224,5.9036,0.381122,1.99638,0.384745,NN_Adam
0,0,0,0,0,-202.073,232.477,385.182,2.28629,1.13026,4.41882,3.35207,6.17791,NN_Adam
0,0,0,0,0,-279.462,-28.0234,476.053,0.0997959,2.8259,6.05836,0.775808,1.88987,NN_Adam
0,0,0,0,0,-291.9,-0.316402,559.514,3.14244,0.643727,0.298715,1.94113,0.390971,NN_Adam
0,0,0,0,0,260.435,-190.549,204.82,2.50974,1.8284,2.06385,0.819274,1.09903,NN_Adam
0,0,0,0,0,-454.282,-11.7983,335.773,3.16742,6.14244,0.476544,2.10342,2.06914,NN_Adam
0,0,0,0,0,48.9653,-77.7813,387.558,2.13253,0.286809,1.84945,2.185,6.01895,NN_Adam
0,0,0,0,0,-118.749,-416.51,239.56,4.43446,0.738443,0.040929,0.277961,0.191397,NN_Adam
0,0,0,0,0,-80.0056,-17.6298,112.088,0.216599,0.117253,2.31883,2.9785,5.50527,NN_Adam
0,0,0,0,0,62.7243,-92.1858,266.217,2.16821,3.47249,2.79134,3.8182,6.22657,NN_Adam
0,0,0,0,0,194.191,234.534,32.8507,0.879143,4.61792,1.00509,2.83117,4.54565,NN_Adam
0,0,0,0,0,-94.8241,279.289,85.7002,1.89784,4.36859,1.67016,2.38429,0.164514,NN_Adam
0,0,0,0,0,-8.15776,313.262,24.757,1.59672,1.1301,4.62367,0.994969,1.11678,NN_Adam
0,0,0,0,0,447.795,215.05,148.951,0.447688,5.89994,1.07349,0.75972,2.89142,NN_Adam
0,0,0,0,0,341.997,-115.121,238.459,2.81665,2.34167,1.6844,0.285874,2.71482,NN_Adam
0,0,0,0,0,-237.3,131.118,43.3899,2.63675,4.24882,1.50042,2.60145,0.164514,NN_Adam
0,0,0,0,0,274.305,-235.242,437.536,5.57406,1.34403,4.87152,2.38988,0.586595,NN_Adam
0,0,0,0,0,450.313,218.886,231.354,0.452228,5.99731,0.382709,2.03108,2.89142,NN_Adam
0,0,0,0,0,-1.89348,487.791,51.1429,1.57465,5.62101,1.093,0.873999,5.82413,NN_Adam
0,0,0,0,0,-399.075,-141.007,153.866,3.48125,0.313482,0.595024,6.19968,0.458783,NN_Adam
0,0,0,0,0,23.1595,-238.149,169.138,1.66754,1.29171,1.88533,2.13058,6.03257,NN_Adam
0,0,0,0,0,67.3384,472.224,365.404,1.42913,0.245114,0.57247,1.1404,2.05852,NN_Adam
0,0,0,0,0,-24.3351,20.1054,355.439,5.59258,2.23491,1.54743,4.94758,0.0907237,NN_Adam
0,0,0,0,0,-138.114,249.899,510.277,2.07526,1.01768,0.723134,0.298622,5.36892,NN_Adam
0,0,0,0,0,-229.423,286.157,361.146,2.24653,1.10101,0.0767378,0.166324,2.03274,NN_Adam
0,0,0,0,0,-194.804,-2.63304,26.0312,3.15502,3.84582,1.50828,2.91377,0.164514,NN_Adam
0,0,0,0,0,-211.652,73.2078,390.315,2.80857,2.41565,4.6707,0.96774,5.93834,NN_Adam
0,0,0,0,0,-265.029,190.252,24.881,2.51887,0.0215494,0.697183,5.73375,1.75357,NN_Adam
0,0,0,0,0,-24.4052,-277.72,336.803,1.48292,3.81304,4.91072,1.1132,1.34452,NN_Adam
0,0,0,0,0,341.821,156.62,93.9374,3.57122,2.5007,0.555143,2.46467,4.3676,NN_Adam
0,0,0,0,0,-294.301,61.2951,98.769,6.07775,2.73287,5.97689,3.4324,3.84344,NN_Adam
0,0,0,0,0,40.8607,365.444,247.741,1.45929,0.0179656,1.81743,5.86888,4.84654,NN_Adam
0,0,0,0,0,-309.451,306.455,46.9752,2.36085,5.68698,1.44475,0.168469,1.75357,NN_Adam
0,0,0,0,0,77.6571,-339.246,283.809,4.93729,1.05651,0.0738149,6.13765,2.87431,NN_Adam
0,0,0,0,0,522.428,-90.122,114.623,6.11228,5.96969,0.205319,1.81707,1.50097,NN_Adam
0,0,0,0,0,-329.842,-55.5273,286.797,0.166534,1.7847,0.98364,2.22694,1.88987,NN_Adam
0,0,0,0,0,-127.558,420.298,279.937,1.8653,5.70284,1.1892,1.6653,0.486989,NN_Adam
0,0,0,0,0,93.7925,-166.14,279.656,2.08465,2.47328,4.40407,4.2982,2.27078,NN_Adam
0,0,0,0,0,-66.639,469.422,264.74,1.71168,5.93275,0.553685,2.08843,0.458874,NN_Adam
0,0,0,0,0,-71.9089,-441.443,153.399,4.5507,0.528982,0.0151269,0.316533,0.191397,NN_Adam
0,0,0,0,0,32.5504,460.559,262.222,1.50007,0.673819,0.0428664,0.524765,2.05852,NN_Adam
0,0,0,0,0,379.963,325.83,295.356,0.708719,0.0447058,0.673503,1.09668,5.73413,NN_Adam
0,0,0,0,0,396.603,-241.119,370.769,5.73677,0.121053,0.2495,2.00034,0.881721,NN_Adam
0,0,0,0,0,49.0909,-478.889,187.446,4.81434,0.478924,0.0444749,0.577328,5.80573,NN_Adam
0,0,0,0,0,156.749,31.7566,118.178,3.34147,4.06003,2.74556,4.06463,6.22657,NN_Adam
0,0,0,0,0,-21.9554,422.334,367.702,1.62264,0.817261,0.237445,0.470841,5.90084,NN_Adam
0,0,0,0,0,-246.658,228.059,328.38,2.39524,0.985721,4.3151,3.40976,6.17791,NN_Adam
0,0,0,0,0,-79.1854,-480.294,238.357,4.54878,0.398672,0.322828,0.578757,0.191397,NN_Adam
0,0,0,0,0,306.585,-30.6692,174.303,3.04182,2.37938,2.19674,6.16806,2.71482,NN_Adam
0,0,0,0,0,217.666,461.926,263.872,1.13,0.521814,5.62295,1.97973,2.83862,NN_Adam
0,0,0,0,0,-27.9118,-508.155,141.56,4.65731,5.81008,0.386094,2.01909,0.191397,NN_Adam
0,0,0,0,0,135.198,-488.586,85.3806,4.98202,5.70585,0.377621,2.00103,6.27677,NN_Adam
0,0,0,0,0,295.178,-151.709,231.437,2.66671,1.86056,1.97013,0.780872,1.09903,NN_Adam
0,0,0,0,0,6.06281,-377.435,501.414,4.7284,0.502106,0.24791,1.86229,0.415395,NN_Adam
0,0,0,0,0,-154.793,381.225,19.6022,5.09778,2.86146,0.476285,2.09756,2.53861,NN_Adam
0,0,0,0,0,-320.81,157.543,266.751,2.68486,0.00160757,1.93239,5.88883,0.999488,NN_Adam
0,0,0,0,0,-492.249,-56.0462,273.107,3.25445,6.19662,0.877641,0.979666,0.322384,NN_Adam
0,0,0,0,0,-113.988,-250.682,368.588,1.14377,1.5331,0.852407,2.44575,6.01895,NN_Adam
0,0,0,0,0,358.225,-215.281,395.799,5.74194,6.27436,0.492109,2.12541,0.881721,NN_Adam
0,0,0,0,0,-202.86,-352.605,353.681,4.19017,6.02927,0.649181,2.27235,1.21809,NN_Adam
0,0,0,0,0,2.98477,-312.03,427.811,1.58023,3.24079,5.14579,1.63448,1.34452,NN_Adam
0,0,0,0,0,-19.1841,367.716,161.253,1.62288,1.35485,4.94434,0.859571,1.11678,NN_Adam
0,0,0,0,0,-353.434,236.13,425.53,2.55236,0.499423,0.660095,0.790522,2.03274,NN_Adam
0,0,0,0,0,12.6688,81.6549,50.8157,4.55846,5.82527,2.69312,3.13953,0.353671,NN_Adam
0,0,0,0,0,34.8847,-342.402,194.938,4.81378,5.41442,0.601518,3.02772,2.3339,NN_Adam
0,0,0,0,0,-192.731,482.788,202.638,1.95057,6.05467,0.286444,1.90354,0.486989,NN_Adam
0,0,0,0,0,-192.394,-472.988,66.6518,4.32587,5.79348,0.795697,1.0417,0.291986,NN_Adam
0,0,0,0,0,-159.354,196.495,381.13,2.25212,0.92945,4.47708,3.82843,6.17791,NN_Adam
0,0,0,0,0,-109.585,-73.7096,334.307,3.73364,1.41593,2.09494,4.73378,0.988303,NN_Adam
0,0,0,0,0,-262.716,162.26,201.214,2.58807,0.689476,3.68395,3.87155,6.17791,NN_Adam
0,0,0,0,0,-3.40768,385.812,101.748,1.57924,0.45678,0.156987,6.16413,0.458874,NN_Adam
0,0,0,0,0,-5.55793,470.069,245.235,1.58249,5.8527,0.565634,2.16207,0.458874,NN_Adam
0,0,0,0,0,-215.771,-310.254,161.568,4.10456,5.6995,2.14771,6.12817,1.26648,NN_Adam
0,0,0,0,0,243.739,-210.682,494.134,5.57024,0.353185,0.269019,2.36214,0.596705,NN_Adam
0,0,0,0,0,-186.597,-245.898,544.993,4.06306,0.57025,0.326776,1.95962,0.165034,NN_Adam
0,0,0,0,0,96.5968,-500.03,36.5852,4.90308,5.70153,0.297327,1.91305,6.27677,NN_Adam
0,0,0,0,0,171.042,-107.575,114.359,2.57979,3.71668,3.17099,4.22277,6.22657,NN_Adam
0,0,0,0,0,-399.53,-72.0016,332.926,3.31982,0.489356,0.935295,0.0514574,0.458783,NN_Adam
0,0,0,0,0,269.427,-335.315,113.28,5.38922,5.47886,0.346862,2.71249,0.00805729,NN_Adam
0,0,0,0,0,-155.891,-246.265,46.7623,1.00638,2.16212,2.203,0.834881,0.324958,NN_Adam
0,0,0,0,0,-486.328,-160.534,295.802,3.46038,0.104639,0.162172,1.76609,3.41488,NN_Adam
0,0,0,0,0,-251.422,-203.625,390.017,0.680406,2.05129,1.42589,0.473149,1.46502,NN_Adam
0,0,0,0,0,-155.346,-381.99,416.733,4.32597,0.0959677,0.410594,2.12018,0.165034,NN_Adam
0,0,0,0,0,-246.584,166.659,248.04,2.5471,0.828317,3.72386,3.88617,6.17791,NN_Adam
0,0,0,0,0,-265.19,241.419,20.4669,2.40293,6.23933,0.743885,5.89859,1.75357,NN_Adam
0,0,0,0,0,361.548,-286.487,297.216,5.61301,0.0579025,1.07739,0.52083,2.71482,NN_Adam
0,0,0,0,0,-115.431,151.921,439.654,2.22062,2.45549,4.79182,1.00045,5.93834,NN_Adam
0,0,0,0,0,-90.1367,-95.6107,190.374,0.814701,0.970699,3.44791,0.0864045,3.18951,NN_Adam
0,0,0,0,0,150.685,-441,279.57,5.04149,5.98379,0.466853,2.20137,2.3339,NN_Adam
0,0,0,0,0,-246.121,-82.3338,303.996,3.46428,5.83048,2.76192,6.15643,1.26648,NN_Adam
0,0,0,0,0,-9.24208,349.99,341.771,1.59703,0.703787,4.78449,3.43575,6.17791,NN_Adam
0,0,0,0,0,-148.624,458.252,248.083,1.88431,5.93304,0.481338,2.11774,0.458874,NN_Adam
0,0,0,0,0,-420.611,-4.93341,163.627,3.15322,0.0930329,1.07279,6.09308,1.75357,NN_Adam
0,0,0,0,0,-326.491,-338.324,254.452,3.94461,5.95467,1.28139,0.83668,1.08158,NN_Adam
0,0,0,0,0,-24.7245,-109.008,113.748,1.3475,1.00441,3.61545,0.229157,3.18951,NN_Adam
0,0,0,0,0,35.3781,336.679,332.394,1.46604,0.155417,1.88571,6.00261,4.84654,NN_Adam
0,0,0,0,0,197.945,-201.747,167.658,2.34649,1.65575,2.35472,0.843001,1.09903,NN_Adam
0,0,0,0,0,336.457,-72.815,304.428,2.92826,2.16313,1.65611,0.343993,2.71482,NN_Adam
0,0,0,0,0,117.001,-5.40692,37.3595,6.23693,2.52946,3.79101,0.319837,4.42808,NN_Adam
0,0,0,0,0,-22.7805,-368.695,365.327,1.50897,3.30011,5.14986,1.89875,1.34452,NN_Adam
0,0,0,0,0,-324.077,341.166,404.251,2.33046,0.486247,0.0371095,1.61597,0.572269,NN_Adam
0,0,0,0,0,-185.866,0.734844,259.96,3.13765,1.1222,2.23654,4.50586,0.988303,NN_Adam
0,0,0,0,0,48.1303,-143.569,60.3485,5.03583,0.998904,5.11247,5.98496,5.26321,NN_Adam
0,0,0,0,0,-39.0993,-51.9562,283.528,0.925493,2.70563,1.57875,4.67011,0.0907237,NN_Adam
0,0,0,0,0,-66.2467,281.462,568.554,1.80176,0.818771,0.594507,1.09253,5.36892,NN_Adam
0,0,0,0,0,-195.332,-406.769,327.114,4.26434,6.09965,0.477488,2.16788,1.21809,NN_Adam
0,0,0,0,0,-18.1574,-288.144,127.839,1.50781,1.89771,1.22141,2.48267,1.72265,NN_Adam
0,0,0,0,0,-430.826,17.3853,388.286,3.10112,0.00113886,0.474233,2.06387,2.06914,NN_Adam
0,0,0,0,0,-263.279,-221.429,330.683,0.699086,2.18091,1.53154,0.360484,5.67876,NN_Adam
0,0,0,0,0,-103.432,-16.5278,112.411,0.158259,0.0552882,2.4816,2.75966,5.50527,NN_Adam
0,0,0,0,0,-228.937,-62.8028,136.934,3.40925,1.74875,3.08395,2.88917,3.28783,NN_Adam
0,0,0,0,0,-232.698,231.551,16.9269,2.35847,0.0547499,0.550936,5.81322,1.75357,NN_Adam
0,0,0,0,0,291.686,275.443,44.948,0.756696,4.99436,0.954812,2.33683,4.54565,NN_Adam
0,0,0,0,0,131.1,-179.352,171.726,5.34348,1.43229,5.48887,5.92116,5.26321,NN_Adam
0,0,0,0,0,441.794,-200.176,31.89,5.85741,5.54465,0.332775,2.17223,5.00623,NN_Adam
0,0,0,0,0,138.073,-383.028,365.152,5.0582,6.11983,0.523727,2.32937,2.3339,NN_Adam
0,0,0,0,0,264.787,-154.373,224.948,2.61371,1.71651,2.16129,0.763884,1.09903,NN_Adam
0,0,0,0,0,-432.789,-304.244,178.704,3.75427,6.08292,0.219615,1.83045,0.384745,NN_Adam
0,0,0,0,0,-451.106,-122.258,138.18,3.406,6.19181,0.969577,0.221571,0.721104,NN_Adam
0,0,0,0,0,-208.763,-169.448,347.596,0.681737,2.03019,1.96045,6.15716,5.67876,NN_Adam
0,0,0,0,0,-20.215,-157.005,19.4172,4.58428,0.752375,5.1649,6.09721,5.26321,NN_Adam
0,0,0,0,0,-48.1005,245.006,37.8149,1.76447,4.06028,1.63391,2.58099,0.164514,NN_Adam
0,0,0,0,0,-331.875,-66.6257,67.1263,0.197824,2.91657,5.92371,3.20727,3.84344,NN_Adam
0,0,0,0,0,461.356,93.9946,103.952,0.200847,5.70477,1.34809,0.55778,2.89142,NN_Adam
0,0,0,0,0,181.149,273.809,95.8536,0.986182,5.72454,5.42972,3.83899,5.4464,NN_Adam
0,0,0,0,0,3.5685,-404.141,457.629,4.72107,0.294024,0.348316,1.94291,0.415395,NN_Adam
0,0,0,0,0,-139.571,-182.998,503.35,0.918932,1.41372,1.17967,1.46149,6.01895,NN_Adam
0,0,0,0,0,-406.051,-142.553,158.459,3.47914,0.286141,0.632734,6.23778,0.458783,NN_Adam
0,0,0,0,0,-105.774,-7.4827,255.92,0.0707179,2.96469,1.68999,4.67167,0.0907237,NN_Adam
0,0,0,0,0,69.9321,-335.706,159.64,1.77604,1.95629,1.86385,1.1059,5.01784,NN_Adam
0,0,0,0,0,184.224,185.234,118.844,0.788042,4.63437,1.21633,3.0016,4.54565,NN_Adam
0,0,0,0,0,111.45,147.752,84.8101,0.924416,4.30611,1.14632,3.37521,4.54565,NN_Adam
0,0,0,0,0,-228.168,160.522,475.181,2.52852,0.732357,1.30212,0.0335767,2.39757,NN_Adam
0,0,0,0,0,247.355,479.993,134.235,1.09493,6.19373,0.0530964,1.63476,1.38371,NN_Adam
0,0,0,0,0,326.368,336.086,269.413,0.799836,6.21556,1.14613,0.555746,5.73413,NN_Adam
0,0,0,0,0,-98.6489,-446.909,270.882,4.495,0.618567,0.212031,0.433389,0.191397,NN_Adam
0,0,0,0,0,-326.486,145.943,257.128,2.72117,6.26841,1.94447,5.86002,0.999488,NN_Adam
0,0,0,0,0,-121.302,441.312,123.634,1.8388,5.72034,0.0386899,2.71716,5.31042,NN_Adam
0,0,0,0,0,-40.3305,-28.9762,364.72,3.76444,1.78398,2.36971,4.68063,0.988303,NN_Adam
0,0,0,0,0,-316.999,-8.82148,121.632,0.0276849,2.73231,5.88329,3.39495,3.84344,NN_Adam
0,0,0,0,0,-31.7986,-284.655,65.1087,1.45942,2.11812,1.20442,2.45169,1.72265,NN_Adam
0,0,0,0,0,198.5,58.5595,120.484,0.286556,4.32784,3.41268,0.0350797,1.59582,NN_Adam
0,0,0,0,0,362.725,-102.686,306.181,2.86536,2.76143,0.84185,0.268283,2.38395,NN_Adam
0,0,0,0,0,5.76743,-382.911,425.004,4.72727,0.0284511,0.529975,2.20373,2.3339,NN_Adam
0,0,0,0,0,469.137,-229.777,31.1961,5.82768,5.87518,0.145038,1.74533,5.00623,NN_Adam
0,0,0,0,0,-36.7075,-84.6913,325.961,1.16194,2.51173,1.75842,4.8858,0.0907237,NN_Adam
0,0,0,0,0,385.859,-192.463,142.265,5.82037,5.42605,0.637958,2.49981,5.00623,NN_Adam
0,0,0,0,0,-393.462,21.204,503.703,3.08769,0.731945,0.0389769,1.61815,1.11345,NN_Adam
0,0,0,0,0,-154.757,477.631,169.989,1.88393,6.01139,6.25543,2.37137,5.31042,NN_Adam
0,0,0,0,0,-49.6389,303.676,131.882,1.73268,4.53896,1.72622,2.28779,0.164514,NN_Adam
0,0,0,0,0,-318.243,278.746,278.587,2.42209,0.451239,0.797398,0.0229981,0.572269,NN_Adam
0,0,0,0,0,-472.272,-117.82,159.731,3.38576,5.97577,1.12754,0.569442,0.721104,NN_Adam
0,0,0,0,0,254.612,-449.659,153.981,5.22742,5.89553,0.34276,1.95122,6.0557,NN_Adam
0,0,0,0,0,-111.041,332.909,460.524,1.89263,0.159719,0.459915,2.26584,5.36892,NN_Adam
0,0,0,0,0,119.127,193.227,255.317,1.01821,0.248168,4.00284,4.67599,6.17791,NN_Adam
0,0,0,0,0,-6.9221,-288.915,256.66,1.54663,4.0936,4.98764,0.846954,1.34452,NN_Adam
0,0,0,0,0,214.707,-10.6342,55.8335,3.09183,5.19307,3.55763,2.42002,0.353671,NN_Adam
0,0,0,0,0,491.811,-46.3381,234.84,6.18919,5.95307,0.452625,2.04108,2.70961,NN_Adam
0,0,0,0,0,-27.9476,-68.5786,345.721,1.1838,2.37406,1.72049,4.93995,0.0907237,NN_Adam
0,0,0,0,0,159.093,-154.821,30.3958,2.36973,3.97542,3.73466,3.95775,6.22657,NN_Adam
0,0,0,0,0,-220.348,-267.336,37.8973,4.02294,0.124719,0.533351,5.87035,0.954884,NN_Adam
0,0,0,0,0,170.247,422.176,33.248,1.18727,0.043857,5.04724,2.78537,1.11678,NN_Adam
0,0,0,0,0,-284.535,286.502,441.98,2.35256,0.475827,0.817765,0.724618,2.03274,NN_Adam
0,0,0,0,0,-19.0097,-495.131,180.936,4.67389,5.79563,0.500078,2.06118,0.191397,NN_Adam
0,0,0,0,0,-214.934,165.014,14.5744,2.48684,4.20337,1.47514,2.54985,0.164514,NN_Adam
0,0,0,0,0,341.953,-222.884,231.612,2.56379,2.30463,0.569048,2.14788,0.428259,NN_Adam
0,0,0,0,0,-201.235,63.8889,258.7,2.83382,0.935968,2.4777,4.54659,0.988303,NN_Adam
0,0,0,0,0,279.267,296.118,84.187,0.814414,5.93979,5.39232,3.37174,5.4464,NN_Adam
0,0,0,0,0,384.525,-344.948,136.623,5.55196,5.89269,0.246133,2.0322,0.00805729,NN_Adam
0,0,0,0,0,-265.711,15.1844,311.191,3.08442,0.786665,1.49925,5.34751,0.988303,NN_Adam
0,0,0,0,0,-5.07835,-111.499,32.9811,4.66665,0.709862,5.07191,5.97574,5.26321,NN_Adam
0,0,0,0,0,-386.766,-346.017,284.966,3.87139,0.149392,0.104621,1.69794,3.41488,NN_Adam
0,0,0,0,0,-407.821,-250.025,367.963,3.69124,0.199,0.216561,1.8291,3.41488,NN_Adam
0,0,0,0,0,-66.4655,161.467,453.85,1.96091,2.50164,4.77825,1.0564,5.93834,NN_Adam
0,0,0,0,0,24.0178,-190.761,542.499,4.83747,0.488944,0.486254,2.4131,5.13599,NN_Adam
0,0,0,0,0,-175.34,-131.203,562.612,0.642188,1.73211,0.330072,1.9286,6.01895,NN_Adam
0,0,0,0,0,-248.534,238.304,281.368,2.37684,0.799695,0.650952,5.86852,6.07848,NN_Adam
0,0,0,0,0,-25.6931,425.916,56.1949,1.63084,5.39278,1.72719,0.403144,5.82413,NN_Adam
0,0,0,0,0,-248.135,-128.541,56.0346,0.477795,2.07389,1.35344,2.33501,0.996245,NN_Adam
0,0,0,0,0,265.722,56.3597,61.3379,0.208847,4.63423,2.90673,0.035162,1.59582,NN_Adam
0,0,0,0,0,-374.71,-220.955,91.123,0.532599,2.77264,0.392437,2.06977,0.996245,NN_Adam
0,0,0,0,0,-206.713,115.406,404.214,2.63238,2.31666,4.73351,1.03406,5.93834,NN_Adam
0,0,0,0,0,-29.4365,43.2043,377.395,2.16862,0.116209,0.975638,3.18062,3.09063,NN_Adam
0,0,0,0,0,302.065,244.376,249.334,0.680164,6.23291,5.65129,3.36669,5.4464,NN_Adam
0,0,0,0,0,-70.6551,455.716,225.011,1.72445,5.63524,0.995883,1.83715,0.486989,NN_Adam
0,0,0,0,0,-220.844,0.891091,521.572,3.13741,2.05358,5.04482,1.4486,5.93834,NN_Adam
0,0,0,0,0,-330.486,268.002,105.378,2.46007,6.27219,0.954279,6.15462,1.75357,NN_Adam
0,0,0,0,0,197.412,-486.385,117.158,5.09773,5.90967,0.260658,1.87645,6.27677,NN_Adam
0,0,0,0,0,371.523,-80.5006,88.1606,2.9281,3.37432,0.823827,0.0649828,3.16442,NN_Adam
0,0,0,0,0,-37.7306,-149.6,570.254,1.32351,1.33626,0.965143,1.49861,6.01895,NN_Adam
0,0,0,0,0,-488.395,24.7906,356.698,3.09083,0.238281,0.158752,1.76289,2.06914,NN_Adam
0,0,0,0,0,-253.597,-222.652,8.27113,3.86218,0.097283,0.376308,5.94788,0.954884,NN_Adam
0,0,0,0,0,195.822,-153.528,102.012,2.47653,3.78561,3.73144,3.85175,6.22657,NN_Adam
0,0,0,0,0,114.115,-485.223,144.207,4.94332,5.73604,0.465355,2.07321,6.27677,NN_Adam
0,0,0,0,0,-269.036,133.65,205.216,2.6804,0.712592,3.60887,3.91777,6.17791,NN_Adam
0,0,0,0,0,373.377,343.968,164.785,0.744252,5.86235,0.361565,2.05194,5.4464,NN_Adam
0,0,0,0,0,465.633,-176.33,105.054,5.9212,5.69523,0.361052,2.14676,5.00623,NN_Adam
0,0,0,0,0,115.62,20.2989,208.158,0.173544,4.72452,1.59571,3.34725,1.14695,NN_Adam
0,0,0,0,0,97.0713,503.498,31.0165,1.38012,5.86443,0.57091,1.07406,5.82413,NN_Adam
0,0,0,0,0,-242.506,25.8155,532.586,3.03544,0.424629,0.463312,2.32452,0.390971,NN_Adam
0,0,0,0,0,373.342,-311.96,223.337,5.58689,5.88411,0.46294,2.13444,2.71482,NN_Adam
0,0,0,0,0,62.2377,-153.448,348.672,1.95585,0.611515,1.9236,2.01173,6.01895,NN_Adam
0,0,0,0,0,-240.815,-243.746,183.114,3.93287,5.70006,2.43201,5.96625,1.26648,NN_Adam
0,0,0,0,0,348.812,-328.013,354.591,5.52838,0.200677,0.637873,1.09053,2.71482,NN_Adam
0,0,0,0,0,112.722,-357.108,372.49,5.01811,0.468124,1.20095,6.28191,5.34562,NN_Adam
0,0,0,0,0,-252.229,403.522,140.851,2.1293,6.27854,0.791514,0.300085,6.07848,NN_Adam
0,0,0,0,0,-79.1571,-441.405,297.917,4.53482,0.695159,0.190297,0.439669,0.191397,NN_Adam
0,0,0,0,0,-156.381,135.066,272.553,2.42881,1.00877,2.6394,4.48464,6.17791,NN_Adam
0,0,0,0,0,279.291,440.673,260.078,1.00586,0.0307476,0.163586,1.76488,5.73413,NN_Adam
0,0,0,0,0,-233.403,300.287,47.9363,2.2314,0.217059,0.325204,6.1192,6.07848,NN_Adam
0,0,0,0,0,288.119,-130.39,50.6826,2.7167,3.82624,4.40813,3.36422,6.22657,NN_Adam
0,0,0,0,0,-99.2994,240.795,239.268,1.96165,0.32644,2.73358,4.93961,4.84654,NN_Adam
0,0,0,0,0,136.416,103.768,16.0262,3.79185,5.27593,3.33748,2.84884,0.353671,NN_Adam
0,0,0,0,0,-82.5452,465.521,382.47,1.74624,0.252111,0.197492,1.80901,1.23374,NN_Adam
0,0,0,0,0,-363.879,198.647,354.312,2.64181,0.18388,1.26492,0.329682,0.999488,NN_Adam
0,0,0,0,0,-147.125,-220.384,211.381,0.98192,4.4245,4.74688,0.855858,0.721104,NN_Adam
0,0,0,0,0,235.799,200.471,27.8777,0.704601,4.61255,1.02717,2.7771,4.54565,NN_Adam
0,0,0,0,0,71.5688,122.469,163.629,1.04204,4.37981,1.51127,3.37324,1.14695,NN_Adam
0,0,0,0,0,199.509,-307.563,9.00896,2.14612,3.73965,0.471462,0.184246,4.79934,NN_Adam
0,0,0,0,0,162.51,-431.835,18.6417,5.07202,5.35539,0.516308,2.21299,6.27677,NN_Adam
0,0,0,0,0,-295.646,-127.077,481.365,0.405902,2.0184,0.310603,1.92273,1.88987,NN_Adam
0,0,0,0,0,-213.45,-365.731,225.291,1.04235,2.43623,0.418557,2.13886,1.4549,NN_Adam
0,0,0,0,0,-139.125,258.251,399.625,2.06473,1.5122,6.07002,0.122756,1.23374,NN_Adam
0,0,0,0,0,207.274,402.135,147.588,1.09471,6.25747,1.00417,0.0754271,1.38371,NN_Adam
0,0,0,0,0,-294.432,354.088,341.379,2.26414,6.19775,0.439106,2.04914,0.572269,NN_Adam
0,0,0,0,0,-107.769,-77.7253,296.405,0.624841,2.11955,4.36471,4.55602,2.27078,NN_Adam
0,0,0,0,0,20.0355,-137.483,37.0035,4.85705,0.789915,5.14633,5.988,5.26321,NN_Adam
0,0,0,0,0,-121.088,-327.41,307.228,1.21646,1.99794,0.511681,2.48456,1.4549,NN_Adam
0,0,0,0,0,-49.7271,210.677,420.462,1.80248,1.01029,4.68343,3.78217,6.17791,NN_Adam
0,0,0,0,0,267.234,38.8513,140.028,3.28605,3.67467,3.8758,3.71024,6.22657,NN_Adam
0,0,0,0,0,-228.695,-359.733,286.808,4.14602,5.87568,0.540023,2.43921,1.21809,NN_Adam
0,0,0,0,0,-93.7284,272.797,512.311,1.90168,1.05265,0.638106,0.340221,5.36892,NN_Adam
0,0,0,0,0,-394.275,274.838,191.201,2.53254,6.05858,1.15191,0.508319,0.999488,NN_Adam
0,0,0,0,0,-92.5196,-232.564,203.634,4.3336,5.546,3.16894,5.76315,1.26648,NN_Adam
0,0,0,0,0,310.802,-129.809,10.2416,2.74576,3.90854,4.63793,3.10759,6.22657,NN_Adam
0,0,0,0,0,-27.891,-232.997,540.267,1.45156,2.63991,5.34108,1.999,1.34452,NN_Adam
0,0,0,0,0,-38.7039,-154.297,126.511,4.46649,1.24786,5.36707,5.71559,5.26321,NN_Adam
0,0,0,0,0,364.975,-103.184,141.347,2.86608,2.25837,0.89563,2.16298,5.88884,NN_Adam
0,0,0,0,0,-48.5319,-162.744,104.098,4.42259,1.14166,5.32855,5.81497,5.26321,NN_Adam
0,0,0,0,0,-416.643,-112.7,45.9331,3.4057,6.20804,0.714269,0.0345406,0.721104,NN_Adam
0,0,0,0,0,-195.607,-214.471,340.971,0.831257,2.06025,1.86668,0.00735014,5.67876,NN_Adam
0,0,0,0,0,334.627,380.112,261.912,0.848745,6.24777,0.730043,1.0319,5.73413,NN_Adam
0,0,0,0,0,-151.885,299.16,145.856,2.04053,4.68249,1.77592,2.03734,0.486989,NN_Adam
0,0,0,0,0,-94.8304,140.973,557.362,2.16284,0.383561,1.17016,1.62798,3.33779,NN_Adam
0,0,0,0,0,-86.7994,-106.202,261.739,4.02695,3.59981,2.64367,2.6599,0.341132,NN_Adam
0,0,0,0,0,477.003,-51.9414,239.539,6.17459,5.89105,0.50598,2.13398,2.70961,NN_Adam
0,0,0,0,0,-307.333,-57.7258,254.107,3.32716,0.862715,0.585546,5.67792,0.458783,NN_Adam
0,0,0,0,0,181.276,-321.015,190.646,5.2263,0.906565,6.09743,6.25387,2.87431,NN_Adam
0,0,0,0,0,-221.945,-372.168,137.258,1.03289,2.62379,0.471841,2.05679,1.4549,NN_Adam
0,0,0,0,0,-318.883,-386.723,279.398,4.02279,6.18355,0.315191,1.93349,3.41488,NN_Adam
0,0,0,0,0,-432.678,189.456,378.229,2.72876,0.213707,0.224537,1.8382,0.999488,NN_Adam
0,0,0,0,0,377.384,-198.449,160.43,5.79892,5.45164,0.655802,2.51716,5.00623,NN_Adam
0,0,0,0,0,58.674,-241.887,489.45,1.80864,3.04006,5.30992,1.37032,1.90659,NN_Adam
0,0,0,0,0,-95.0816,36.914,2.73041,5.91282,5.64873,3.01712,3.06061,0.353671,NN_Adam
0,0,0,0,0,-109.676,-190.305,183.687,4.18941,5.40181,3.44575,5.67874,1.26648,NN_Adam
0,0,0,0,0,17.6588,-206.228,407.283,1.65602,0.979773,1.70148,1.69537,6.01895,NN_Adam
0,0,0,0,0,248.267,-177.386,34.7165,2.52076,3.91787,4.33062,3.37767,6.22657,NN_Adam
0,0,0,0,0,-124.087,204.491,19.5683,2.11612,4.00685,1.57767,2.63254,0.164514,NN_Adam
0,0,0,0,0,-103.809,-431.903,382.739,4.47607,0.0504681,0.379453,2.04879,0.165034,NN_Adam
0,0,0,0,0,-412.832,-83.3532,258.066,3.34075,0.402938,0.847318,6.2372,0.458783,NN_Adam
0,0,0,0,0,106.484,-165.722,129.936,2.14178,3.723,3.0816,4.1866,6.22657,NN_Adam
0,0,0,0,0,173.235,176.242,236.102,0.793963,5.18101,1.17687,3.02304,0.0620472,NN_Adam
0,0,0,0,0,280.697,109,79.6904,0.370327,4.74087,2.73727,0.200125,1.59582,NN_Adam
0,0,0,0,0,66.5488,164.18,149.056,1.18545,4.40342,1.44661,3.25285,1.14695,NN_Adam
0,0,0,0,0,266.2,225.186,269.671,0.702022,5.52869,0.923959,2.64587,0.0620472,NN_Adam
0,0,0,0,0,105.314,-19.9569,164.013,2.95404,4.18051,2.43146,3.86883,6.22657,NN_Adam
0,0,0,0,0,355.81,325.045,285.637,0.740107,6.28175,0.952877,0.752653,5.73413,NN_Adam
0,0,0,0,0,-462.126,50.7547,153.328,3.03206,5.9277,1.33397,0.351668,0.322384,NN_Adam
0,0,0,0,0,170.074,391.956,62.4229,1.1613,0.777824,4.61784,2.03793,1.11678,NN_Adam
0,0,0,0,0,-82.3836,-214.283,512.552,1.20373,1.55344,0.557937,2.14945,6.01895,NN_Adam
0,0,0,0,0,126.24,-195.077,120.08,2.1451,3.6835,3.56234,4.01819,6.22657,NN_Adam
0,0,0,0,0,22.2629,-385.502,439.929,4.77,0.10828,0.502798,2.11124,0.415395,NN_Adam
0,0,0,0,0,226.828,109.858,25.5716,0.450934,4.52085,2.93546,6.2351,1.59582,NN_Adam
0,0,0,0,0,354.009,311.72,83.9154,0.721783,6.21806,5.36448,2.83102,5.4464,NN_Adam
0,0,0,0,0,-109.597,483.521,65.3549,1.79361,5.60047,0.43126,2.0524,5.31042,NN_Adam
0,0,0,0,0,379.385,-110.648,83.1972,2.85781,3.33019,0.808899,0.202548,3.16442,NN_Adam
0,0,0,0,0,-28.9873,-395.477,105.483,1.49755,2.42324,0.870927,2.01893,1.72265,NN_Adam
0,0,0,0,0,9.67567,-278.061,248.811,1.60545,4.15746,4.95907,0.790228,1.34452,NN_Adam
0,0,0,0,0,-125.276,-357.124,210.918,4.37492,0.891139,6.19262,6.26956,0.191397,NN_Adam
0,0,0,0,0,-173.612,370.682,337.425,2.00864,5.8175,1.33241,1.51012,0.486989,NN_Adam
0,0,0,0,0,316.298,-226.496,19.4699,2.51988,3.96518,6.08691,0.637598,0.758087,NN_Adam
0,0,0,0,0,-214.212,248.415,293.834,2.28227,0.882092,4.16058,3.60352,6.17791,NN_Adam
0,0,0,0,0,101.696,-332.124,140.418,1.86786,2.02754,1.82586,1.12645,5.01784,NN_Adam
0,0,0,0,0,-317.553,-18.8314,364.562,0.059113,1.70487,0.858725,2.19341,1.88987,NN_Adam
0,0,0,0,0,110.973,-192.167,513.848,2.09424,1.41265,1.15999,1.43331,6.01895,NN_Adam
0,0,0,0,0,-143.754,-410.531,224.848,4.37526,0.708012,0.0365316,0.272065,0.191397,NN_Adam
0,0,0,0,0,395.013,97.279,31.111,3.38298,3.06802,1.11625,0.576674,0.917386,NN_Adam
0,0,0,0,0,261.166,303.392,165.02,0.859648,6.10761,5.42197,3.44238,5.4464,NN_Adam
0,0,0,0,0,-159.188,47.5629,238.75,2.85105,1.23896,2.08612,4.38933,0.988303,NN_Adam
0,0,0,0,0,-199.387,-169.861,219.562,0.705253,4.39205,4.76545,0.828856,0.721104,NN_Adam
0,0,0,0,0,403.193,-178.335,327.058,5.86648,6.0573,0.515145,2.22651,5.4841,NN_Adam
0,0,0,0,0,140.174,-148.803,327.136,2.3263,2.54604,4.38015,4.01307,2.27078,NN_Adam
0,0,0,0,0,-152.829,156.936,413.068,2.3427,1.26231,4.24162,3.72162,6.17791,NN_Adam
0,0,0,0,0,411.56,-199.393,404.288,5.83171,0.298266,0.15161,1.90066,0.881721,NN_Adam
0,0,0,0,0,-399.544,108.706,370.536,2.87589,6.14056,0.558464,2.22568,2.06914,NN_Adam
0,0,0,0,0,-284.378,-405.262,146.39,4.10036,6.07511,0.934737,0.572661,0.291986,NN_Adam
0,0,0,0,0,143.649,-128.12,83.9367,2.41335,5.01872,3.27877,2.87004,2.21858,NN_Adam
0,0,0,0,0,-256.748,73.2182,116.851,6.00535,2.5961,6.04915,3.58624,3.84344,NN_Adam
0,0,0,0,0,233.445,243.047,146.678,0.805303,6.11517,2.0413,5.48567,4.84654,NN_Adam
0,0,0,0,0,1.77278,-420.275,447.458,4.71643,0.318886,0.286374,1.90138,0.415395,NN_Adam
0,0,0,0,0,361.981,225.442,88.8188,3.69853,2.73245,0.416958,2.14018,4.3676,NN_Adam
0,0,0,0,0,58.8237,-456.111,358.549,4.84066,6.28047,0.396747,2.00406,0.165034,NN_Adam
0,0,0,0,0,27.1394,274.627,147.954,1.47232,2.12658,3.62444,1.81235,1.68825,NN_Adam
0,0,0,0,0,35.0455,-297.405,94.0891,1.68791,2.05169,1.18837,2.42254,1.72265,NN_Adam
0,0,0,0,0,-213.664,192.482,137.174,2.4082,0.391895,0.96736,5.31523,1.75357,NN_Adam
0,0,0,0,0,-82.6551,443.742,316.324,1.75488,5.94117,0.903473,1.76612,0.486989,NN_Adam
0,0,0,0,0,-47.7009,-280.322,103.39,1.40217,1.96216,1.23705,2.48022,1.72265,NN_Adam
0,0,0,0,0,-51.8347,-140.607,485.34,1.21757,0.906724,1.57564,1.568,6.01895,NN_Adam
0,0,0,0,0,-195.563,72.8102,156.666,5.92658,2.32792,6.17238,3.81525,3.84344,NN_Adam
0,0,0,0,0,286.08,-191.316,378.126,2.55207,2.73298,0.57684,0.318697,2.38395,NN_Adam
0,0,0,0,0,-155.436,-281.59,18.3553,1.06615,2.31542,1.39519,1.8975,6.08012,NN_Adam
0,0,0,0,0,407.253,-175.441,378.024,5.8762,0.0837924,0.23244,2.19832,0.881721,NN_Adam
0,0,0,0,0,112.192,-3.92281,286.367,6.24818,4.79066,3.54717,0.446218,0.955645,NN_Adam
0,0,0,0,0,-138.511,295.647,135.93,2.00889,4.60905,1.7795,2.09931,0.486989,NN_Adam
0,0,0,0,0,287.778,259.082,219.885,0.732912,6.12635,5.67049,3.41133,5.4464,NN_Adam
0,0,0,0,0,-388.013,225.323,342.868,2.61541,0.165668,1.02553,0.587361,0.999488,NN_Adam
0,0,0,0,0,-255.993,437.118,69.0287,2.10038,5.81981,0.841549,0.919273,1.75357,NN_Adam
0,0,0,0,0,-185.231,69.23,195.35,5.92535,0.928614,2.87812,0.870419,0.906191,NN_Adam
0,0,0,0,0,134.064,-222.883,581.394,5.25367,0.747823,0.286914,1.90031,5.13599,NN_Adam
0,0,0,0,0,-256.055,-234.027,152.958,0.740276,4.27063,4.96286,1.17483,0.721104,NN_Adam
0,0,0,0,0,-191.36,114.199,371.058,2.60351,0.801204,1.97044,5.38035,0.988303,NN_Adam
0,0,0,0,0,463.619,83.6678,305.493,0.178402,6.10475,0.425489,2.10288,2.89142,NN_Adam
0,0,0,0,0,-120.371,-220.164,313.507,4.21178,2.38248,3.68391,2.20829,0.341132,NN_Adam
0,0,0,0,0,514.975,111.444,100.198,0.213039,5.93249,0.563683,1.25586,2.89142,NN_Adam
0,0,0,0,0,-67.1343,-74.3618,437.733,0.836134,0.474115,1.8081,1.85769,6.01895,NN_Adam
0,0,0,0,0,-429.8,218.441,177.699,2.67124,6.0251,1.15165,0.515696,0.999488,NN_Adam
0,0,0,0,0,-70.9687,372.017,242.847,1.75908,5.24957,1.63976,1.7393,0.486989,NN_Adam
0,0,0,0,0,-152.267,-29.9046,81.5728,0.193661,5.45968,3.0637,2.73988,5.50527,NN_Adam
0,0,0,0,0,110.105,-312.514,372.308,1.90934,3.47537,5.13068,1.43455,1.34452,NN_Adam
0,0,0,0,0,-308.511,34.7211,494.888,3.02942,0.271712,0.463632,2.27664,0.390971,NN_Adam
0,0,0,0,0,405.51,28.1274,107.297,3.21066,2.5303,0.63365,2.16362,5.88884,NN_Adam
0,0,0,0,0,-368.61,-217.207,416.264,3.67391,0.147697,0.385292,1.99422,3.41488,NN_Adam
0,0,0,0,0,164.264,-366.814,56.4495,1.99171,2.67168,0.591613,2.17459,4.79934,NN_Adam
0,0,0,0,0,344.979,-386.708,289.885,5.44076,0.176796,0.0900574,1.68037,5.34562,NN_Adam
0,0,0,0,0,-74.0499,347.325,26.5056,4.92235,2.59379,0.707484,2.38321,2.53861,NN_Adam
0,0,0,0,0,-214.745,-236.808,121.277,0.834162,2.19288,0.775923,2.67712,1.4549,NN_Adam
0,0,0,0,0,190.919,105.522,249.679,0.504933,5.04562,1.47368,2.89004,0.786399,NN_Adam
0,0,0,0,0,-209.013,4.57055,396.187,3.11942,0.789993,2.02879,5.49326,0.988303,NN_Adam
0,0,0,0,0,-386.488,130.854,92.2397,2.81501,0.621677,5.93802,0.303108,4.41349,NN_Adam
0,0,0,0,0,-341.846,-63.1498,233.669,3.32407,0.696907,0.629757,5.80466,0.458783,NN_Adam
0,0,0,0,0,120.765,-77.0027,237.379,2.57359,3.51806,2.82309,3.95776,6.22657,NN_Adam
0,0,0,0,0,275.356,385.501,247.631,0.950133,6.16855,1.14641,0.550168,5.73413,NN_Adam
0,0,0,0,0,-117.742,282.094,295.062,1.96603,5.20217,1.83431,1.90371,0.486989,NN_Adam
0,0,0,0,0,388.224,309.872,331.943,0.67358,0.145195,0.19385,1.80283,5.73413,NN_Adam
0,0,0,0,0,-184.917,-420.437,263.201,1.15637,2.80083,0.0893791,1.67994,1.4549,NN_Adam
0,0,0,0,0,-400.76,312.078,98.8226,2.4798,5.8564,0.888332,0.904682,0.999488,NN_Adam
0,0,0,0,0,-162.627,-110.357,166.241,3.73753,5.16108,3.61023,5.72659,1.26648,NN_Adam
0,0,0,0,0,-70.1719,-155.754,294.31,1.14735,2.36062,4.34604,4.36839,2.27078,NN_Adam
0,0,0,0,0,-162.586,494.616,196.33,1.88835,6.04311,0.284721,1.90346,0.458874,NN_Adam
0,0,0,0,0,117.612,-249.368,55.9611,2.01127,3.94344,0.451406,5.84827,4.79934,NN_Adam
0,0,0,0,0,-298.857,-34.5511,541.31,3.25643,0.543526,0.308914,2.07445,0.390971,NN_Adam
0,0,0,0,0,-108.404,375.659,148.356,1.85148,6.05605,1.70188,5.91024,4.84654,NN_Adam
0,0,0,0,0,-164.758,-190.407,278.081,3.99897,2.4538,3.5865,2.11765,0.341132,NN_Adam
0,0,0,0,0,-237.876,-88.9432,495.423,0.35761,1.70905,0.332478,2.32023,0.906681,NN_Adam
0,0,0,0,0,235.785,-5.77333,21.8128,6.25845,4.38662,3.01372,6.26047,1.59582,NN_Adam
0,0,0,0,0,479.727,230.193,218.153,0.44734,6.27385,0.124601,1.72086,2.89142,NN_Adam
0,0,0,0,0,-366.947,326.054,2.65394,2.41499,5.76904,0.766271,0.831219,1.75357,NN_Adam
0,0,0,0,0,68.5926,276.695,239.957,1.32763,0.206932,2.41273,5.20565,4.84654,NN_Adam
0,0,0,0,0,-207.867,-11.5163,256.238,3.197,0.955705,2.42099,4.54187,0.988303,NN_Adam
0,0,0,0,0,-345.953,66.8031,521.606,2.9505,0.525871,0.331394,1.82199,1.11345,NN_Adam
0,0,0,0,0,-438.627,177.867,217.161,2.75619,6.13119,1.17154,0.451959,0.885108,NN_Adam
0,0,0,0,0,-105.441,-84.0547,220.218,0.672934,3.1955,1.74555,4.68591,0.0907237,NN_Adam
0,0,0,0,0,356.864,352.064,49.9232,0.778473,5.64827,0.331931,2.03578,5.4464,NN_Adam
0,0,0,0,0,343.884,-330.255,88.3745,5.51796,5.50246,0.556017,2.17454,0.00805729,NN_Adam
0,0,0,0,0,22.4054,475.877,292.254,1.5234,6.25574,1.01733,0.750006,2.05852,NN_Adam
0,0,0,0,0,99.2895,-478.208,320.027,4.917,6.26665,0.340622,1.90134,2.3339,NN_Adam
0,0,0,0,0,-34.7456,-385.686,19.5061,1.48085,2.61642,1.08607,1.66949,6.08012,NN_Adam
0,0,0,0,0,-46.8131,191.788,494.237,1.81015,6.28275,1.32797,1.92045,3.33779,NN_Adam
0,0,0,0,0,-230.956,-119.935,346.837,0.478896,1.24664,1.97368,1.19516,1.88987,NN_Adam
0,0,0,0,0,-129.902,51.0286,27.6732,2.76713,3.6044,1.42627,3.19056,0.164514,NN_Adam
0,0,0,0,0,77.5239,74.1819,69.3235,3.90495,5.97997,2.76087,2.82016,0.353671,NN_Adam
0,0,0,0,0,126.296,-217.593,168.045,5.23833,1.32068,5.56921,6.00061,5.26321,NN_Adam
0,0,0,0,0,278.446,-82.2596,183.76,2.85428,3.59557,4.02031,3.50167,6.22657,NN_Adam
0,0,0,0,0,480.565,23.2562,213.137,0.0482673,5.83695,1.24883,0.933577,2.89142,NN_Adam
0,0,0,0,0,93.2023,-248.968,512.491,5.07052,0.303419,0.549456,2.30626,5.13599,NN_Adam
0,0,0,0,0,-78.3827,-460.589,2.89063,4.54359,5.69243,1.03883,0.558645,0.291986,NN_Adam
0,0,0,0,0,-55.1886,-85.2101,156.691,0.99566,0.100595,2.26123,2.83229,5.50527,NN_Adam
0,0,0,0,0,197.821,29.9878,168.102,3.29204,3.53477,3.12711,4.19227,6.22657,NN_Adam
0,0,0,0,0,106.761,-208.993,477.122,5.18457,0.20862,0.492214,2.68706,5.13599,NN_Adam
0,0,0,0,0,-341.308,367.322,73.9375,2.3194,5.90705,0.840403,0.746102,0.999488,NN_Adam
0,0,0,0,0,-217.805,73.3293,389.087,2.81665,2.3886,4.66943,0.988386,5.93834,NN_Adam
0,0,0,0,0,-25.3351,435.642,382.919,1.62853,0.717176,0.309644,0.629132,5.90084,NN_Adam
0,0,0,0,0,257.74,127.677,63.4094,0.459867,4.68981,2.80304,0.105295,1.59582,NN_Adam
0,0,0,0,0,141.638,-469.074,166.021,5.00536,5.74737,0.465239,2.1581,6.27677,NN_Adam
0,0,0,0,0,-356.861,67.486,28.2721,6.09615,3.12193,5.84557,3.01381,3.84344,NN_Adam
0,0,0,0,0,257.739,412.526,153.096,1.01233,6.17473,0.902417,0.432063,1.38371,NN_Adam
0,0,0,0,0,139.783,-9.43902,89.0275,6.21565,2.91947,3.91948,0.165426,4.42808,NN_Adam
0,0,0,0,0,84.2326,462.622,216.739,1.39057,6.27034,1.04487,0.334437,1.38371,NN_Adam
0,0,0,0,0,-393.486,-90.2355,305.684,3.36674,0.490235,0.918822,6.22436,0.458783,NN_Adam
0,0,0,0,0,22.6438,249.262,368.806,1.47997,0.90945,4.38609,3.90803,6.17791,NN_Adam
0,0,0,0,0,94.5114,-435.99,84.8653,1.78422,2.86286,0.346794,1.95768,1.72265,NN_Adam
0,0,0,0,0,55.6468,282.743,183.282,1.37629,0.133946,2.31952,5.07144,4.84654,NN_Adam
0,0,0,0,0,-47.7556,-46.6474,240.244,0.773642,0.619704,3.70975,6.03392,3.18951,NN_Adam
0,0,0,0,0,304.996,246.049,173.835,0.678701,6.0962,5.45527,3.48479,5.4464,NN_Adam
0,0,0,0,0,55.4302,-355.688,44.4465,1.72517,2.52517,1.71654,0.806924,1.73232,NN_Adam
0,0,0,0,0,-432.243,187.327,266.077,2.73241,5.96398,1.23711,0.933847,5.86949,NN_Adam
0,0,0,0,0,-265.477,-186.949,407.516,0.613329,2.04473,1.31865,0.573002,1.46502,NN_Adam
0,0,0,0,0,363.074,41.5197,179.033,0.11383,4.92955,1.777,1.77505,2.76285,NN_Adam
0,0,0,0,0,-87.9977,44.6355,537.83,2.67207,0.326658,1.34676,1.78325,3.33779,NN_Adam
0,0,0,0,0,-400.196,-195.845,140.9,3.59637,5.58512,1.66194,0.527024,1.26648,NN_Adam
0,0,0,0,0,-504.831,52.4722,287.818,3.03797,0.000541718,0.239505,1.85406,0.322384,NN_Adam
0,0,0,0,0,-182.811,312.348,510.728,2.10004,0.498365,0.279459,1.9033,5.36892,NN_Adam
0,0,0,0,0,99.8554,285.322,190.855,1.23411,0.0376155,2.31721,5.23103,4.84654,NN_Adam
0,0,0,0,0,91.5048,-117.523,227.043,2.23247,2.29045,4.86577,4.53806,2.27078,NN_Adam
0,0,0,0,0,-71.7397,334.981,368.74,1.78172,1.30677,6.10729,0.207577,1.23374,NN_Adam
0,0,0,0,0,-424.096,188.535,389.958,2.72302,0.223693,0.240042,1.85614,0.999488,NN_Adam
0,0,0,0,0,316.655,-137.193,140.616,2.73267,2.13383,1.94654,0.762811,0.246225,NN_Adam
0,0,0,0,0,41.2537,-438.983,289.184,4.80577,5.91536,0.544988,2.32123,2.3339,NN_Adam
0,0,0,0,0,-343.038,-197.46,317.403,3.66373,6.19318,1.68565,0.20375,3.41488,NN_Adam
0,0,0,0,0,-512.193,15.143,54.1473,3.11199,5.73339,0.299847,1.9195,1.99764,NN_Adam
0,0,0,0,0,393.045,84.7867,121.929,3.35388,2.47065,0.651206,2.19659,5.88884,NN_Adam
0,0,0,0,0,-276.885,-149.989,11.9004,0.496284,2.35129,1.28117,2.06706,0.996245,NN_Adam
0,0,0,0,0,109.577,-94.9301,206.063,2.42753,2.36975,4.67812,4.66217,2.27078,NN_Adam
0,0,0,0,0,-105.164,185.239,379.133,2.08707,1.05165,4.18311,4.02475,6.17791,NN_Adam
0,0,0,0,0,-133.721,-143.619,267.859,3.96264,3.00226,3.14509,2.27761,0.341132,NN_Adam
0,0,0,0,0,-422.679,-69.7885,250.502,3.30514,0.37086,0.834488,6.27768,0.458783,NN_Adam
0,0,0,0,0,-328.961,-34.7309,475.595,0.105171,2.4661,0.310297,0.930887,1.88987,NN_Adam
0,0,0,0,0,207.985,215.251,53.8356,0.802345,4.61064,1.08396,2.83446,4.54565,NN_Adam
0,0,0,0,0,333.745,375.178,154.844,0.843568,5.93391,1.00412,0.81691,0.378545,NN_Adam
0,0,0,0,0,-53.2548,110.761,223.593,5.16065,3.18589,1.33868,4.78826,0.0907237,NN_Adam
0,0,0,0,0,382.928,75.3899,84.601,3.3357,2.91414,1.36833,0.312825,0.917386,NN_Adam
0,0,0,0,0,-223.233,-351.087,170.684,1.00437,2.46123,0.51739,2.18889,1.4549,NN_Adam
0,0,0,0,0,430.047,236.656,211.032,0.502736,5.99992,1.10722,0.784647,2.89142,NN_Adam
0,0,0,0,0,-374.605,-151.283,379.373,3.52529,6.13718,0.607132,2.21894,3.41488,NN_Adam
0,0,0,0,0,67.1471,252.183,68.9301,1.31048,4.56762,1.02619,3.09385,4.54565,NN_Adam
0,0,0,0,0,-75.6395,-306.2,562.211,4.47016,0.784455,0.155965,1.75888,0.165034,NN_Adam
0,0,0,0,0,-171.129,-235.697,141.458,4.08423,5.50263,2.88792,5.68947,1.26648,NN_Adam
0,0,0,0,0,11.8579,405.06,276.046,1.54134,0.95594,6.1763,0.248951,2.05852,NN_Adam
0,0,0,0,0,-432.585,-4.43021,237.535,3.15152,0.294302,0.90392,6.27772,0.458783,NN_Adam
0,0,0,0,0,-80.6621,-145.757,191.235,4.20743,5.19319,3.75279,5.77244,1.26648,NN_Adam
0,0,0,0,0,234.854,-153.895,196.11,2.56137,1.59894,2.36321,0.782364,1.09903,NN_Adam
0,0,0,0,0,-302.644,-41.8048,69.5589,0.137103,2.7892,6.07445,3.33208,3.84344,NN_Adam
0,0,0,0,0,-284.069,-269.994,261.33,0.75983,3.69483,5.16579,1.53012,0.721104,NN_Adam
0,0,0,0,0,-133.225,153.581,379.751,2.28527,0.95336,4.36313,4.09029,6.17791,NN_Adam
0,0,0,0,0,-153.689,-194.714,522.134,0.902493,1.66545,0.53995,1.96544,6.01895,NN_Adam
0,0,0,0,0,-193.887,107.278,427.758,2.63562,2.34015,4.78359,1.0513,5.93834,NN_Adam
0,0,0,0,0,-70.8069,77.1189,447.046,2.31344,6.09119,1.65092,2.13633,3.33779,NN_Adam
0,0,0,0,0,-439.449,65.3477,335.549,2.99393,6.11238,0.473594,2.19985,2.06914,NN_Adam
0,0,0,0,0,-112.379,272.277,195.027,1.9622,4.62497,1.97348,2.08553,0.486989,NN_Adam
0,0,0,0,0,267.144,430.033,87.5026,1.01473,0.303568,5.35491,2.0708,1.11678,NN_Adam
0,0,0,0,0,-27.582,-84.6421,472.59,1.25574,0.560989,1.69909,1.75843,6.01895,NN_Adam
0,0,0,0,0,-117.621,-202.213,120.918,4.18544,5.20479,3.37531,5.60105,1.26648,NN_Adam
0,0,0,0,0,-395.314,93.1009,24.1868,2.91019,5.59975,1.61174,6.26722,4.41349,NN_Adam
0,0,0,0,0,203.169,-240.788,288.535,2.27151,3.86553,4.36502,2.18769,0.247987,NN_Adam
0,0,0,0,0,71.5751,-99.7005,313.784,5.33494,4.87437,3.27844,0.770195,0.955645,NN_Adam
0,0,0,0,0,-239.082,191.925,463.517,2.46514,0.652044,1.25976,0.112093,0.988303,NN_Adam
0,0,0,0,0,-497.072,182.873,243.963,2.78901,0.0890505,0.0856499,1.67412,5.86949,NN_Adam
0,0,0,0,0,-198.436,19.762,317.65,3.04225,0.997132,2.0183,4.94664,0.988303,NN_Adam
0,0,0,0,0,-291.422,-284.926,133.947,3.91534,5.6564,1.91373,0.0430328,1.08158,NN_Adam
0,0,0,0,0,-337.928,18.0675,432.168,6.22953,1.92252,0.586712,1.92419,1.88987,NN_Adam
0,0,0,0,0,-271.182,203.521,290.455,2.49746,0.800337,0.722762,5.83877,6.07848,NN_Adam
0,0,0,0,0,-230.983,-341.121,225.685,0.975488,3.50509,5.02482,2.33395,0.721104,NN_Adam
0,0,0,0,0,-72.8655,-282.439,204.62,1.31801,1.50034,1.75145,1.84748,6.03257,NN_Adam
0,0,0,0,0,268.06,91.2285,13.0411,0.327978,4.63488,2.69764,0.0614148,1.59582,NN_Adam
0,0,0,0,0,-365.506,300.887,89.0365,2.45269,5.80104,1.22178,0.46854,0.999488,NN_Adam
0,0,0,0,0,-163.735,39.048,84.2262,2.90749,0.114703,1.30702,4.68231,0.914063,NN_Adam
0,0,0,0,0,153.493,-389.595,125.959,1.94593,2.57153,0.515727,2.16607,4.79934,NN_Adam
0,0,0,0,0,-312.536,-94.5515,75.6358,0.293667,2.85261,5.96097,3.27282,3.84344,NN_Adam
0,0,0,0,0,369.752,-254.425,11.5332,5.68038,5.31465,0.464424,2.3418,5.00623,NN_Adam
0,0,0,0,0,181.928,-474.836,318.994,5.07821,0.232716,0.0941178,1.68513,2.3339,NN_Adam
0,0,0,0,0,-90.4594,-159.863,365.147,1.05548,2.40426,4.46937,3.94212,2.27078,NN_Adam
0,0,0,0,0,48.3662,313.339,92.5447,1.41767,1.37128,4.72138,0.778772,1.11678,NN_Adam
0,0,0,0,0,118.451,-223.74,284.191,5.19919,1.58294,5.84181,6.00909,5.26321,NN_Adam
0,0,0,0,0,293.237,445.689,86.7758,0.988873,6.01267,0.124778,1.72034,1.11678,NN_Adam
0,0,0,0,0,-414.808,118.536,365.9,2.86303,6.17316,1.2235,1.0127,5.86949,NN_Adam
0,0,0,0,0,-142.226,-184.846,608.63,4.05622,0.990021,0.148351,1.7298,5.93834,NN_Adam
0,0,0,0,0,73.1781,-116.026,214.162,2.13338,2.2838,4.94456,4.59066,2.27078,NN_Adam
0,0,0,0,0,264.85,198.903,229.838,0.644019,5.34126,0.963689,2.78185,0.0620472,NN_Adam
0,0,0,0,0,355.893,-162.334,205.947,2.71353,2.25572,0.62969,2.28049,0.428259,NN_Adam
0,0,0,0,0,390.98,82.3111,230.327,0.207288,5.29671,1.60436,1.61893,2.76285,NN_Adam
0,0,0,0,0,-145.124,-216.324,159.473,4.12144,5.47153,3.1607,5.63754,1.26648,NN_Adam
0,0,0,0,0,102.579,-310.067,267.379,5.0317,1.10199,0.0307011,6.02077,2.87431,NN_Adam
0,0,0,0,0,196.377,403.993,253.865,1.118,1.03411,4.80304,2.16383,2.83862,NN_Adam
0,0,0,0,0,-211.606,230.456,479.991,2.31348,1.18745,0.298495,0.338865,2.03274,NN_Adam
0,0,0,0,0,-73.8201,-198.016,178.704,4.3554,5.32003,3.50383,5.70253,1.26648,NN_Adam
0,0,0,0,0,-2.55115,-211.684,352.817,1.5586,3.85908,4.8134,0.887313,1.34452,NN_Adam
0,0,0,0,0,39.9785,125.365,106.984,1.26198,3.00258,4.03441,0.030441,1.68825,NN_Adam
0,0,0,0,0,38.8796,-206.253,330.988,1.75707,2.58186,4.3775,3.95685,2.27078,NN_Adam
0,0,0,0,0,-66.261,21.7704,619.005,2.82399,0.930872,0.738971,1.66739,3.33779,NN_Adam
0,0,0,0,0,-64.0637,-184.887,505.129,1.23724,1.22612,1.32461,1.47932,6.01895,NN_Adam
0,0,0,0,0,403.382,-243.308,320.248,5.74016,0.0407731,0.965043,0.809706,2.71482,NN_Adam
0,0,0,0,0,173.273,-253.657,24.6848,2.17006,3.81998,0.668385,5.99445,4.79934,NN_Adam
0,0,0,0,0,-370.548,133.467,53.2034,2.7958,5.66289,1.75173,6.10444,4.41349,NN_Adam
0,0,0,0,0,236.864,388.227,101.685,1.02278,6.19202,5.32694,3.0227,5.4464,NN_Adam
0,0,0,0,0,-157.838,-471.333,62.3365,4.38909,6.01982,0.702574,0.644375,0.291986,NN_Adam
0,0,0,0,0,-295.667,-261.479,410.967,0.723585,2.40887,0.147729,1.74889,1.46502,NN_Adam
0,0,0,0,0,156.261,406.908,432.211,1.20409,0.311262,0.256022,1.86636,2.53824,NN_Adam
0,0,0,0,0,-138.606,-168.119,43.4979,4.02279,0.295515,0.0823687,5.48397,0.954884,NN_Adam
0,0,0,0,0,-21.377,-418.522,75.4858,1.51961,2.66364,0.647107,1.98637,1.72265,NN_Adam
0,0,0,0,0,-263.454,80.2057,577.63,2.84595,1.2924,5.6861,1.98789,5.93834,NN_Adam
0,0,0,0,0,-331.949,210.424,468.596,2.5764,0.44193,0.79843,0.95717,2.39757,NN_Adam
0,0,0,0,0,-397.928,78.9506,163.846,2.94544,0.311165,0.74797,6.04392,1.75357,NN_Adam
0,0,0,0,0,-147.318,169.432,457.143,2.28615,2.24312,4.89149,1.13146,5.93834,NN_Adam
0,0,0,0,0,149.991,-112.235,262.772,2.49913,2.39307,4.71242,4.30964,2.27078,NN_Adam
0,0,0,0,0,190.331,-257.509,460.54,2.20712,2.87886,5.28497,2.10337,1.90659,NN_Adam
0,0,0,0,0,-76.8252,103.835,355.035,2.20716,2.86318,4.76373,0.382944,5.93834,NN_Adam
0,0,0,0,0,-216.067,-174.273,533.999,0.678684,1.97309,0.227382,1.84094,0.906681,NN_Adam
0,0,0,0,0,-145.324,333.424,363.441,1.98165,0.22326,1.58563,6.28089,4.84654,NN_Adam
0,0,0,0,0,282.783,322.474,197.528,0.850824,6.1997,5.56844,3.19627,5.4464,NN_Adam
0,0,0,0,0,112.027,164.143,148.38,0.97181,4.54646,1.33596,3.22907,1.14695,NN_Adam
0,0,0,0,0,1.80325,315.305,337.688,1.56462,0.759414,4.54563,3.67002,6.17791,NN_Adam
0,0,0,0,0,303.017,-49.3342,99.8734,2.98016,3.73322,4.23627,3.47654,6.22657,NN_Adam
0,0,0,0,0,-157.558,357.625,463.317,1.98571,0.508638,0.799266,0.795318,5.36892,NN_Adam
0,0,0,0,0,284.446,-169.365,140.564,2.60449,2.06805,2.05771,0.725662,0.246225,NN_Adam
0,0,0,0,0,-85.192,-502.652,247.722,4.54428,6.23861,0.714782,1.00956,0.191397,NN_Adam
0,0,0,0,0,78.2651,-375.408,231.491,4.9178,5.58878,0.611767,2.76255,2.3339,NN_Adam
0,0,0,0,0,239.002,291.787,25.6069,0.884379,4.86368,0.982466,2.42896,4.54565,NN_Adam
0,0,0,0,0,353.398,-247.69,138.159,2.5301,2.52677,0.971599,1.44994,0.246225,NN_Adam
0,0,0,0,0,-394.218,88.4469,30.5236,2.92068,5.60044,1.65197,6.24389,4.41349,NN_Adam
0,0,0,0,0,352.059,-357.744,27.8945,5.48958,5.65101,0.288134,1.99717,0.00805729,NN_Adam
0,0,0,0,0,-383.537,-148.179,177.449,3.51019,5.6036,1.94876,0.296794,1.26648,NN_Adam
0,0,0,0,0,21.9757,325.196,386.86,1.50325,0.84854,4.81434,3.38196,6.17791,NN_Adam
0,0,0,0,0,-229.068,-23.4258,372.679,3.24351,0.901208,1.67557,5.42386,0.988303,NN_Adam
0,0,0,0,0,-142.64,-219.536,433.137,0.994453,1.85609,1.60195,0.283353,5.67876,NN_Adam
0,0,0,0,0,463.948,34.2055,334.475,0.0735438,6.18746,0.440039,2.03104,2.89142,NN_Adam
0,0,0,0,0,-251.277,-89.8023,581.664,3.48495,1.34783,5.66169,1.94422,5.93834,NN_Adam
0,0,0,0,0,-189.571,-244.575,399.969,0.911115,1.5955,1.27287,1.55659,0.873547,NN_Adam
0,0,0,0,0,-409.409,303.745,16.1259,2.50303,5.80432,0.57888,1.12827,0.999488,NN_Adam
0,0,0,0,0,-273.455,375.162,84.5512,2.20042,5.67064,1.37702,0.494205,1.75357,NN_Adam
0,0,0,0,0,-88.7874,474.928,58.6558,1.75546,5.51201,0.48192,2.13018,5.31042,NN_Adam
0,0,0,0,0,-376.933,-266.121,332.043,3.75641,6.28243,1.05417,0.834166,3.41488,NN_Adam
0,0,0,0,0,42.0112,365.845,376.121,1.45631,0.805179,4.94,3.13875,6.17791,NN_Adam
0,0,0,0,0,-445.838,231.589,141.068,2.6624,5.99331,0.937133,0.723792,1.75357,NN_Adam
0,0,0,0,0,310.14,-116.986,188.556,2.78061,3.56744,4.34422,3.21858,6.22657,NN_Adam
0,0,0,0,0,-56.9229,226.429,354.718,1.81668,0.781722,4.44345,4.0878,6.17791,NN_Adam
0,0,0,0,0,-173.415,-295.167,395.796,1.03939,2.71681,5.30721,2.73024,2.04068,NN_Adam
0,0,0,0,0,-191.249,424.672,138.904,5.13548,2.91803,0.19731,1.81004,2.53861,NN_Adam
0,0,0,0,0,-242.431,-365.776,193.327,0.98537,2.56967,0.393106,2.03604,1.4549,NN_Adam
0,0,0,0,0,-220.06,-246.326,554.51,3.98318,0.796066,0.118893,1.71494,0.165034,NN_Adam
0,0,0,0,0,255.78,38.223,108.179,3.2897,3.72981,3.83314,3.81966,6.22657,NN_Adam
0,0,0,0,0,-158.976,211.103,193.086,2.2162,0.635471,1.04951,5.1929,1.75357,NN_Adam
0,0,0,0,0,-53.0882,129.778,294.481,1.95898,2.92012,4.6217,0.242695,5.93834,NN_Adam
0,0,0,0,0,231.163,40.4105,169.229,3.31457,3.56904,3.55061,3.93878,6.22657,NN_Adam
0,0,0,0,0,219.442,200.14,239.088,0.739058,5.27368,1.09007,2.84327,0.0620472,NN_Adam
0,0,0,0,0,359.018,-278.31,29.1106,2.48209,3.17618,0.167008,1.77298,0.758087,NN_Adam
0,0,0,0,0,-480.765,-136.615,110.845,3.41838,6.09676,0.766996,0.605308,0.721104,NN_Adam
0,0,0,0,0,-243.987,448.436,216.531,2.06855,6.11565,0.8155,0.986539,6.07848,NN_Adam
0,0,0,0,0,39.1988,-527.274,59.5631,4.78655,5.94341,0.136792,1.73403,6.27677,NN_Adam
0,0,0,0,0,-169.26,-171.232,320.719,3.93262,2.44555,3.65738,2.22149,0.341132,NN_Adam
0,0,0,0,0,256.009,-453.843,147.024,5.22593,5.92109,0.304741,1.92027,6.0557,NN_Adam
0,0,0,0,0,-356.802,-250.087,274.711,3.75277,6.15568,1.45804,0.314684,3.41488,NN_Adam
0,0,0,0,0,-217.187,-225.689,361.529,0.804352,2.0907,1.61618,0.229055,1.46502,NN_Adam
0,0,0,0,0,63.0484,517.493,116.466,1.4494,5.87092,0.2929,1.90984,5.82413,NN_Adam
0,0,0,0,0,-413.853,327.707,50.7085,2.4718,5.94064,0.124069,1.72038,0.999488,NN_Adam
0,0,0,0,0,337.965,-202.329,306.832,2.60185,2.34981,1.1779,0.704756,2.71482,NN_Adam
0,0,0,0,0,-369.767,60.5428,82.5166,6.12084,2.9917,5.83257,3.02412,3.84344,NN_Adam
0,0,0,0,0,-176.806,-397.016,314.314,4.29311,5.98092,0.556467,2.28565,1.21809,NN_Adam
0,0,0,0,0,-300.383,-86.3459,244.806,3.42132,0.855356,0.547154,5.67563,0.458783,NN_Adam
0,0,0,0,0,173.712,483.437,153.67,1.22576,5.97041,0.846683,0.97023,1.38371,NN_Adam
0,0,0,0,0,-133.75,83.7947,247.157,5.7233,3.07978,1.27839,5.01711,0.0907237,NN_Adam
0,0,0,0,0,-241.571,378.607,71.3992,2.13866,5.64526,1.47206,0.343269,1.75357,NN_Adam
0,0,0,0,0,78.2205,197.94,156.426,1.19426,3.01506,3.65675,0.896,1.68825,NN_Adam
0,0,0,0,0,-36.5731,-435.151,302.933,4.62836,0.636906,0.405047,0.283325,0.191397,NN_Adam
0,0,0,0,0,-424.19,8.63433,71.3653,3.12106,5.14079,0.915471,2.25293,0.82735,NN_Adam
0,0,0,0,0,133.566,-287.238,567.684,5.1476,0.926471,0.0417554,1.62162,5.13599,NN_Adam
0,0,0,0,0,114.716,-433.242,65.0794,4.97117,5.32571,0.623083,2.32704,6.27677,NN_Adam
0,0,0,0,0,396.339,-71.35,63.6772,2.96342,2.57663,0.843218,1.92814,5.88884,NN_Adam
0,0,0,0,0,126.167,54.4005,240.856,0.407323,4.93647,1.61595,3.15211,1.14695,NN_Adam
0,0,0,0,0,289.414,-87.8515,278.66,2.84689,2.19305,2.00804,6.1906,2.71482,NN_Adam
0,0,0,0,0,-165.976,-75.7175,217.477,3.56953,5.30421,3.5536,5.90051,1.26648,NN_Adam
0,0,0,0,0,346.7,286.796,245.523,0.690667,0.155302,5.50372,2.97677,5.4464,NN_Adam
0,0,0,0,0,124.551,474.826,317.905,1.31416,0.0756781,0.710822,1.08077,2.05852,NN_Adam
0,0,0,0,0,100.525,477.672,112.321,1.36335,6.16387,0.772087,0.448631,5.82413,NN_Adam
0,0,0,0,0,159.535,-209.894,460.398,5.36223,0.152321,0.438106,2.71137,5.13599,NN_Adam
0,0,0,0,0,-147.298,-170.817,498.884,0.859088,1.36652,1.2119,1.50409,6.01895,NN_Adam
0,0,0,0,0,260.335,-218.862,215.994,2.44238,4.00213,4.3594,2.31251,0.247987,NN_Adam
0,0,0,0,0,94.9329,-334.929,219.034,4.98834,5.48161,0.643525,2.95215,2.3339,NN_Adam
0,0,0,0,0,-169.282,-23.353,431.971,3.27837,1.05596,1.75899,5.55162,0.988303,NN_Adam
0,0,0,0,0,458.747,152.386,221.366,0.320533,6.01489,1.17072,0.711776,2.89142,NN_Adam
0,0,0,0,0,-174.439,-0.709787,381.437,3.14562,1.12077,1.82398,5.22917,0.988303,NN_Adam
0,0,0,0,0,-28.8002,-134.211,18.8844,1.3593,5.65003,3.15908,2.74005,0.353671,NN_Adam
0,0,0,0,0,-303.005,120.752,506.284,2.7622,0.641273,0.960274,0.618999,2.39757,NN_Adam
0,0,0,0,0,164.276,-214.326,362.898,2.22484,3.64739,5.12377,0.933621,1.90659,NN_Adam
0,0,0,0,0,-444.079,160.934,283.882,2.79387,6.07983,1.15876,0.883726,5.86949,NN_Adam
0,0,0,0,0,379.427,-259.863,9.51809,5.68259,5.37458,0.422506,2.27806,5.00623,NN_Adam
0,0,0,0,0,-13.2564,-406.537,130.035,1.53791,2.4143,0.827381,1.98226,1.72265,NN_Adam
0,0,0,0,0,71.7137,301.063,328.406,1.33696,1.88151,4.00096,2.38019,2.83862,NN_Adam
0,0,0,0,0,-232.126,166.866,10.8381,2.51813,4.27731,1.44626,2.48735,0.164514,NN_Adam
0,0,0,0,0,-318.994,108.87,29.3032,2.81265,6.25357,0.833268,5.73706,1.75357,NN_Adam
0,0,0,0,0,-159.079,199.641,568.111,2.24336,1.08823,0.541812,0.695099,2.03274,NN_Adam
0,0,0,0,0,185.564,-199.228,342.014,2.32045,3.7298,5.12598,0.860719,1.90659,NN_Adam
0,0,0,0,0,275.742,232.241,222.147,0.699793,6.07991,5.69873,3.55002,5.4464,NN_Adam
0,0,0,0,0,329.958,284.207,283.117,0.710841,0.202075,5.56309,2.99954,5.4464,NN_Adam
0,0,0,0,0,478.476,51.8605,197.775,0.107788,5.76909,1.26586,0.979511,2.89142,NN_Adam
0,0,0,0,0,-355.244,-109.24,96.6658,0.298298,2.29106,1.09785,1.98517,0.996245,NN_Adam
0,0,0,0,0,-133.792,143.359,544.275,2.32149,0.29566,1.20182,1.62066,3.33779,NN_Adam
0,0,0,0,0,-6.2806,-440.102,388.577,4.698,0.0635475,0.377459,2.05768,0.165034,NN_Adam
0,0,0,0,0,-238.46,459.334,224.912,2.04953,6.14738,0.681464,1.15726,6.07848,NN_Adam
0,0,0,0,0,-338.464,369.113,335.776,2.31286,0.239621,0.118344,1.71465,0.572269,NN_Adam
0,0,0,0,0,238.951,-349.187,63.7443,2.17071,3.42454,0.489489,0.545861,4.79934,NN_Adam
0,0,0,0,0,-56.8092,-66.0991,643.862,4.00175,1.22753,0.216364,1.76678,3.33779,NN_Adam
0,0,0,0,0,-348.565,322.409,131.404,2.39491,6.03873,1.09523,0.345226,0.999488,NN_Adam
0,0,0,0,0,-196.028,220.117,271.02,2.29834,0.863836,3.81547,3.88029,6.17791,NN_Adam
0,0,0,0,0,195.437,-291.607,297.315,2.16102,3.66103,4.65061,2.17344,0.247987,NN_Adam
0,0,0,0,0,-166.508,422.551,345.729,1.94607,6.09487,0.920811,1.52296,0.486989,NN_Adam
0,0,0,0,0,-185.432,79.0929,56.3875,2.73844,3.96065,1.51361,2.96529,0.164514,NN_Adam
0,0,0,0,0,-353.722,115.884,288.184,2.82476,5.91765,0.27209,2.95449,2.06914,NN_Adam
0,0,0,0,0,165.867,372.484,327.425,1.1517,1.25205,4.64988,2.34492,2.83862,NN_Adam
0,0,0,0,0,102.525,340.67,350.809,1.27836,6.14843,0.207252,2.90892,2.53824,NN_Adam
0,0,0,0,0,-83.8836,-411.962,375.369,4.51151,6.20635,0.468181,2.22998,0.165034,NN_Adam
0,0,0,0,0,-66.8391,-257.709,170.319,4.45852,5.57379,3.10733,5.60743,1.26648,NN_Adam
0,0,0,0,0,347.336,-341.019,134.067,5.50664,5.77038,0.195409,2.39199,0.00805729,NN_Adam
0,0,0,0,0,304.986,128.99,48.202,0.399951,4.85275,2.47363,0.238765,1.59582,NN_Adam
0,0,0,0,0,-244.95,26.8288,474.905,6.17394,2.85651,6.04642,0.584036,1.88987,NN_Adam
0,0,0,0,0,-85.5746,486.403,220.038,1.74467,5.8511,0.648868,1.87826,0.486989,NN_Adam
0,0,0,0,0,-79.3389,170.133,419.423,2.00719,2.54323,4.68722,0.978082,5.93834,NN_Adam
0,0,0,0,0,156.563,-372.811,102.864,1.96831,2.55641,0.570943,2.23487,4.79934,NN_Adam
0,0,0,0,0,321.841,-329.386,208.575,5.48612,0.600193,0.0270616,0.438041,2.87431,NN_Adam
0,0,0,0,0,-67.0231,-279.428,388.024,1.33529,3.54412,4.98698,1.3362,1.34452,NN_Adam
0,0,0,0,0,35.6941,166.768,325.286,1.35974,0.677403,3.94529,4.66865,6.17791,NN_Adam
0,0,0,0,0,-330.892,389.445,55.7342,2.27501,5.85792,0.712205,0.976892,1.75357,NN_Adam
0,0,0,0,0,137.289,413.016,249.775,1.24972,0.135422,1.16063,0.0508067,1.38371,NN_Adam
0,0,0,0,0,-61.9853,117.429,627.574,2.05613,0.997886,0.396907,1.78141,3.33779,NN_Adam
0,0,0,0,0,-16.7972,-272.826,517.147,1.50899,2.55406,5.45301,2.2219,1.34452,NN_Adam
0,0,0,0,0,87.685,459.963,304.761,1.38226,0.0435016,1.02164,0.6578,2.05852,NN_Adam
0,0,0,0,0,-71.7035,123.959,374.165,2.09518,2.79968,4.72163,0.552587,5.93834,NN_Adam
0,0,0,0,0,-278.488,-216.432,446.59,0.659995,2.13556,0.263223,1.94972,1.88987,NN_Adam
0,0,0,0,0,-317.925,-10.6769,283.645,0.0334536,1.71207,1.01662,2.31578,1.88987,NN_Adam
0,0,0,0,0,350.703,220.122,199.091,0.560385,5.27758,1.3964,1.82931,2.76285,NN_Adam
0,0,0,0,0,348.12,47.7428,4.89927,3.2777,3.02558,1.57931,0.226153,0.917386,NN_Adam
0,0,0,0,0,-149.515,-482.715,329.265,4.41192,0.27284,0.0783981,1.66617,0.191397,NN_Adam
0,0,0,0,0,-160.953,-395.703,164.011,1.18436,2.52517,0.510886,2.08628,1.4549,NN_Adam
0,0,0,0,0,-308.423,105.939,48.7732,2.81053,0.0287763,0.89084,5.62554,1.75357,NN_Adam
0,0,0,0,0,347.061,254.331,304.61,0.632134,0.226069,5.62733,2.96718,5.4464,NN_Adam
0,0,0,0,0,-349.885,347.661,321.418,2.35914,0.0425567,0.265671,1.88406,0.572269,NN_Adam
0,0,0,0,0,424.504,-71.7868,146.243,2.974,2.84727,1.00889,0.657554,3.16442,NN_Adam
0,0,0,0,0,-118.637,45.3885,342.15,5.91755,2.39803,1.97349,5.0565,0.0907237,NN_Adam
0,0,0,0,0,-130.028,206.81,416.05,2.13195,2.26303,4.74185,1.13076,5.93834,NN_Adam
0,0,0,0,0,-147.913,-54.1677,76.5657,0.350871,5.5483,3.10361,2.62609,5.50527,NN_Adam
0,0,0,0,0,138.085,435.954,397.493,1.264,0.219487,0.261498,1.87799,2.53824,NN_Adam
0,0,0,0,0,402.071,-192.579,397.58,5.83645,0.138734,0.340394,1.96606,0.881721,NN_Adam
0,0,0,0,0,-122.633,-272.383,393.553,1.1477,1.64811,0.781697,2.26429,6.01895,NN_Adam
0,0,0,0,0,403.836,-69.0511,143.192,2.97204,2.40101,0.80863,1.97554,5.88884,NN_Adam
0,0,0,0,0,-179.123,73.3048,162.972,5.89469,2.28607,6.17193,3.88465,3.84344,NN_Adam
0,0,0,0,0,-218.619,-418.271,159.685,1.08917,2.98868,0.104983,1.6988,1.4549,NN_Adam
0,0,0,0,0,-415.76,-84.7434,173.842,3.3425,0.288528,0.734487,6.17527,0.458783,NN_Adam
0,0,0,0,0,405.246,-120.917,36.628,2.8514,2.94413,1.03647,0.917498,3.16442,NN_Adam
0,0,0,0,0,121.714,244.346,48.5513,4.25012,4.71458,3.89733,2.57492,0.353671,NN_Adam
0,0,0,0,0,-241.06,-188.31,299.729,0.663045,2.14023,1.92786,0.00222057,5.67876,NN_Adam
0,0,0,0,0,320.971,347.174,152.607,0.824347,6.241,5.54301,2.86896,5.4464,NN_Adam
0,0,0,0,0,159.849,34.3641,79.3743,3.35319,5.59452,3.15479,2.49479,0.353671,NN_Adam
0,0,0,0,0,42.2236,-45.0444,120.885,2.32381,4.28059,1.7679,4.21043,6.22657,NN_Adam
0,0,0,0,0,-400.8,74.3477,348.141,2.95807,6.06779,1.54918,0.730049,5.86949,NN_Adam
0,0,0,0,0,173.989,424.93,120.249,1.18213,6.23464,0.890343,0.144722,1.38371,NN_Adam
0,0,0,0,0,-384.078,-164.141,382.998,3.54534,6.1998,0.553472,2.14152,3.41488,NN_Adam
0,0,0,0,0,-14.2732,369.613,212.343,1.6093,6.25212,1.79873,5.79566,4.84654,NN_Adam
0,0,0,0,0,-265.245,392.591,88.7518,2.1647,5.68827,1.29772,0.594364,1.75357,NN_Adam
0,0,0,0,0,-6.73479,314.413,387.188,1.59197,0.853396,4.77858,3.45386,6.17791,NN_Adam
0,0,0,0,0,-5.28466,-45.6956,366.453,1.45553,2.2256,1.59006,5.01947,0.0907237,NN_Adam
0,0,0,0,0,-124.962,208.314,176.715,2.11096,4.31163,1.988,2.45311,0.486989,NN_Adam
0,0,0,0,0,124.961,517.234,145.937,1.33367,6.04438,0.197075,1.80315,1.38371,NN_Adam
0,0,0,0,0,446.094,-270.387,242.054,5.73828,6.22158,0.210565,1.82122,2.71482,NN_Adam
0,0,0,0,0,-292.488,-168.168,198.318,3.66331,5.47586,2.51377,0.000132365,1.26648,NN_Adam
0,0,0,0,0,-225.517,81.0895,131.487,5.93792,2.4596,6.1694,3.66809,3.84344,NN_Adam
0,0,0,0,0,-132.016,-125.01,465.793,0.758138,1.00357,1.55144,1.60882,6.01895,NN_Adam
0,0,0,0,0,-115.694,-291.063,141.888,1.19226,2.00173,1.03418,2.50344,1.72265,NN_Adam
0,0,0,0,0,-143.879,100.166,628.153,2.53319,1.0935,0.146358,1.77576,3.33779,NN_Adam
0,0,0,0,0,-408.876,245.563,129.242,2.60053,5.94551,1.17263,0.425264,0.999488,NN_Adam
0,0,0,0,0,-144.997,-347.878,146.15,1.1758,2.32717,0.652173,2.40428,1.4549,NN_Adam
0,0,0,0,0,243.166,-377.629,225.161,5.28435,0.665013,0.0334644,0.371593,2.87431,NN_Adam
0,0,0,0,0,-127.925,489.258,250.883,1.82649,6.09925,0.340865,1.95023,0.458874,NN_Adam
0,0,0,0,0,8.47542,173.712,178.458,1.52183,3.34204,3.87508,0.422753,1.68825,NN_Adam
0,0,0,0,0,-457.069,-58.1836,148.922,3.26819,0.0485134,0.836562,0.153585,0.721104,NN_Adam
0,0,0,0,0,-21.9162,-0.761759,51.3218,3.17661,0.0389579,2.24998,3.63167,0.353671,NN_Adam
0,0,0,0,0,-27.408,192.527,239.394,1.71209,3.03334,4.00074,0.743947,1.68825,NN_Adam
0,0,0,0,0,-60.4514,-428.386,209.489,4.5721,0.704346,6.27772,0.260958,0.191397,NN_Adam
0,0,0,0,0,-217.813,44.0496,167.687,6.08348,1.14506,2.68093,1.04839,0.906191,NN_Adam
0,0,0,0,0,113.006,-81.4874,242.774,2.51683,3.49963,2.8207,3.94464,6.22657,NN_Adam
0,0,0,0,0,196.052,-387.423,449.109,5.18081,0.457874,0.1545,1.75772,5.13599,NN_Adam
0,0,0,0,0,307.953,21.8273,99.2758,3.21223,3.7344,4.24947,3.46329,6.22657,NN_Adam
0,0,0,0,0,-16.3738,22.5795,222.82,5.33975,2.83432,1.20719,4.48008,0.0907237,NN_Adam
0,0,0,0,0,-347.312,-313.827,237.796,3.87625,5.86646,1.34738,0.849251,1.08158,NN_Adam
0,0,0,0,0,-490.734,65.6101,183.789,3.00852,6.02663,1.04095,0.697147,0.322384,NN_Adam
0,0,0,0,0,137.02,-82.0896,149.241,2.60152,3.80654,2.64158,4.1914,6.22657,NN_Adam
0,0,0,0,0,-502.287,-3.09514,163.44,3.14759,6.0306,0.94437,0.735411,0.322384,NN_Adam
0,0,0,0,0,344.777,-332.835,2.49292,5.5152,5.48318,0.359239,2.12363,0.00805729,NN_Adam
0,0,0,0,0,-351.39,-340.128,228.196,3.91059,5.91843,1.12098,1.01734,1.08158,NN_Adam
0,0,0,0,0,-90.5953,163.899,280.726,2.07554,0.300508,3.88281,4.89212,6.17791,NN_Adam
0,0,0,0,0,-424.742,-123.268,275.501,3.42392,0.319849,0.875049,0.163078,0.458783,NN_Adam
0,0,0,0,0,54.4166,-355.451,527.889,4.86425,0.665971,0.161655,1.76587,0.415395,NN_Adam
0,0,0,0,0,86.3612,45.2215,32.6499,3.62366,5.99585,2.86936,2.84146,0.353671,NN_Adam
0,0,0,0,0,188.41,-238.869,63.8371,2.23851,4.44953,4.06782,2.66218,2.21858,NN_Adam
0,0,0,0,0,-68.0445,136.355,2.7094,2.03348,3.5906,1.47881,3.01379,0.164514,NN_Adam
0,0,0,0,0,7.18057,-346.359,393.868,1.59127,3.29184,5.21508,1.64225,1.34452,NN_Adam
0,0,0,0,0,-352.614,-284.103,212.328,3.81963,5.82682,1.53571,0.557975,1.08158,NN_Adam
0,0,0,0,0,-107.315,-290.945,315.049,1.21741,1.8211,0.581762,2.65168,1.4549,NN_Adam
0,0,0,0,0,-128.707,-215.583,459.487,1.03249,1.37768,1.32074,1.52277,6.01895,NN_Adam
0,0,0,0,0,-269.266,162.199,488.271,2.59939,0.71246,1.04539,0.328625,2.39757,NN_Adam
0,0,0,0,0,-176.964,417.778,259.008,1.97136,5.69649,1.14836,1.62602,0.486989,NN_Adam
0,0,0,0,0,-321.74,37.541,292.683,3.02539,0.642296,1.20223,5.64644,1.75357,NN_Adam
0,0,0,0,0,-241.332,284.368,351.14,2.27435,1.0718,0.0760181,0.166751,2.03274,NN_Adam
0,0,0,0,0,-51.9085,-136.91,105.762,4.34998,1.14659,5.2707,5.75158,5.26321,NN_Adam
0,0,0,0,0,-264.677,138.448,305.998,2.65958,0.915655,4.0372,3.77785,6.17791,NN_Adam
0,0,0,0,0,-409.995,176.795,426.835,2.73442,0.361588,0.192098,1.80354,2.06914,NN_Adam
0,0,0,0,0,-311.821,135.867,242.768,2.73033,6.23803,2.11484,5.71111,0.999488,NN_Adam
0,0,0,0,0,-428.715,-78.1063,312.278,3.32175,0.391623,0.85394,0.224525,0.458783,NN_Adam
0,0,0,0,0,-267.862,264.388,21.7191,2.36267,6.18801,0.811508,5.97947,1.75357,NN_Adam
0,0,0,0,0,54.6613,137.618,189.265,1.19266,4.58204,1.54064,3.29277,0.786399,NN_Adam
0,0,0,0,0,2.11731,-116.33,76.0546,4.73075,1.09013,4.98957,5.899,5.26321,NN_Adam
0,0,0,0,0,-137.14,-409.198,67.1255,4.38885,0.0597965,0.581409,0.0318821,0.291986,NN_Adam
0,0,0,0,0,4.27722,-425.385,282.5,4.72236,5.88187,0.48706,2.49745,2.3339,NN_Adam
0,0,0,0,0,98.6147,188.082,208.983,1.08743,6.15437,4.18253,4.84954,6.17791,NN_Adam
0,0,0,0,0,-299.89,262.107,347.002,2.4232,0.586695,0.838592,0.0562671,0.572269,NN_Adam
0,0,0,0,0,-408.553,-30.7097,195.138,3.21654,0.339138,0.819317,6.07082,0.458783,NN_Adam
0,0,0,0,0,278.44,145.492,142.448,0.481458,4.92884,2.69398,0.301912,1.59582,NN_Adam
0,0,0,0,0,-78.3755,-504.583,231.916,4.55801,6.20073,0.748351,0.969724,0.191397,NN_Adam
0,0,0,0,0,485.624,76.6253,272.013,0.156238,6.06123,0.45786,1.96184,2.89142,NN_Adam
0,0,0,0,0,10.4013,-245.865,496.994,1.61293,3.00197,5.128,1.71474,1.34452,NN_Adam
0,0,0,0,0,218.391,460.298,39.3178,1.12774,5.72986,0.224636,1.97907,1.11678,NN_Adam
0,0,0,0,0,349.653,292.337,122.307,0.696014,6.24993,5.30826,3.02829,5.4464,NN_Adam
0,0,0,0,0,-303.72,-5.91586,453.285,0.0192962,2.8671,6.12392,0.737651,1.88987,NN_Adam
0,0,0,0,0,-205.417,249.829,454.723,2.25871,1.23955,0.149594,0.312423,2.03274,NN_Adam
0,0,0,0,0,-122.79,-337.883,76.6717,1.2221,2.27928,1.20952,1.93519,6.08012,NN_Adam
0,0,0,0,0,-227.015,-95.5284,245.562,3.53983,5.59979,3.06749,5.9664,1.26648,NN_Adam
0,0,0,0,0,8.08647,430.929,438.78,1.55182,0.351753,0.183946,1.92715,5.90084,NN_Adam
0,0,0,0,0,-227.847,320.785,385.686,2.18825,0.95396,0.208244,0.354841,2.03274,NN_Adam
0,0,0,0,0,389.32,125.2,245.591,0.310983,5.40413,1.55176,1.55947,2.76285,NN_Adam
0,0,0,0,0,113.254,-444.562,329.296,4.96167,6.13537,0.467134,2.09723,2.3339,NN_Adam
0,0,0,0,0,-188.192,-25.567,7.61365,3.27646,3.82158,1.45555,2.9148,0.164514,NN_Adam
0,0,0,0,0,98.0842,241.26,285.575,1.18456,0.614313,3.97601,4.26513,6.17791,NN_Adam
0,0,0,0,0,-206.278,468.101,38.3198,1.98573,0.08587,5.5983,1.95686,5.31042,NN_Adam
0,0,0,0,0,-373.785,-199.351,381.287,3.63138,6.23574,0.471976,2.17141,3.41488,NN_Adam
0,0,0,0,0,249.019,62.1242,21.6605,0.244165,4.4886,2.8883,0.0290816,1.59582,NN_Adam
0,0,0,0,0,347.18,-252.541,411.347,5.65426,1.00509,5.34703,2.10941,0.586595,NN_Adam
0,0,0,0,0,-344.957,307.761,204.145,2.41291,6.17748,1.19399,0.268377,0.999488,NN_Adam
0,0,0,0,0,-161.966,60.0048,28.5926,2.78671,3.72257,1.51988,3.00322,0.164514,NN_Adam
0,0,0,0,0,84.1054,-530.518,206.33,4.86958,0.0739037,0.0356197,1.61385,5.80573,NN_Adam
0,0,0,0,0,-410.541,122.675,41.4226,2.85113,5.71562,1.43693,0.0862507,4.41349,NN_Adam
0,0,0,0,0,-248.071,-149.792,585.787,3.68474,1.0229,0.0151432,1.58912,5.93834,NN_Adam
0,0,0,0,0,-39.7726,-84.1801,315.136,1.12942,2.5717,1.80279,4.82213,0.0907237,NN_Adam
0,0,0,0,0,151.644,490.062,79.8839,1.27031,5.8717,0.764441,0.977549,1.38371,NN_Adam
0,0,0,0,0,-261.083,-5.40491,277.868,3.16221,0.786613,1.42334,5.231,0.988303,NN_Adam
0,0,0,0,0,-118.318,177.568,74.3801,2.15789,2.88974,2.88193,1.87302,1.68825,NN_Adam
0,0,0,0,0,88.5871,-447.995,41.7733,1.76572,3.16562,0.428741,1.31386,1.63146,NN_Adam
0,0,0,0,0,-54.4363,-204.211,356.664,1.31016,3.84029,4.81669,0.899138,1.34452,NN_Adam
0,0,0,0,0,55.5179,-345.674,28.8133,1.72974,2.52358,1.75454,0.837597,1.73232,NN_Adam
0,0,0,0,0,-155.235,-96.8079,368.605,0.557422,0.947055,2.43903,0.693882,1.88987,NN_Adam
0,0,0,0,0,-362.871,97.2562,455.591,2.87962,0.453017,1.01656,0.612485,2.39757,NN_Adam
0,0,0,0,0,117.2,-350.053,310.451,5.03535,0.975958,0.205298,6.24656,2.87431,NN_Adam
0,0,0,0,0,-361.601,301.764,105.373,2.44585,5.80876,1.27914,0.446321,0.999488,NN_Adam
0,0,0,0,0,-234.321,46.7443,394.088,2.94453,0.810984,1.72049,5.58959,0.988303,NN_Adam
0,0,0,0,0,-119.373,5.44243,608.355,3.09595,0.789203,0.783227,1.67277,3.33779,NN_Adam
0,0,0,0,0,-245.007,232.046,105.167,2.38316,0.265534,0.778807,5.65025,1.75357,NN_Adam
0,0,0,0,0,227.986,226.864,93.7697,0.782878,4.79189,1.0812,2.77455,4.54565,NN_Adam
0,0,0,0,0,69.1603,-375.265,77.562,1.75296,2.48172,0.770276,2.21821,1.72265,NN_Adam
0,0,0,0,0,-169.167,95.0802,16.3767,2.62954,3.85737,1.45857,2.92539,0.164514,NN_Adam
0,0,0,0,0,272.425,-65.3652,78.5694,2.90606,3.78924,4.07817,3.65726,6.22657,NN_Adam
0,0,0,0,0,227.462,-265.223,71.7045,2.27968,3.70366,0.452952,6.24313,4.79934,NN_Adam
0,0,0,0,0,295.624,-160.522,401.603,2.64389,2.66856,0.552939,0.381693,2.38395,NN_Adam
0,0,0,0,0,-476.595,93.3232,368.326,2.94818,0.298093,0.128804,1.72742,2.06914,NN_Adam
0,0,0,0,0,-213.159,128.01,521.113,2.60063,1.91759,5.10826,1.50968,5.93834,NN_Adam
0,0,0,0,0,311.482,-209.513,235.933,2.54945,2.14814,0.621146,2.3693,0.428259,NN_Adam
0,0,0,0,0,-265.998,178.134,307.603,2.55121,0.885511,4.19807,3.6414,6.17791,NN_Adam
0,0,0,0,0,-390.52,101.178,326.941,2.88801,5.98034,1.67803,0.640154,5.86949,NN_Adam
0,0,0,0,0,-360.986,-27.8497,41.3224,3.21852,4.81555,1.03544,2.50645,0.82735,NN_Adam
0,0,0,0,0,25.597,-274.174,173.989,1.66364,1.45832,1.89215,1.83368,6.03257,NN_Adam
0,0,0,0,0,10.1498,-123.498,152.186,4.79434,1.39883,5.36869,5.54276,5.26321,NN_Adam
0,0,0,0,0,78.7017,484.799,34.5196,1.40944,5.98144,0.672504,0.639825,5.82413,NN_Adam
0,0,0,0,0,321.145,272.458,157.425,0.703403,6.14617,5.41855,3.30398,5.4464,NN_Adam
0,0,0,0,0,-113.986,372.07,418.755,1.86784,1.06221,0.0156481,0.573032,1.23374,NN_Adam
0,0,0,0,0,-113.981,233.168,255.827,2.02525,4.80964,1.9937,2.17255,0.486989,NN_Adam
0,0,0,0,0,-435.55,-111.957,290.471,3.39312,5.94542,0.537799,2.25301,0.322384,NN_Adam
0,0,0,0,0,-130.939,15.4016,590.641,3.02453,0.65053,0.858443,1.78356,3.33779,NN_Adam
0,0,0,0,0,64.8991,402.344,316.163,1.41072,0.0615364,1.4813,0.141311,4.84654,NN_Adam
0,0,0,0,0,453.263,-189.319,260.295,5.88709,6.02938,0.426535,2.03169,2.70961,NN_Adam
0,0,0,0,0,12.1925,76.5051,297.571,4.55431,2.65976,1.55905,4.77497,0.0907237,NN_Adam
0,0,0,0,0,268.332,423.986,65.3218,1.0065,5.64512,0.395503,2.01276,1.11678,NN_Adam
0,0,0,0,0,54.8249,-28.6777,32.4581,2.65928,6.11726,2.68234,3.07705,0.353671,NN_Adam
0,0,0,0,0,173.703,398.451,390.764,1.15952,0.0371748,0.430989,2.05374,2.53824,NN_Adam
0,0,0,0,0,70.0656,-257.119,424.495,1.83672,3.35375,5.23175,1.10812,1.90659,NN_Adam
0,0,0,0,0,-340.212,-313.484,179.33,3.88598,5.82872,1.45138,0.512829,1.08158,NN_Adam
0,0,0,0,0,0.308108,359.99,58.8886,1.56982,1.11211,4.73013,1.11773,1.11678,NN_Adam
0,0,0,0,0,396.469,-189.37,29.7802,2.69582,3.27945,0.582454,0.881775,3.16442,NN_Adam
0,0,0,0,0,-239.246,-10.2695,441.597,0.0426738,3.03041,5.93454,0.448141,1.88987,NN_Adam
0,0,0,0,0,-72.8256,-456.609,354.504,4.55373,6.27424,0.39257,2.00086,0.165034,NN_Adam
0,0,0,0,0,-438.782,142.618,90.2568,2.82727,0.422981,6.09479,0.563193,4.41349,NN_Adam
0,0,0,0,0,-446.493,-214.01,150.073,3.5884,5.80349,0.278546,2.2576,0.384745,NN_Adam
0,0,0,0,0,-439.524,181.664,97.3752,2.74941,0.382788,6.13402,0.645161,4.41349,NN_Adam
0,0,0,0,0,-245.332,-143.296,171.427,3.67031,5.58205,2.94317,5.69687,1.26648,NN_Adam
0,0,0,0,0,84.1902,-314.819,72.5709,1.83202,2.27333,2.04198,0.716169,1.73232,NN_Adam
0,0,0,0,0,-107.973,-184.029,83.7751,4.18168,1.02516,5.39995,5.98528,5.26321,NN_Adam
0,0,0,0,0,-114.283,236.739,257.615,2.02026,4.83403,1.98291,2.156,0.486989,NN_Adam
0,0,0,0,0,376.53,-385.446,160.741,5.48606,6.2065,0.0856813,1.67402,0.00805729,NN_Adam
0,0,0,0,0,-182.62,11.7321,377.684,3.0775,1.08681,1.80915,5.24032,0.988303,NN_Adam
0,0,0,0,0,-22.1959,-104.91,445.097,1.36225,0.537413,1.78028,1.81123,6.01895,NN_Adam
0,0,0,0,0,106.606,151.303,220.224,0.956706,4.82827,1.52623,3.07198,0.786399,NN_Adam
0,0,0,0,0,-164.378,-143.647,427.142,0.718072,1.09642,1.56906,1.6682,0.873547,NN_Adam
0,0,0,0,0,-469.412,55.7064,108.866,3.0233,6.12554,0.922166,0.29039,1.75357,NN_Adam
0,0,0,0,0,240.809,-196.074,366.41,2.45795,2.85437,0.528884,0.0553471,2.38395,NN_Adam
0,0,0,0,0,38.4077,132.52,143.826,1.28885,4.29603,1.4223,3.45686,1.14695,NN_Adam
0,0,0,0,0,-274.198,121.872,215.147,2.72323,0.723664,3.64113,3.92783,6.17791,NN_Adam
0,0,0,0,0,439.915,-74.9119,361.337,6.11435,6.21739,0.475543,2.06352,5.4841,NN_Adam
0,0,0,0,0,-258.343,-301.226,331.741,0.861683,2.25085,0.338931,2.1528,1.4549,NN_Adam
0,0,0,0,0,422.004,-251.283,175.487,5.74604,5.90521,0.138252,2.38139,0.00805729,NN_Adam
0,0,0,0,0,306.091,-366.695,88.2719,5.40789,5.7898,1.19515,0.528939,6.0557,NN_Adam
0,0,0,0,0,-430.153,-225.083,316.705,3.62365,0.0329018,0.812207,1.02199,3.41488,NN_Adam
0,0,0,0,0,-57.8453,-109.094,102.566,4.22476,1.17522,5.13354,5.758,5.26321,NN_Adam
0,0,0,0,0,102.219,393.841,424.087,1.31671,0.178071,1.0879,0.893597,0.374479,NN_Adam
0,0,0,0,0,-57.7359,-293.614,412.5,1.37658,3.37661,5.08518,1.46315,1.34452,NN_Adam
0,0,0,0,0,465.569,-138.89,233.808,5.99321,5.90726,0.477654,2.10997,2.70961,NN_Adam
0,0,0,0,0,276.428,-382.88,339.136,5.33763,0.0881524,0.862407,0.940962,5.34562,NN_Adam
0,0,0,0,0,-53.2761,322.843,254.959,1.73424,0.126938,2.03916,5.57896,4.84654,NN_Adam
0,0,0,0,0,334.891,-71.5976,306.424,2.93064,2.15671,1.66308,0.335656,2.71482,NN_Adam
0,0,0,0,0,412.902,89.9015,44.6445,3.35582,3.02099,1.01214,0.752301,0.917386,NN_Adam
0,0,0,0,0,-242.334,52.7304,68.4118,6.069,2.69999,6.16973,3.57592,3.84344,NN_Adam
0,0,0,0,0,-199.394,-419.771,109.521,4.26879,6.25493,0.777466,0.208772,0.291986,NN_Adam
0,0,0,0,0,-319.247,38.5129,134.944,6.16298,2.73236,5.81639,3.39983,3.84344,NN_Adam
0,0,0,0,0,236.344,-337.301,304.746,5.32353,0.513417,0.817367,0.010009,5.34562,NN_Adam
0,0,0,0,0,-229.647,270.119,93.8449,2.27525,0.377459,0.375626,5.90146,6.07848,NN_Adam
0,0,0,0,0,-206.542,202.642,367.493,2.36559,2.08762,4.73097,1.11287,5.93834,NN_Adam
0,0,0,0,0,-150.975,-174.96,495.52,0.858592,1.38499,1.20071,1.51427,6.01895,NN_Adam
0,0,0,0,0,309.915,324.787,285.336,0.808605,6.21922,1.2966,0.433765,5.73413,NN_Adam
0,0,0,0,0,-274.506,353.985,46.4966,2.23023,5.61689,1.41943,0.354416,1.75357,NN_Adam
0,0,0,0,0,-201.243,120.594,188.541,2.60171,0.722546,0.920141,5.09275,1.75357,NN_Adam
0,0,0,0,0,-176.582,162.235,145.088,2.39839,4.26307,1.8175,2.63347,0.164514,NN_Adam
0,0,0,0,0,212.897,-207.084,448.852,5.51163,1.55432,4.52004,2.71289,0.586595,NN_Adam
0,0,0,0,0,-224.715,242.154,488.901,2.31884,1.07747,0.354753,0.474088,2.03274,NN_Adam
0,0,0,0,0,-44.1772,484.739,50.0794,1.66158,5.57765,1.11148,0.933188,5.82413,NN_Adam
0,0,0,0,0,46.9695,-189.362,412.213,1.81376,3.5881,4.81042,1.11007,1.34452,NN_Adam
0,0,0,0,0,-467.436,-136.838,234.533,3.4262,5.92537,0.445427,2.1237,0.384745,NN_Adam
0,0,0,0,0,-199.769,64.6933,515.288,2.82827,2.12498,5.03674,1.34708,5.93834,NN_Adam
0,0,0,0,0,167.342,-329.885,18.4964,2.03992,3.03623,1.43907,0.299267,1.63146,NN_Adam
0,0,0,0,0,-297.906,205.627,485.053,2.5373,0.764336,0.636849,0.635558,2.03274,NN_Adam
0,0,0,0,0,89.4087,-422.199,145.507,1.77931,2.5915,0.488555,2.06213,4.79934,NN_Adam
0,0,0,0,0,-114.449,67.0854,198.271,5.75294,3.34537,1.30796,4.79843,0.0907237,NN_Adam
0,0,0,0,0,-26.3819,-315.33,428.023,1.48716,3.22216,5.17973,1.63285,1.34452,NN_Adam
0,0,0,0,0,-90.9767,-275.073,141.311,1.25131,1.65169,1.7898,1.85663,6.03257,NN_Adam
0,0,0,0,0,235.657,-48.3564,60.5815,6.08079,4.49431,3.10645,6.22841,1.59582,NN_Adam
0,0,0,0,0,6.88086,128.264,354.435,1.51715,2.91033,4.69889,0.434041,5.93834,NN_Adam
0,0,0,0,0,-234.464,-206.401,168.949,0.721612,4.37759,4.87974,1.003,0.721104,NN_Adam
0,0,0,0,0,77.2012,527.242,200.739,1.42536,6.21173,0.147474,1.74814,1.38371,NN_Adam
0,0,0,0,0,-244.906,-225.088,2.75488,3.88479,0.082345,0.370908,5.93896,0.954884,NN_Adam
0,0,0,0,0,427.132,-167.031,315.259,5.91026,6.08742,0.454425,2.16454,5.4841,NN_Adam
0,0,0,0,0,-149.971,-349.06,255.21,1.16485,1.98935,1.34318,1.41553,6.03257,NN_Adam
0,0,0,0,0,66.4273,70.3873,235.029,0.814304,4.88407,1.72319,3.24684,1.14695,NN_Adam
0,0,0,0,0,92.1441,-147.785,434.877,2.12799,3.52787,4.44459,1.67305,1.61524,NN_Adam
0,0,0,0,0,49.6477,361.388,169.603,1.43416,0.28106,1.08224,5.71342,1.38371,NN_Adam
0,0,0,0,0,95.4363,102.56,105.914,3.96244,5.4581,2.90232,2.84385,0.353671,NN_Adam
0,0,0,0,0,494.056,-17.0979,233.811,6.24851,5.96435,0.414713,2.07244,2.89142,NN_Adam
0,0,0,0,0,251.281,-275.105,102.961,2.3109,3.55318,0.483529,0.0722993,4.79934,NN_Adam
0,0,0,0,0,28.4991,-404.939,455.51,4.7826,0.292714,0.337171,1.9535,0.415395,NN_Adam
0,0,0,0,0,229.842,277.425,29.4368,0.87888,4.78672,1.0367,2.49186,4.54565,NN_Adam
0,0,0,0,0,-339.991,128.252,69.8268,5.92232,3.01345,5.80922,3.0947,3.84344,NN_Adam
0,0,0,0,0,357.735,224.232,125.775,3.70143,2.60922,0.450244,2.18774,4.3676,NN_Adam
0,0,0,0,0,-127.218,-222.735,596.727,4.19339,0.92281,0.154949,1.75554,0.165034,NN_Adam
0,0,0,0,0,-136.2,-461.325,38.6152,4.42515,5.88457,0.892199,0.534408,0.291986,NN_Adam
0,0,0,0,0,194.518,282.873,108.261,0.968142,5.77908,5.47699,3.75378,5.4464,NN_Adam
0,0,0,0,0,-185.487,-176.957,200.309,0.761808,4.47817,4.77552,0.757057,0.721104,NN_Adam
0,0,0,0,0,-371.979,19.6397,320.552,6.23023,1.99346,0.764223,2.03898,1.88987,NN_Adam
0,0,0,0,0,103.159,-116.601,260.503,2.29475,2.25181,4.67865,4.4829,2.27078,NN_Adam
0,0,0,0,0,-104.203,200.197,40.3579,2.05069,3.35563,2.78629,1.45754,1.68825,NN_Adam
0,0,0,0,0,163.249,-70.2063,268.235,5.87694,4.69513,3.28576,0.585843,0.955645,NN_Adam
0,0,0,0,0,-491.913,27.1653,10.8731,3.08631,5.55696,0.372705,1.98651,1.99764,NN_Adam
0,0,0,0,0,124.761,144.641,95.7814,0.859046,4.34824,1.1892,3.3353,4.54565,NN_Adam
0,0,0,0,0,36.252,93.7446,312.032,1.2018,5.24209,1.92064,2.72314,1.14695,NN_Adam
0,0,0,0,0,179.3,-210.579,129.13,5.41748,1.1664,5.4922,6.17266,5.26321,NN_Adam
0,0,0,0,0,-482.188,-103.59,6.3964,3.35316,5.55956,0.370397,1.9641,0.82735,NN_Adam
0,0,0,0,0,-306.6,-140.519,4.17086,0.429622,2.46434,1.20061,1.96266,0.996245,NN_Adam
0,0,0,0,0,-289.432,148.704,175.483,2.66672,0.560152,0.692568,5.60857,1.75357,NN_Adam
0,0,0,0,0,63.1802,-200.083,121.986,5.01824,1.21406,5.42566,5.90852,5.26321,NN_Adam
0,0,0,0,0,-203.38,362.657,100.56,2.08165,5.6471,1.78744,0.0537579,1.75357,NN_Adam
0,0,0,0,0,122.866,-493.503,289.651,4.95638,0.0206487,0.225133,1.83703,2.3339,NN_Adam
0,0,0,0,0,-130.819,324.712,323.307,1.95343,0.196351,1.76481,5.99015,4.84654,NN_Adam
0,0,0,0,0,-83.0715,313.178,364.803,1.82995,1.37977,6.07666,0.122947,1.23374,NN_Adam
0,0,0,0,0,-227.251,226.419,247.449,2.35795,0.78445,0.678716,5.67121,6.07848,NN_Adam
0,0,0,0,0,-175.972,243.961,486.459,2.19574,1.22293,0.306217,0.315419,2.03274,NN_Adam
0,0,0,0,0,-239.401,309.132,149.121,2.22948,0.47606,0.392753,6.0725,6.07848,NN_Adam
0,0,0,0,0,111.568,-15.4214,48.8445,6.14568,2.57404,3.87178,0.19935,4.42808,NN_Adam
0,0,0,0,0,53.6597,353.305,283.394,1.41975,0.0667638,1.86566,5.9201,4.84654,NN_Adam
0,0,0,0,0,261.66,340.217,263.95,0.914998,6.18005,1.49099,0.183206,5.73413,NN_Adam
0,0,0,0,0,-439.312,125.161,86.3745,2.86395,0.427134,6.08991,0.53595,4.41349,NN_Adam
0,0,0,0,0,-20.4338,-511.025,80.3806,4.67218,5.74077,0.334965,1.96868,5.80573,NN_Adam
0,0,0,0,0,348.043,347.755,138.45,0.784806,5.83978,1.14159,0.739715,0.378545,NN_Adam
0,0,0,0,0,-391.46,232.592,331.241,2.60539,0.135676,1.01547,0.604173,0.999488,NN_Adam
0,0,0,0,0,-49.6858,379.241,407.684,1.70099,1.13587,6.20106,0.529367,1.23374,NN_Adam
0,0,0,0,0,-307.961,180.723,523.194,2.61057,0.626773,0.54892,1.22542,2.39757,NN_Adam
0,0,0,0,0,-425.564,48.5593,30.6311,3.02789,6.11052,0.816512,0.0236341,1.75357,NN_Adam
0,0,0,0,0,176.438,174.228,89.0964,0.778838,4.63679,3.12444,6.20062,1.59582,NN_Adam
0,0,0,0,0,152.785,-128.394,366.797,5.58423,5.49847,2.59845,0.904171,0.955645,NN_Adam
0,0,0,0,0,-79.6186,-353.48,41.0092,1.34885,2.41175,1.20483,1.84163,6.08012,NN_Adam
0,0,0,0,0,-286.826,267.702,284.757,2.39047,0.654447,0.639691,6.15031,0.572269,NN_Adam
0,0,0,0,0,-368.449,68.7747,55.2848,6.09854,3.04024,5.89405,2.96491,3.84344,NN_Adam
0,0,0,0,0,-189.579,102.633,498.173,2.64514,2.16601,4.96716,1.31205,5.93834,NN_Adam
0,0,0,0,0,93.3547,225.908,82.2316,1.17862,4.51034,1.11269,3.12676,4.54565,NN_Adam
0,0,0,0,0,-124.367,504.495,131.967,1.8123,5.88594,0.293634,1.94827,5.31042,NN_Adam
0,0,0,0,0,-253.123,422.72,183.634,2.11016,6.24481,0.836781,0.520256,6.07848,NN_Adam
0,0,0,0,0,-282.107,-23.8541,145.341,0.0841936,2.55375,5.98429,3.541,3.84344,NN_Adam
0,0,0,0,0,35.9317,-244.466,76.7397,1.71652,1.91137,2.59346,0.604574,1.73232,NN_Adam
0,0,0,0,0,212.617,124.213,200.333,3.66998,3.417,3.73376,3.87897,6.22657,NN_Adam
0,0,0,0,0,-121.936,-409.815,141.793,1.28144,2.58527,0.477749,2.11483,1.72265,NN_Adam
0,0,0,0,0,-424.494,-48.9606,458.256,3.25598,0.484027,0.15154,1.7534,6.25163,NN_Adam
0,0,0,0,0,35.8187,440.001,194.634,1.48943,0.434667,0.43527,0.111479,0.458874,NN_Adam
0,0,0,0,0,-83.9637,517.914,117.379,1.7312,5.90681,0.264248,1.87917,5.31042,NN_Adam
0,0,0,0,0,-266.862,418.842,33.35,2.13801,5.63579,0.92069,1.03389,1.75357,NN_Adam
0,0,0,0,0,110.256,42.745,174.25,0.369674,4.56791,1.44772,3.51334,1.14695,NN_Adam
0,0,0,0,0,-229.269,322.463,403.177,2.18879,0.925282,0.249226,0.431733,2.03274,NN_Adam
0,0,0,0,0,-12.3774,-200.07,473.029,4.65062,0.145366,0.688529,2.66737,5.13599,NN_Adam
0,0,0,0,0,157.081,298.871,167.149,1.08675,5.05463,1.10835,2.68501,4.54565,NN_Adam
0,0,0,0,0,203.865,315.563,231.261,0.99694,6.19862,1.85176,5.92402,4.84654,NN_Adam
0,0,0,0,0,67.4146,-132.076,326.04,2.0425,0.460127,1.99018,2.15072,6.01895,NN_Adam
0,0,0,0,0,-441.781,-212.58,8.44011,3.58981,5.57067,0.291711,2.0743,0.98026,NN_Adam
0,0,0,0,0,-148.173,114.43,259.654,2.48384,1.19286,2.4608,4.36069,6.17791,NN_Adam
0,0,0,0,0,66.4074,-473.081,296.879,4.85174,6.09257,0.44449,2.04845,2.3339,NN_Adam
0,0,0,0,0,-70.0688,-353.508,276.36,1.37506,3.80198,5.00593,1.44874,1.34452,NN_Adam
0,0,0,0,0,-150.074,35.8277,550.676,2.90714,0.395487,0.968446,2.0065,3.33779,NN_Adam
0,0,0,0,0,-49.4335,268.125,47.7285,1.75273,4.17968,1.65463,2.46015,0.164514,NN_Adam
0,0,0,0,0,350.542,37.0291,87.3934,3.24675,2.35527,0.813929,2.40833,5.88884,NN_Adam
0,0,0,0,0,-3.30784,364.731,490.899,1.57966,0.465156,0.889915,0.9303,1.23374,NN_Adam
0,0,0,0,0,185.726,505.178,119.095,1.21848,6.12381,0.0859653,1.67456,1.38371,NN_Adam
0,0,0,0,0,68.383,-363.975,381.302,4.898,6.10491,0.580506,2.45686,2.3339,NN_Adam
0,0,0,0,0,-365.125,-11.8855,114.694,0.0324261,2.90827,5.77366,3.13508,3.84344,NN_Adam
0,0,0,0,0,-10.1331,421.731,409.187,1.59475,0.770358,0.314987,0.645642,5.90084,NN_Adam
0,0,0,0,0,-309.925,-236.118,91.5692,3.79259,5.5182,2.02488,6.23323,1.08158,NN_Adam
0,0,0,0,0,-154.117,204.994,189.38,2.21537,0.641479,1.04796,5.15218,1.75357,NN_Adam
0,0,0,0,0,-359.439,-68.4423,154.35,3.32969,0.511998,0.460631,5.90454,0.458783,NN_Adam
0,0,0,0,0,338.959,190.949,244.235,0.512857,5.36967,1.29453,2.08488,2.76285,NN_Adam
0,0,0,0,0,-427.2,-317.299,100.112,3.78011,5.98765,0.166844,1.76971,0.98026,NN_Adam
0,0,0,0,0,-215.671,37.0946,438.635,2.97136,0.796519,1.75818,5.80857,0.988303,NN_Adam
0,0,0,0,0,-220.263,27.8016,575.423,3.01587,0.662258,0.365684,2.12657,3.33779,NN_Adam
0,0,0,0,0,296.988,238.98,256.95,0.67746,6.23828,5.66897,3.39062,5.4464,NN_Adam
0,0,0,0,0,286.043,141.02,153.047,0.457932,4.9688,2.65729,0.340272,1.59582,NN_Adam
0,0,0,0,0,-396.098,199.49,345.865,2.67479,0.189601,1.0417,0.535251,0.999488,NN_Adam
0,0,0,0,0,-121.132,58.4994,425.269,2.69168,2.71502,4.81547,0.730661,5.93834,NN_Adam
0,0,0,0,0,113.769,-83.6078,206.11,2.50867,2.3506,4.69258,4.67489,2.27078,NN_Adam
0,0,0,0,0,190.687,-266.46,9.5786,2.19187,3.78734,0.647458,6.15547,4.79934,NN_Adam
0,0,0,0,0,-158.217,-448.145,357.994,4.37295,0.103077,0.285156,1.90553,1.21809,NN_Adam
0,0,0,0,0,375.634,343.425,50.864,0.740588,5.69992,0.321858,1.94343,5.4464,NN_Adam
0,0,0,0,0,101.602,308.125,344.054,1.25224,1.77292,4.14546,2.37878,2.83862,NN_Adam
0,0,0,0,0,352.337,-312.766,345.088,5.55707,0.272605,0.699844,0.805528,2.71482,NN_Adam
0,0,0,0,0,-84.309,420.615,172.634,1.76864,6.09685,1.46049,6.22837,4.84654,NN_Adam
0,0,0,0,0,466.027,152.751,249.284,0.31659,6.08274,1.03587,0.887126,2.89142,NN_Adam
0,0,0,0,0,222.701,174.631,199.976,0.664924,5.12105,1.04719,3.00374,0.0620472,NN_Adam
0,0,0,0,0,-164.976,-298.169,142.42,1.0654,2.19917,0.739504,2.58058,1.4549,NN_Adam
0,0,0,0,0,-342.846,31.9638,492.842,3.04849,0.231421,1.03306,1.29347,1.11345,NN_Adam
0,0,0,0,0,-176.139,265.658,307.855,2.15623,0.955276,4.12838,3.59685,6.17791,NN_Adam
0,0,0,0,0,-341.669,204.034,256.324,2.60323,6.25166,1.65036,6.13998,0.999488,NN_Adam
0,0,0,0,0,14.2187,181.306,197.762,1.49225,3.15262,3.95693,0.527187,1.68825,NN_Adam
0,0,0,0,0,100.215,-245.628,315.223,1.95814,3.93547,4.89371,0.961026,1.34452,NN_Adam
0,0,0,0,0,-71.5943,-56.9929,537.867,3.81397,0.415386,1.04534,2.14855,3.33779,NN_Adam
0,0,0,0,0,-262.142,261.057,120.9,2.35811,0.467233,0.318575,5.99132,6.07848,NN_Adam
0,0,0,0,0,420.737,-263.421,99.0391,5.7236,5.77206,0.128418,2.32081,0.00805729,NN_Adam
0,0,0,0,0,224.054,-90.0594,136.19,2.75932,3.68415,3.61641,3.9057,6.22657,NN_Adam
0,0,0,0,0,-360.809,-77.2597,202.64,3.35224,0.626214,0.489398,5.93522,0.458783,NN_Adam
0,0,0,0,0,-192.727,320.256,100.743,2.11238,4.80974,1.49878,2.04641,0.164514,NN_Adam
0,0,0,0,0,223.96,-100.952,182.963,2.71779,3.57451,3.65059,3.80756,6.22657,NN_Adam
0,0,0,0,0,58.5114,527.973,210.14,1.46037,6.22088,0.155506,1.75801,1.38371,NN_Adam
0,0,0,0,0,-166.94,-423.17,156.994,1.19499,2.75903,0.304841,1.92039,1.4549,NN_Adam
0,0,0,0,0,-20.2623,451.836,317.269,1.61555,0.686924,0.207037,0.522698,5.90084,NN_Adam
0,0,0,0,0,-23.9835,11.1212,212.845,5.84893,2.88224,1.19,4.44771,0.0907237,NN_Adam
0,0,0,0,0,-66.7194,-233.022,234.036,4.43337,2.68292,3.46982,1.86755,0.341132,NN_Adam
0,0,0,0,0,-81.8097,-521.699,99.445,4.55665,5.92452,0.22493,1.81897,0.291986,NN_Adam
0,0,0,0,0,-77.5828,405.796,132.895,1.75923,5.53338,0.232832,2.90138,5.31042,NN_Adam
0,0,0,0,0,262.329,379.051,285.921,0.965234,6.17056,1.22852,0.616591,5.73413,NN_Adam
0,0,0,0,0,-96.8994,-227.667,334.706,4.30988,2.46503,3.86408,1.92348,0.341132,NN_Adam
0,0,0,0,0,35.3775,508.585,92.8099,1.5013,5.73508,0.370985,1.98149,5.82413,NN_Adam
0,0,0,0,0,-444.139,206.944,101.168,2.70543,6.05861,0.860531,0.499965,1.75357,NN_Adam
0,0,0,0,0,-341.844,-183.823,114.063,3.63492,5.42874,2.12029,0.0972161,1.26648,NN_Adam
0,0,0,0,0,-423.464,217.998,116.361,2.66592,5.88886,1.19798,0.44736,0.999488,NN_Adam
0,0,0,0,0,-358.34,106.941,21.636,2.85129,6.08193,1.0322,5.91979,1.75357,NN_Adam
0,0,0,0,0,280.104,-378.923,142.442,5.34886,5.68699,0.304882,2.45263,0.00805729,NN_Adam
0,0,0,0,0,-229.597,-14.0555,583.317,3.20261,1.58228,5.38439,2.01006,5.93834,NN_Adam
0,0,0,0,0,-349.442,-190.462,286.181,3.64039,0.526969,0.852637,6.13921,0.458783,NN_Adam
0,0,0,0,0,117.611,-382.084,2.209,1.86923,3.11146,1.12058,0.617699,1.63146,NN_Adam
0,0,0,0,0,402.261,83.351,5.44867,3.3458,3.0957,1.03185,0.750556,0.917386,NN_Adam
0,0,0,0,0,145.332,124.996,83.5787,0.710171,4.30782,3.47648,6.09375,1.59582,NN_Adam
0,0,0,0,0,-480.759,141.597,281.289,2.85511,6.19158,0.311061,1.93046,2.06914,NN_Adam
0,0,0,0,0,-378.592,-131.846,119.49,3.47667,0.371749,0.392578,6.13686,0.458783,NN_Adam
0,0,0,0,0,-257.102,-298.192,455.822,4.00081,0.234514,0.403883,2.01726,1.21809,NN_Adam
0,0,0,0,0,-148.368,-226.458,454.248,0.990633,1.58178,0.727753,2.15873,6.01895,NN_Adam
0,0,0,0,0,-314.865,373.142,243.437,2.27155,6.27947,0.912586,0.617769,6.07848,NN_Adam
0,0,0,0,0,-205.08,-92.1477,335.345,0.42207,1.01959,2.24362,1.10754,1.88987,NN_Adam
0,0,0,0,0,-313.751,-388.31,127.421,4.0326,5.73994,0.367335,2.1429,0.291986,NN_Adam
0,0,0,0,0,-64.2049,-33.5377,478.117,3.62265,0.16061,1.27019,2.3642,3.33779,NN_Adam
0,0,0,0,0,311.559,103.106,131.318,3.46107,3.56141,4.43979,3.40006,6.22657,NN_Adam
0,0,0,0,0,51.5971,-174.538,431.664,1.85802,3.49731,4.80827,1.16805,1.34452,NN_Adam
0,0,0,0,0,-277.59,10.1203,421.785,3.10496,0.658095,1.57142,5.96766,0.988303,NN_Adam
0,0,0,0,0,223.611,48.828,20.6527,0.214642,4.37883,3.05445,6.2096,1.59582,NN_Adam
0,0,0,0,0,231.554,249.807,126.699,0.823152,5.80793,5.52506,3.76191,5.4464,NN_Adam
0,0,0,0,0,93.8634,-310.884,233.304,1.8638,1.64951,1.63536,1.65425,6.03257,NN_Adam
0,0,0,0,0,-219.798,411.058,172.897,2.06176,6.24791,1.00754,0.220794,6.07848,NN_Adam
0,0,0,0,0,529.54,-46.9327,173.846,6.1948,6.10426,0.19304,1.80051,2.89142,NN_Adam
0,0,0,0,0,48.3185,132.256,125.474,1.22044,4.21169,1.36235,3.47513,1.14695,NN_Adam
0,0,0,0,0,-159.429,-67.4082,451.743,3.54132,0.932532,1.83702,5.73197,0.988303,NN_Adam
0,0,0,0,0,318.308,-399.181,174.22,5.38549,5.89229,0.383995,1.99043,6.0557,NN_Adam
0,0,0,0,0,82.4787,144.576,134.079,4.19391,5.26374,3.07679,2.65553,0.353671,NN_Adam
0,0,0,0,0,-93.2944,249.501,411.773,1.92846,2.16073,4.74303,1.21771,5.93834,NN_Adam
0,0,0,0,0,-493.853,-27.9091,210.376,3.19784,5.87847,0.472805,2.06103,0.322384,NN_Adam
0,0,0,0,0,343.986,-236.274,359.948,5.68105,1.19288,4.88484,2.23506,0.586595,NN_Adam
0,0,0,0,0,-491.428,-161.257,292.64,3.45863,0.177652,0.0941726,1.68507,3.41488,NN_Adam
0,0,0,0,0,-103.923,-15.3857,88.728,0.146969,0.113727,2.57525,2.6919,5.50527,NN_Adam
0,0,0,0,0,-190.486,-12.3307,258.499,3.20601,1.08724,2.27852,4.50753,0.988303,NN_Adam
0,0,0,0,0,-1.22536,-341.588,255.495,1.56705,3.92911,5.09427,1.10605,1.34452,NN_Adam
0,0,0,0,0,60.6358,-190.215,437.952,1.87882,3.44484,4.86079,1.23762,1.34452,NN_Adam
0,0,0,0,0,-302.69,191.768,110.833,2.57678,0.256961,0.762856,5.76568,1.75357,NN_Adam
0,0,0,0,0,128.551,15.488,244.515,0.119804,4.61796,3.71175,0.174444,0.955645,NN_Adam
0,0,0,0,0,-357.177,-196.764,32.7591,0.503272,2.79181,0.515665,2.13542,0.996245,NN_Adam
0,0,0,0,0,-51.8402,91.2649,396.6,2.08727,2.91168,4.78564,0.537429,5.93834,NN_Adam
0,0,0,0,0,-74.3832,-292.819,309.055,1.32195,1.79477,0.597369,2.70182,1.4549,NN_Adam
0,0,0,0,0,-231.424,-182.779,281.171,0.668318,2.14758,2.07019,6.17563,5.67876,NN_Adam
0,0,0,0,0,-183.688,110.527,333.4,2.59973,0.836913,2.16101,5.09711,0.988303,NN_Adam
0,0,0,0,0,11.0229,137.961,8.52137,4.63262,5.40208,3.17113,3.00949,0.353671,NN_Adam
0,0,0,0,0,74.1954,169.551,237.953,1.15828,0.0127117,4.2383,4.90742,6.17791,NN_Adam
0,0,0,0,0,-144.08,80.3719,461.387,2.63273,0.952467,1.81352,5.77906,0.988303,NN_Adam
0,0,0,0,0,174.687,-51.9512,28.0786,5.99397,2.95183,3.26823,0.936571,4.42808,NN_Adam
0,0,0,0,0,26.2295,203.763,208.333,1.44252,6.14241,4.30504,4.83727,6.17791,NN_Adam
0,0,0,0,0,41.8332,-233.873,24.7238,1.74766,2.10489,2.52558,0.672522,1.73232,NN_Adam
0,0,0,0,0,-305.458,348.164,103.108,2.29077,6.05625,1.05936,0.213958,0.999488,NN_Adam
0,0,0,0,0,478.578,-47.1928,110.627,6.18476,5.57289,0.5184,2.19077,2.89142,NN_Adam
0,0,0,0,0,159.154,-462.519,127.378,5.04361,5.64419,0.508731,2.12919,6.27677,NN_Adam
0,0,0,0,0,-197.636,255.791,225.246,2.22836,0.784117,0.524718,5.70741,6.07848,NN_Adam
0,0,0,0,0,160.901,425.643,362.849,1.20882,6.27637,0.407755,2.02345,2.53824,NN_Adam
0,0,0,0,0,-66.8523,244.048,24.7155,1.83791,1.55433,3.79047,1.62409,1.68825,NN_Adam
0,0,0,0,0,-13.3046,-275.708,526.948,1.52225,2.50164,5.60571,2.08338,1.34452,NN_Adam
0,0,0,0,0,-225.467,-203.283,400.618,0.733442,1.56013,1.34189,1.49821,0.873547,NN_Adam
0,0,0,0,0,-394.945,47.5596,185.608,3.02167,5.57515,2.05678,0.256622,5.86949,NN_Adam
0,0,0,0,0,164.484,473.655,281.471,1.23655,6.19661,0.302148,1.93321,2.53824,NN_Adam
0,0,0,0,0,-197.217,267.971,221.18,2.20519,0.737593,0.55196,5.73898,6.07848,NN_Adam
0,0,0,0,0,146.877,335.383,378.154,1.15784,6.16717,0.395231,2.63267,2.53824,NN_Adam
0,0,0,0,0,-88.1021,105.695,20.1243,2.2656,3.51577,1.49318,3.11883,0.164514,NN_Adam
0,0,0,0,0,-99.7314,-166.628,578.542,4.17291,0.670873,0.407741,2.17305,5.93834,NN_Adam
0,0,0,0,0,-195.995,368.013,478.066,2.06012,0.640602,0.0585007,1.64161,5.36892,NN_Adam
0,0,0,0,0,-268.454,-296.219,47.033,3.97591,0.0716975,0.563562,6.14334,0.954884,NN_Adam
0,0,0,0,0,-221.51,199.159,486.351,2.40909,0.727849,1.14368,0.214767,2.39757,NN_Adam
0,0,0,0,0,-426.831,-20.5189,301.906,3.18957,0.345778,0.978732,0.114274,0.458783,NN_Adam
0,0,0,0,0,-263.801,-11.9539,503.822,3.18686,0.302689,0.463163,2.44097,0.390971,NN_Adam
0,0,0,0,0,-280.223,275.62,492.186,2.36443,0.588981,0.473284,1.21405,2.03274,NN_Adam
0,0,0,0,0,161.963,154.837,60.6328,0.762817,4.43149,1.01155,3.25842,4.54565,NN_Adam
0,0,0,0,0,-51.2098,-509.454,7.28464,4.6121,5.81366,0.475348,1.23524,0.291986,NN_Adam
0,0,0,0,0,284.796,-209.952,275.787,2.50628,1.98033,0.695178,2.38441,0.428259,NN_Adam
0,0,0,0,0,-14.7283,-147.974,280.051,1.47143,2.22193,4.41788,4.52845,2.27078,NN_Adam
0,0,0,0,0,-332.661,-312.485,345.941,3.89568,6.19871,0.447138,2.06314,3.41488,NN_Adam
0,0,0,0,0,-338.787,174.009,83.6062,2.66706,0.132979,0.751212,5.92183,1.75357,NN_Adam
0,0,0,0,0,142.858,412.774,230.054,1.23723,0.0930354,1.17342,0.024127,1.38371,NN_Adam
0,0,0,0,0,-62.4188,428.689,396.173,1.71504,0.257052,0.935851,0.775751,5.36892,NN_Adam
0,0,0,0,0,181.906,372.821,28.2942,1.11668,0.76021,4.92544,1.4098,1.11678,NN_Adam
0,0,0,0,0,151.783,-14.7392,192.328,6.18637,4.41747,3.75909,6.26639,0.955645,NN_Adam
0,0,0,0,0,1.77632,154.898,183.659,1.55914,3.48358,3.96413,0.242574,1.68825,NN_Adam
0,0,0,0,0,354.234,-215.4,407.497,5.73671,0.0330169,0.49125,2.08751,0.881721,NN_Adam
0,0,0,0,0,-173.266,-331.628,114.449,1.08923,2.38976,0.679988,2.39163,1.4549,NN_Adam
0,0,0,0,0,-11.972,-177.646,596.919,1.50303,1.74823,0.21019,1.83872,6.01895,NN_Adam
0,0,0,0,0,193.094,-491.289,79.0717,5.0869,5.91627,0.191261,1.79833,6.27677,NN_Adam
0,0,0,0,0,170.638,259.909,235.087,0.989624,0.0677257,2.26592,5.42796,4.84654,NN_Adam
0,0,0,0,0,-96.3831,-292.012,287.938,1.25179,1.8327,0.621613,2.70641,1.4549,NN_Adam
0,0,0,0,0,345.668,-236.887,463.794,5.6822,0.872855,5.81683,1.89066,0.586595,NN_Adam
0,0,0,0,0,-354.305,-311.775,26.4951,3.86302,5.5601,1.19501,0.72472,1.08158,NN_Adam
0,0,0,0,0,-52.0074,-55.6098,293.413,0.818879,2.67802,1.61261,4.73354,0.0907237,NN_Adam
0,0,0,0,0,147.44,-95.3943,168.697,2.56702,3.70382,2.86286,4.11761,6.22657,NN_Adam
0,0,0,0,0,31.6043,312.659,266.907,1.47003,0.54068,4.30295,3.93581,6.17791,NN_Adam
0,0,0,0,0,292.587,-267.916,20.4693,2.40008,3.51865,0.625166,0.363256,4.79934,NN_Adam
0,0,0,0,0,355.088,227.208,1.85792,3.71067,3.00317,0.363091,2.02339,4.3676,NN_Adam
0,0,0,0,0,-128.545,133.003,106.279,2.33907,3.91323,1.70445,3.00113,0.164514,NN_Adam
0,0,0,0,0,49.4394,-474.01,312.633,4.81606,6.16494,0.388523,2.04711,2.3339,NN_Adam
0,0,0,0,0,-361.277,35.626,373.932,3.04281,6.0707,1.78131,0.611831,5.86949,NN_Adam
0,0,0,0,0,-271.567,80.0674,493.537,2.85478,0.747541,1.18731,0.192391,0.988303,NN_Adam
0,0,0,0,0,329.007,-278.493,90.4697,2.43927,2.74373,1.06305,1.05845,0.246225,NN_Adam
0,0,0,0,0,-214.843,182.644,290.183,2.43696,0.826192,3.89544,3.98707,6.17791,NN_Adam
0,0,0,0,0,247.809,-275.375,218.139,2.3034,3.86197,4.61797,2.21685,0.247987,NN_Adam
0,0,0,0,0,-88.74,281.566,139.091,1.87587,6.20073,2.34062,5.12057,4.84654,NN_Adam
0,0,0,0,0,411.3,-201.46,344.654,5.82739,6.20519,0.428465,2.06883,5.4841,NN_Adam
0,0,0,0,0,38.3993,-69.0897,299.355,2.07802,2.65249,1.57555,4.78133,0.0907237,NN_Adam
0,0,0,0,0,-323.669,-77.8133,143.969,0.235919,1.99537,1.18338,2.22782,0.996245,NN_Adam
0,0,0,0,0,-426.368,254.427,239.585,2.60346,6.24334,0.869407,0.737129,0.885108,NN_Adam
0,0,0,0,0,82.562,-318.533,307.923,1.82442,3.78088,5.04151,1.22216,1.34452,NN_Adam
0,0,0,0,0,198.862,-225.685,42.0058,2.29305,4.47736,4.0842,2.69789,2.21858,NN_Adam
0,0,0,0,0,393.013,-81.6544,15.8008,2.93664,2.75132,0.757791,1.91207,5.88884,NN_Adam
0,0,0,0,0,-440.72,-23.6388,85.1239,3.19503,5.24129,0.887196,2.16582,0.82735,NN_Adam
0,0,0,0,0,-4.43451,-456.891,148.972,4.70236,5.671,0.272818,2.58559,2.3339,NN_Adam
0,0,0,0,0,-188.385,60.1134,496.594,2.83219,2.25071,4.94944,1.24832,5.93834,NN_Adam
0,0,0,0,0,372.7,-166.278,395.051,5.86344,0.0311748,0.323023,2.34237,0.881721,NN_Adam
0,0,0,0,0,284.867,-432.54,159.636,5.2943,6.04088,0.755254,0.980292,6.0557,NN_Adam
0,0,0,0,0,395.175,-152.711,357.16,5.9143,6.20237,0.321327,2.39655,0.881721,NN_Adam
0,0,0,0,0,71.5576,369.571,69.15,1.37943,1.08092,4.78848,1.1549,1.11678,NN_Adam
0,0,0,0,0,-277.117,-202.805,14.8285,3.77331,0.0961359,0.422425,5.9441,0.954884,NN_Adam
0,0,0,0,0,-352.577,-151.013,389.658,3.5461,6.12879,0.644193,2.28311,3.41488,NN_Adam
0,0,0,0,0,-312.775,-388.37,276.173,4.03434,6.14839,0.341901,1.96036,3.41488,NN_Adam
0,0,0,0,0,-390.095,-18.9807,486.461,3.19016,0.448816,0.259822,1.87388,1.11345,NN_Adam
0,0,0,0,0,87.7251,-263.486,502.773,5.03359,0.265477,0.541891,2.32496,5.13599,NN_Adam
0,0,0,0,0,336.132,-235.04,408.482,5.67278,1.09981,5.11229,2.29866,0.586595,NN_Adam
0,0,0,0,0,106.197,33.3495,72.1003,3.44617,6.02385,2.77262,2.7532,0.353671,NN_Adam
0,0,0,0,0,-261.39,355.423,395.364,2.20471,0.405708,0.718178,0.752898,5.36892,NN_Adam
0,0,0,0,0,81.668,241.783,113.127,1.2449,4.61207,1.19038,3.04838,4.54565,NN_Adam
0,0,0,0,0,-24.1419,-351.838,271.61,1.50225,3.82304,5.14736,1.17768,1.34452,NN_Adam
0,0,0,0,0,219.951,-260.168,296.453,2.27236,3.66879,4.54119,2.30276,0.247987,NN_Adam
0,0,0,0,0,255.78,-299.537,244.415,5.41904,0.896296,6.25481,0.081318,2.87431,NN_Adam
0,0,0,0,0,-167.759,-343.573,74.4355,1.1164,2.51625,0.705516,2.26746,1.4549,NN_Adam
0,0,0,0,0,-47.3338,-288.085,75.5192,1.4078,2.10595,1.17226,2.46277,1.72265,NN_Adam
0,0,0,0,0,-204.04,285.781,30.626,2.19064,0.213457,0.272495,6.01625,6.07848,NN_Adam
0,0,0,0,0,-69.7536,-310.908,419.108,1.35009,3.26819,5.1707,1.58854,1.34452,NN_Adam
0,0,0,0,0,-406.132,113.472,453.454,2.86907,0.37895,0.239228,1.85592,2.06914,NN_Adam
0,0,0,0,0,-142.296,-85.6157,339.653,3.68316,5.88083,3.04169,6.26207,1.26648,NN_Adam
0,0,0,0,0,61.4917,0.183109,53.8502,3.14456,6.15303,2.55954,3.11754,0.353671,NN_Adam
0,0,0,0,0,-350.32,-323.931,267.199,3.8875,6.0117,1.16261,0.943169,1.08158,NN_Adam
0,0,0,0,0,-126.568,59.6415,313.723,5.84272,2.55524,2.05937,4.95116,0.0907237,NN_Adam
0,0,0,0,0,-110.447,-514.876,267.008,4.50106,0.209203,0.0240336,1.60015,0.191397,NN_Adam
0,0,0,0,0,-76.3909,-394.564,262.311,4.52097,0.874862,0.0401779,0.121639,0.191397,NN_Adam
0,0,0,0,0,-321.66,266.863,253.943,2.44875,0.457908,0.756768,6.22216,0.572269,NN_Adam
0,0,0,0,0,-147.96,375.992,157.404,1.94558,6.04678,1.65177,6.02854,4.84654,NN_Adam
0,0,0,0,0,146.843,179.391,134.219,0.884772,4.56855,1.30352,3.08875,4.54565,NN_Adam
0,0,0,0,0,-112.858,-138.562,132.92,4.0285,5.06816,3.82649,5.53605,1.26648,NN_Adam
0,0,0,0,0,56.9604,-145.383,469.598,1.944,0.879455,1.61705,1.61958,6.01895,NN_Adam
0,0,0,0,0,434.905,-173.064,190.562,5.9043,5.69817,0.544922,2.27697,2.70961,NN_Adam
0,0,0,0,0,508.73,19.3197,130.168,0.0378437,5.80055,0.351264,2.04334,2.89142,NN_Adam
0,0,0,0,0,-228.132,-334.661,55.5346,0.972332,2.61185,0.84463,1.8844,6.08012,NN_Adam
0,0,0,0,0,201.559,53.5236,146.376,3.40078,3.52801,3.23967,4.25119,6.22657,NN_Adam
0,0,0,0,0,-487.252,-108.836,136.544,3.36126,6.09077,0.856674,0.60712,0.721104,NN_Adam
0,0,0,0,0,328.065,-399.536,232.371,5.39985,6.13121,0.269826,1.89442,6.0557,NN_Adam
0,0,0,0,0,397.055,-314.107,122.287,5.6139,5.75048,0.409901,2.02364,0.00805729,NN_Adam
0,0,0,0,0,-93.3828,33.7405,41.1553,5.93652,5.72714,2.83039,3.06121,0.353671,NN_Adam
0,0,0,0,0,-485.511,175.841,240.004,2.79406,6.15388,0.266275,1.88341,5.86949,NN_Adam
0,0,0,0,0,234.078,-179.545,320.323,2.48722,3.01835,0.558674,6.08792,2.38395,NN_Adam
0,0,0,0,0,198.068,-334.68,459.206,5.24659,0.237766,0.407675,2.03154,5.13599,NN_Adam
0,0,0,0,0,-223.807,-182.819,80.6083,3.82656,0.398866,0.335391,5.60818,0.954884,NN_Adam
0,0,0,0,0,51.4419,140.243,138.101,1.21898,4.31452,1.38846,3.42548,1.14695,NN_Adam
0,0,0,0,0,-127.028,-486.448,134.928,4.45664,5.97891,0.933528,0.731976,0.191397,NN_Adam
0,0,0,0,0,434.052,-139.307,143.984,5.97249,5.51111,0.626144,2.32674,2.70961,NN_Adam
0,0,0,0,0,-376.021,268.073,397.548,2.5222,0.259756,0.223315,1.83597,2.06914,NN_Adam
0,0,0,0,0,290.061,-211.192,186.543,2.51215,3.93754,4.44887,2.45216,0.247987,NN_Adam
0,0,0,0,0,533.261,8.50287,222.801,0.0159132,0.0471408,0.0852541,1.67349,2.89142,NN_Adam
0,0,0,0,0,196.799,158.224,159.906,0.676966,4.78398,3.11878,0.10151,1.59582,NN_Adam
0,0,0,0,0,-259.819,459.241,194.457,2.08567,6.11377,0.22028,1.83197,5.31042,NN_Adam
0,0,0,0,0,52.2624,250.155,335.718,1.36477,0.800169,4.23717,4.05227,6.17791,NN_Adam
0,0,0,0,0,-119.707,275.817,52.4155,1.98028,4.3283,1.6381,2.32002,0.164514,NN_Adam
0,0,0,0,0,-210.667,-398.268,96.4092,4.22574,6.26011,0.792728,0.0960705,0.291986,NN_Adam
0,0,0,0,0,-36.6872,-333.972,351.155,1.46121,3.56122,5.11525,1.37986,1.34452,NN_Adam
0,0,0,0,0,275.137,273.274,100.819,0.781936,5.93956,5.3453,3.52319,5.4464,NN_Adam
0,0,0,0,0,78.2243,-426.027,435.506,4.89393,0.317013,0.255924,1.87295,0.415395,NN_Adam
0,0,0,0,0,389.883,256.345,227.618,0.581548,0.135806,5.53958,2.85779,5.4464,NN_Adam
0,0,0,0,0,-37.6027,181.738,0.593286,1.77476,3.07721,3.00217,1.13873,1.68825,NN_Adam
0,0,0,0,0,255.81,379.482,45.6129,0.977358,0.547631,4.90488,2.01266,1.11678,NN_Adam
0,0,0,0,0,-2.16941,414.931,314.702,1.57588,0.8576,0.145725,0.270879,5.90084,NN_Adam
0,0,0,0,0,331.297,-104.774,265.855,2.83522,2.29721,1.70994,0.196753,2.71482,NN_Adam
0,0,0,0,0,-122.078,330.868,55.7506,1.92408,4.63437,1.46602,2.16899,0.164514,NN_Adam
0,0,0,0,0,270.991,113.028,10.0932,0.395074,4.67798,2.62074,0.0937687,1.59582,NN_Adam
0,0,0,0,0,-157.943,-269.695,470.265,1.04084,1.87658,0.499887,1.94899,6.01895,NN_Adam
0,0,0,0,0,133.811,-251.253,266.717,5.20168,1.21932,0.0183794,5.83322,2.87431,NN_Adam
0,0,0,0,0,-246.485,-80.2426,482.075,0.314509,1.69978,0.363749,2.35703,0.906681,NN_Adam
0,0,0,0,0,-233.587,230.223,485.187,2.36334,1.09365,0.352674,0.435044,2.03274,NN_Adam
0,0,0,0,0,-191.159,330.226,176.181,2.0953,0.551914,0.434063,6.00887,6.07848,NN_Adam
0,0,0,0,0,-74.0837,305.955,202.234,1.80816,0.00462489,2.2435,5.37008,4.84654,NN_Adam
0,0,0,0,0,-19.8535,423.99,155.074,1.6175,0.463983,0.286719,0.0366424,0.458874,NN_Adam
0,0,0,0,0,443.294,-223.198,135.649,5.8167,5.70799,0.465763,2.09484,5.00623,NN_Adam
0,0,0,0,0,390.163,-262.864,133.715,5.6902,5.70394,0.214597,2.51811,0.00805729,NN_Adam
0,0,0,0,0,-229.903,-256.602,526.631,3.98177,0.553124,0.273841,1.89698,0.165034,NN_Adam
0,0,0,0,0,-156.338,-131.46,226.023,3.8407,3.42344,2.92181,2.05841,0.341132,NN_Adam
0,0,0,0,0,155.01,-397.9,262.479,5.08375,5.78341,0.578579,2.45934,2.3339,NN_Adam
0,0,0,0,0,-11.2015,289.478,154.147,1.60926,2.01682,3.7171,1.82969,1.68825,NN_Adam
0,0,0,0,0,-48.3959,-234.769,340.817,1.36734,3.85921,4.89245,0.906852,1.34452,NN_Adam
0,0,0,0,0,26.5,27.5441,93.9264,3.94624,6.24645,2.21392,3.34987,0.353671,NN_Adam
0,0,0,0,0,-136.639,400.132,441.563,1.89976,0.36776,0.71195,1.07379,5.36892,NN_Adam
0,0,0,0,0,-94.4873,-312.336,177.112,1.27687,1.76082,1.66066,1.69128,6.03257,NN_Adam
0,0,0,0,0,-223.68,376.432,81.8226,2.10688,5.63745,1.58861,0.245254,1.75357,NN_Adam
0,0,0,0,0,-467.42,156.615,282.447,2.81812,6.13455,0.364893,1.99174,2.06914,NN_Adam
0,0,0,0,0,-283.666,88.4004,417.41,2.83947,0.662428,1.4326,6.02919,0.988303,NN_Adam
0,0,0,0,0,171.411,447.045,273.883,1.20453,0.804661,5.16424,2.14926,2.83862,NN_Adam
0,0,0,0,0,185.019,466.334,186.547,1.19275,6.01952,0.980711,0.812812,1.38371,NN_Adam
0,0,0,0,0,-458.608,-16.2002,397.157,3.1768,0.297498,0.600525,1.14562,6.25163,NN_Adam
0,0,0,0,0,339.125,277.291,143.643,0.685187,6.14664,5.45037,3.175,5.4464,NN_Adam
0,0,0,0,0,-150.351,291.362,308.882,2.04696,5.34954,1.76685,1.76775,0.486989,NN_Adam
0,0,0,0,0,183.728,193.214,242.176,0.810283,5.22726,1.15809,2.93325,0.0620472,NN_Adam
0,0,0,0,0,-146.529,369.256,39.1523,5.08994,2.74855,0.483856,2.27277,2.53861,NN_Adam
0,0,0,0,0,323.318,-288.598,0.76574,2.41269,3.19529,0.692697,1.0379,0.758087,NN_Adam
0,0,0,0,0,178.235,-365.103,181.42,5.16644,0.743536,6.2085,0.113011,2.87431,NN_Adam
0,0,0,0,0,-453.033,-146.338,185.81,3.45373,0.0962018,0.7795,0.319558,0.458783,NN_Adam
0,0,0,0,0,413.233,-186.874,275.774,5.85846,5.90292,0.550444,2.25041,2.70961,NN_Adam
0,0,0,0,0,-270.747,-379.479,212.008,4.09254,5.75563,0.530473,2.28268,1.21809,NN_Adam
0,0,0,0,0,135.468,387.97,75.3361,1.23477,0.903875,4.46666,2.0735,1.11678,NN_Adam
0,0,0,0,0,-81.894,-328.566,286.151,1.32645,1.9472,0.60598,2.5348,1.4549,NN_Adam
0,0,0,0,0,-268.704,401.771,350.05,2.16006,0.179729,0.60407,1.16324,0.572269,NN_Adam
0,0,0,0,0,97.5438,34.7263,9.00819,3.48331,5.9154,3.02323,2.78824,0.353671,NN_Adam
0,0,0,0,0,-153.126,33.9668,80.8483,2.92323,0.0717281,1.28028,4.65125,0.914063,NN_Adam
0,0,0,0,0,512.587,-29.7806,30.4867,6.225,5.74968,0.245354,1.86201,1.50097,NN_Adam
0,0,0,0,0,166.844,-146.279,310.118,5.56314,5.16353,2.81005,0.766873,0.955645,NN_Adam
0,0,0,0,0,359.996,-355.454,117.657,5.50392,5.7596,0.353818,2.07271,0.00805729,NN_Adam
0,0,0,0,0,-180.042,12.8503,385.995,3.07019,1.07912,1.82708,5.27946,0.988303,NN_Adam
0,0,0,0,0,-499.476,109.812,214.893,2.92517,6.1365,0.792752,0.966413,4.41349,NN_Adam
0,0,0,0,0,-47.8545,-125.621,185.728,4.34813,5.08636,3.97143,5.74623,1.26648,NN_Adam
0,0,0,0,0,153.186,21.1812,72.2368,3.27892,5.66032,3.10426,2.54403,0.353671,NN_Adam
0,0,0,0,0,258.177,-32.0985,6.54593,3.0176,3.89244,4.24241,3.71739,6.22657,NN_Adam
0,0,0,0,0,-446.716,-147.597,96.272,3.46049,6.15876,0.836861,0.274516,0.721104,NN_Adam
0,0,0,0,0,-165.862,-197.498,387.004,0.872105,1.25062,1.56667,1.66338,0.873547,NN_Adam
0,0,0,0,0,109.233,-339.977,432.677,1.88157,2.88708,5.46193,2.01738,1.90659,NN_Adam
0,0,0,0,0,-297.579,-100.855,36.7856,0.326662,2.2501,1.29783,2.11845,0.996245,NN_Adam
0,0,0,0,0,12.3874,-338.961,244.098,1.6071,3.97972,5.08259,1.07536,1.34452,NN_Adam
0,0,0,0,0,-275.99,-264.223,254.267,0.763552,3.77646,5.10875,1.4699,0.721104,NN_Adam
0,0,0,0,0,237.725,-429.457,292.53,5.21752,6.2514,0.857019,0.983186,5.34562,NN_Adam
0,0,0,0,0,425.585,-136.101,188.229,5.97361,5.57843,0.668862,2.34495,2.70961,NN_Adam
0,0,0,0,0,-169.173,141.468,21.5603,2.44495,3.98305,1.48129,2.80962,0.164514,NN_Adam
0,0,0,0,0,-263.263,-158.844,472.031,0.54279,1.87837,0.422318,2.05141,1.88987,NN_Adam
0,0,0,0,0,-135.529,-127.585,267.8,3.89661,3.08704,3.06234,2.34731,0.341132,NN_Adam
0,0,0,0,0,178.38,170.402,31.5423,0.762365,4.46194,0.933336,3.1547,4.54565,NN_Adam
0,0,0,0,0,-393.303,127.658,292.378,2.82768,5.97826,0.286776,2.69388,2.06914,NN_Adam
0,0,0,0,0,-76.9238,-338.194,79.1776,1.34698,2.27338,1.06164,2.20466,1.72265,NN_Adam
0,0,0,0,0,-178.209,-117.228,57.0552,3.72334,0.363778,0.0437476,5.45638,0.954884,NN_Adam
0,0,0,0,0,-85.5887,-276.947,176.221,1.27095,1.55425,1.77382,1.86576,6.03257,NN_Adam
0,0,0,0,0,162.083,120.309,8.13198,3.77995,5.09895,3.54157,2.78448,0.353671,NN_Adam
0,0,0,0,0,4.99972,23.4128,201.681,1.36038,4.62152,1.89998,3.522,1.6879,NN_Adam
0,0,0,0,0,-171.136,175.43,151.105,2.34373,4.30482,1.82899,2.59121,0.164514,NN_Adam
0,0,0,0,0,-483.297,-190.534,140.252,3.51687,5.88138,0.353597,1.89912,0.384745,NN_Adam
0,0,0,0,0,-320.355,-23.7492,493.217,3.21547,0.271866,0.463195,2.22671,0.390971,NN_Adam
0,0,0,0,0,-61.7235,-32.2184,150.18,0.48098,6.12217,2.18517,3.13123,5.50527,NN_Adam
0,0,0,0,0,230.602,-217.478,73.8574,2.38539,3.75824,4.37908,3.40498,6.22657,NN_Adam
0,0,0,0,0,-74.8507,-232.167,569.328,1.25888,2.02089,0.106883,1.70143,6.01895,NN_Adam
0,0,0,0,0,35.0985,361.615,333.744,1.47402,0.198445,1.65373,6.12354,4.84654,NN_Adam
0,0,0,0,0,58.8479,60.7649,115.052,3.94296,5.9796,2.43831,3.05316,0.353671,NN_Adam
0,0,0,0,0,256.33,-147.033,333.375,2.62084,2.94052,0.623472,6.10893,2.38395,NN_Adam
0,0,0,0,0,-274.833,80.2907,370.234,2.85727,0.719582,1.48866,5.70327,0.988303,NN_Adam
0,0,0,0,0,-123.763,140.918,491.313,2.29137,2.31158,4.93323,1.18921,5.93834,NN_Adam
0,0,0,0,0,333.836,127.811,17.7767,3.50694,3.02058,1.54612,0.211448,0.917386,NN_Adam
0,0,0,0,0,339.367,-170.737,35.482,2.67535,3.45211,0.83284,0.153189,3.16442,NN_Adam
0,0,0,0,0,101.044,389.674,150.824,1.3169,0.170808,0.977594,5.97133,1.38371,NN_Adam
0,0,0,0,0,215.388,-385.718,306.677,5.2215,6.18047,1.35453,0.53828,5.34562,NN_Adam
0,0,0,0,0,420.996,31.9111,0.863807,3.21692,3.13133,0.876785,0.911228,0.917386,NN_Adam
0,0,0,0,0,103.692,-97.8857,66.4648,2.38495,4.18457,2.57802,4.27349,6.22657,NN_Adam
0,0,0,0,0,-203.022,-411.389,16.6275,4.25384,6.08618,0.627932,0.336961,0.291986,NN_Adam
0,0,0,0,0,239.63,328.041,210.128,0.939805,6.14387,5.64663,3.31404,5.4464,NN_Adam
0,0,0,0,0,122.66,249.069,10.7673,4.25471,4.70416,4.01701,2.59439,0.353671,NN_Adam
0,0,0,0,0,-459.617,-72.5736,295.205,3.2981,6.0301,0.47721,2.1516,0.322384,NN_Adam
0,0,0,0,0,-50.1715,-494.506,349.296,4.61121,0.313692,0.0801527,1.6682,0.191397,NN_Adam
0,0,0,0,0,-15.7095,409.049,138.828,1.60882,0.507538,0.180567,6.27413,0.458874,NN_Adam
0,0,0,0,0,-255.693,-403.903,6.58839,4.14786,5.58023,1.0488,0.818317,0.291986,NN_Adam
0,0,0,0,0,411.648,94.3475,244.035,0.225187,5.46744,1.48267,1.52355,2.76285,NN_Adam
0,0,0,0,0,-26.3323,-329.153,409.71,1.49077,3.26829,5.12927,1.72406,1.34452,NN_Adam
0,0,0,0,0,146.594,-334.853,151.307,1.98328,3.5873,0.22324,0.109937,4.79934,NN_Adam
0,0,0,0,0,-331.163,80.4837,76.6639,6.04459,2.89055,5.92618,3.20403,3.84344,NN_Adam
0,0,0,0,0,230.628,378.196,199.227,1.02315,0.0472149,1.12261,0.0268823,1.38371,NN_Adam
0,0,0,0,0,-149.383,331.205,480.821,1.99437,0.505402,0.942121,0.734272,5.36892,NN_Adam
0,0,0,0,0,274.175,271.281,172.944,0.780014,6.04236,5.5336,3.50171,5.4464,NN_Adam
0,0,0,0,0,368.267,217.726,164.349,3.67539,2.56086,0.415407,2.16211,4.3676,NN_Adam
0,0,0,0,0,97.8743,467.182,271.02,1.36423,6.06793,1.14222,0.871453,1.38371,NN_Adam
0,0,0,0,0,-50.0407,383.057,326.762,1.70049,5.68934,1.27561,1.87496,0.486989,NN_Adam
0,0,0,0,0,495.757,13.3704,234.736,0.0267778,5.96775,0.433379,2.03557,2.89142,NN_Adam
0,0,0,0,0,-287.97,151.595,487.162,2.65682,0.71998,0.963397,0.384417,2.39757,NN_Adam
0,0,0,0,0,-485.971,-82.2359,291.523,3.30855,6.17104,0.353128,1.96615,0.322384,NN_Adam
0,0,0,0,0,204.65,280.186,217.927,0.939708,6.25894,1.99627,5.65139,4.84654,NN_Adam
0,0,0,0,0,-223.822,411.979,95.8942,2.06831,5.73167,1.32933,0.490873,1.75357,NN_Adam
0,0,0,0,0,-347.997,-37.0617,11.8777,3.24753,4.73315,1.00654,2.53883,0.82735,NN_Adam
0,0,0,0,0,241.38,266.559,295.755,0.834858,5.65085,0.89298,2.54751,0.0620472,NN_Adam
0,0,0,0,0,120.293,-266.684,78.037,1.99442,3.85131,0.437063,5.91292,4.79934,NN_Adam
0,0,0,0,0,136.827,457.269,175.505,1.27994,6.13382,1.07657,0.380739,1.38371,NN_Adam
0,0,0,0,0,291.473,-308.273,100.458,5.46942,5.44494,0.321282,2.75958,0.00805729,NN_Adam
0,0,0,0,0,113.573,-453.905,13.1502,4.95738,5.38483,0.500225,2.15165,6.27677,NN_Adam
0,0,0,0,0,-176.709,-341.284,153.718,4.23454,5.6714,2.10497,6.18054,1.26648,NN_Adam
0,0,0,0,0,-357.871,-140.06,394.671,3.51455,6.15126,0.6397,2.25845,3.41488,NN_Adam
0,0,0,0,0,259.681,365.234,367.376,0.952619,0.0271134,0.301539,2.15787,2.83862,NN_Adam
0,0,0,0,0,-232.862,-183.91,304.624,0.668356,2.11476,1.97485,6.23772,5.67876,NN_Adam
0,0,0,0,0,279.758,106.92,234.882,3.50647,3.36527,4.21851,3.44737,6.22657,NN_Adam
0,0,0,0,0,405.786,293.921,274.533,0.626573,6.26383,0.766028,1.00364,5.73413,NN_Adam
0,0,0,0,0,64.6854,-77.6412,227.724,2.26548,3.61697,2.49262,3.95113,6.22657,NN_Adam
0,0,0,0,0,61.4607,-168.527,45.0508,5.062,0.930869,5.17558,6.08721,5.26321,NN_Adam
0,0,0,0,0,187.888,-67.8053,140.63,2.79512,3.58989,3.09448,4.27397,6.22657,NN_Adam
0,0,0,0,0,323.743,-70.2513,238.58,2.92788,2.27876,1.92124,0.0777982,2.71482,NN_Adam
0,0,0,0,0,-117.517,338.183,107.713,5.04666,2.37959,0.642724,2.53167,2.53861,NN_Adam
0,0,0,0,0,-335.038,13.4441,400.4,6.2429,1.84507,0.683282,2.0613,1.88987,NN_Adam
0,0,0,0,0,-79.3071,157.364,127.296,2.03758,0.416924,1.1743,4.71142,0.914063,NN_Adam
0,0,0,0,0,83.9381,-155.739,484.721,2.06509,1.04544,1.50844,1.52459,6.01895,NN_Adam
0,0,0,0,0,501.816,124.494,151.191,0.243004,6.00936,0.778545,0.977246,2.89142,NN_Adam
0,0,0,0,0,311.016,-200.981,408.875,5.70914,1.37273,4.75213,2.37603,0.586595,NN_Adam
0,0,0,0,0,384.616,13.1017,268.961,3.17562,3.27338,4.93789,2.71045,5.89801,NN_Adam
0,0,0,0,0,-409.921,-196.628,16.2776,0.447204,3.269,0.110334,1.70565,0.996245,NN_Adam
0,0,0,0,0,469.666,34.1689,188.143,0.0724417,5.66817,1.38509,0.968967,2.89142,NN_Adam
0,0,0,0,0,-233.994,150.539,165.132,2.56957,0.532499,0.928428,5.28404,1.75357,NN_Adam
0,0,0,0,0,-103.018,-2.29416,558.283,3.16385,0.49161,1.00273,2.00771,3.33779,NN_Adam
0,0,0,0,0,-100.828,-323.99,455.55,1.26904,2.08467,0.233425,2.0445,2.04068,NN_Adam
0,0,0,0,0,-420.722,234.593,175.061,2.63279,6.01437,1.16084,0.513052,0.999488,NN_Adam
0,0,0,0,0,-361.503,-174.55,301.367,3.59137,0.433602,1.02559,6.18613,0.458783,NN_Adam
0,0,0,0,0,-27.5676,172.089,285.325,1.72921,0.355369,4.12908,4.81779,6.17791,NN_Adam
0,0,0,0,0,-423.358,-239.485,322.968,3.65637,0.0441077,0.765684,1.09486,3.41488,NN_Adam
0,0,0,0,0,-317.937,214.391,174.371,2.54824,0.481838,0.566188,5.96927,6.07848,NN_Adam
0,0,0,0,0,-239.334,199.742,439.245,2.44601,1.12145,0.488869,0.0418837,2.03274,NN_Adam
0,0,0,0,0,54.158,-150.77,480.617,1.91548,0.941812,1.56551,1.574,6.01895,NN_Adam
0,0,0,0,0,121.936,-419.842,351.738,4.99492,6.16996,0.430436,2.22923,2.3339,NN_Adam
0,0,0,0,0,183.848,430.56,269.421,1.16719,0.885458,5.0254,2.18164,2.83862,NN_Adam
0,0,0,0,0,-189.415,465.999,169.673,1.9567,5.83091,0.4185,2.05632,0.486989,NN_Adam
0,0,0,0,0,-156.156,312.187,29.823,2.0345,4.57715,1.45789,2.14426,0.164514,NN_Adam
0,0,0,0,0,-218.274,-79.3998,260.041,3.49063,5.55748,3.09639,6.07769,1.26648,NN_Adam
0,0,0,0,0,62.6656,466.556,265.386,1.43721,0.627549,0.0733725,0.591387,2.05852,NN_Adam
0,0,0,0,0,-7.29492,40.7949,164.452,1.74792,4.63963,1.5485,3.79148,1.6879,NN_Adam
0,0,0,0,0,-287.987,-281.339,98.8373,3.91518,5.52001,1.95094,0.072993,1.08158,NN_Adam
0,0,0,0,0,-27.1808,-155.345,179.432,4.53914,1.46118,5.60757,5.55378,5.26321,NN_Adam
0,0,0,0,0,-345.378,163.12,266.489,2.70021,6.27516,1.75146,6.05415,0.999488,NN_Adam
0,0,0,0,0,-204.136,199.652,422.08,2.36696,1.16636,4.5632,3.33435,6.17791,NN_Adam
0,0,0,0,0,-352.541,66.399,110.632,6.0969,2.85734,5.86787,3.14381,3.84344,NN_Adam
0,0,0,0,0,-30.7955,341.134,211.963,1.66075,6.22625,2.06545,5.62023,4.84654,NN_Adam
0,0,0,0,0,-9.38537,179.479,62.0017,4.76439,5.21107,3.25531,2.80549,0.353671,NN_Adam
0,0,0,0,0,65.2053,-272.623,65.0883,1.80533,2.11262,2.35546,0.638478,1.73232,NN_Adam
0,0,0,0,0,-336.442,365.829,106.644,2.31426,5.66402,0.444066,2.0886,0.999488,NN_Adam
0,0,0,0,0,102.281,288.469,74.2395,1.22992,1.33862,4.68838,0.768928,1.11678,NN_Adam
0,0,0,0,0,-239.902,-57.8023,363.003,3.37786,0.925136,1.44703,5.47379,0.988303,NN_Adam
0,0,0,0,0,348.281,-41.309,207.3,3.02331,2.39733,1.8122,0.157199,2.71482,NN_Adam
0,0,0,0,0,92.3943,-436.66,404.533,4.92086,0.186397,0.309971,1.9316,2.3339,NN_Adam
0,0,0,0,0,-331.375,-276.89,196.829,3.83761,5.76978,1.73394,0.346159,1.08158,NN_Adam
0,0,0,0,0,413.6,-177.245,227.194,2.7366,2.63118,0.287698,1.91024,2.71482,NN_Adam
0,0,0,0,0,-186.004,169.273,160.349,2.40311,4.36552,1.84209,2.53806,0.164514,NN_Adam
0,0,0,0,0,-323.606,8.74979,533.813,3.11448,0.555754,0.253517,2.02376,0.390971,NN_Adam
0,0,0,0,0,162.005,-340.333,181.324,5.15655,0.867691,6.08744,0.0154182,2.87431,NN_Adam
0,0,0,0,0,-44.3767,532.838,154.533,1.65372,6.10214,0.161879,1.76561,0.458874,NN_Adam
0,0,0,0,0,-41.9797,298.917,577.681,1.7103,0.97326,0.0324321,1.60999,5.36892,NN_Adam
0,0,0,0,0,309.282,294.404,293.878,0.76059,0.209222,5.57764,3.03266,5.4464,NN_Adam
0,0,0,0,0,-48.4678,-3.00099,585.014,3.20292,0.733202,0.942897,1.86905,3.33779,NN_Adam
0,0,0,0,0,-39.5047,-274.289,276.75,4.56901,2.31976,3.85939,1.81414,0.341132,NN_Adam
0,0,0,0,0,-32.6409,486.189,287.076,1.63778,6.24294,0.919514,0.886684,2.05852,NN_Adam
0,0,0,0,0,-70.326,91.3213,449.659,2.22699,6.08666,1.6349,2.11747,3.33779,NN_Adam
0,0,0,0,0,-104.17,424.485,326.36,1.8113,5.89911,1.09064,1.62424,0.486989,NN_Adam
0,0,0,0,0,-373.253,252.966,154.326,2.54582,6.01249,1.35688,0.153002,0.999488,NN_Adam
0,0,0,0,0,49.7995,-124.562,324.121,1.95104,0.376569,1.97665,2.24707,6.01895,NN_Adam
0,0,0,0,0,83.167,296.831,323.792,1.29755,1.88757,3.9745,2.39164,2.83862,NN_Adam
0,0,0,0,0,-279.719,100.77,293.113,2.7956,0.89746,3.95474,3.81858,6.17791,NN_Adam
0,0,0,0,0,36.5067,-190.55,78.3766,4.90143,1.05931,5.28275,5.99384,5.26321,NN_Adam
0,0,0,0,0,-377.053,-66.4724,361.828,0.17442,2.10222,0.576338,1.93674,1.88987,NN_Adam
0,0,0,0,0,-431.421,56.9828,332.92,3.01023,6.05709,0.5338,2.23573,2.06914,NN_Adam
0,0,0,0,0,21.8489,-68.18,215.087,1.88079,3.76299,2.30318,3.89086,6.22657,NN_Adam
0,0,0,0,0,-387.352,7.22743,117.802,6.26445,2.99774,5.70363,2.99783,3.84344,NN_Adam
0,0,0,0,0,-101.46,341.563,39.4786,5.00101,2.54973,0.719658,2.39107,2.53861,NN_Adam
0,0,0,0,0,397.838,226.709,73.1286,3.6595,3.02014,0.223252,1.84026,4.3676,NN_Adam
0,0,0,0,0,-8.2732,-122.827,388.45,1.50348,0.444691,1.8791,2.02995,6.01895,NN_Adam
0,0,0,0,0,11.8109,342.7,379.904,1.5362,0.807397,4.87384,3.30927,6.17791,NN_Adam
0,0,0,0,0,-60.6689,-10.8941,337.956,0.177877,2.39287,1.66506,4.88303,0.0907237,NN_Adam
0,0,0,0,0,-412.541,253.797,114.541,2.58981,5.97188,1.04829,0.47733,1.75357,NN_Adam
0,0,0,0,0,369.952,-287.863,124.008,5.62181,5.66631,0.240175,2.51173,0.00805729,NN_Adam
0,0,0,0,0,-37.9314,112.827,198.861,1.89503,4.53348,1.65957,3.32727,1.6879,NN_Adam
0,0,0,0,0,-187.263,-253.699,72.2927,0.934738,2.19125,2.10148,0.783316,0.324958,NN_Adam
0,0,0,0,0,-69.3354,-367.86,320.023,1.38432,3.53798,5.12485,1.63435,1.34452,NN_Adam
0,0,0,0,0,-298.669,373.334,286.346,2.24556,0.215567,0.754622,0.576166,0.572269,NN_Adam
0,0,0,0,0,326.655,-203.647,252.759,2.5841,2.30546,1.47335,0.599564,2.71482,NN_Adam
0,0,0,0,0,39.5414,409.44,129.679,1.47441,0.0264449,1.08972,6.02198,1.38371,NN_Adam
0,0,0,0,0,-108.148,131.316,101.941,2.25975,3.8324,1.68067,3.08728,0.164514,NN_Adam
0,0,0,0,0,-354.97,-172.737,297.929,3.59433,0.45746,1.02756,6.127,0.458783,NN_Adam
0,0,0,0,0,-146.844,-410.653,103.57,4.36886,0.0905153,0.702136,6.27711,0.291986,NN_Adam
0,0,0,0,0,66.0611,-460.436,400.973,4.85448,0.32856,0.166169,1.77268,2.3339,NN_Adam
0,0,0,0,0,-206.505,88.9579,561.171,2.73477,1.81673,5.16249,1.82696,5.93834,NN_Adam
0,0,0,0,0,344.205,-258.735,94.0581,2.4969,2.73198,1.07514,1.04949,0.246225,NN_Adam
0,0,0,0,0,-94.1852,-102.836,303.417,0.829204,2.17418,4.28278,4.51318,2.27078,NN_Adam
0,0,0,0,0,-199.159,-168.178,430.411,0.701178,1.51456,1.69971,0.808012,1.88987,NN_Adam
0,0,0,0,0,101.985,167.613,176.244,1.02404,4.66188,1.39802,3.18257,1.14695,NN_Adam
0,0,0,0,0,247.505,345.723,79.7916,0.949315,0.854758,4.5815,2.02553,1.11678,NN_Adam
0,0,0,0,0,-45.7684,-92.1521,491.37,1.10969,0.704118,1.62045,1.65363,6.01895,NN_Adam
0,0,0,0,0,55.8782,-126.52,428.388,1.98663,0.644355,1.78232,1.80883,6.01895,NN_Adam
0,0,0,0,0,-390.868,-205.82,384.63,3.62603,0.0409982,0.407774,2.03911,3.41488,NN_Adam
0,0,0,0,0,-63.7821,523.595,97.2315,1.69194,5.91784,0.220362,1.83142,5.31042,NN_Adam
0,0,0,0,0,-118.369,401.806,48.1865,4.99875,2.81739,0.422263,2.1415,2.53861,NN_Adam
0,0,0,0,0,11.2485,38.5681,331.075,4.42856,2.36205,1.6689,4.79737,0.0907237,NN_Adam
0,0,0,0,0,180.05,-248.488,137.108,2.19764,1.79029,2.08178,1.17299,5.01784,NN_Adam
0,0,0,0,0,-180.883,191.919,517.52,2.32649,1.28613,0.373375,0.323832,2.03274,NN_Adam
0,0,0,0,0,-416.537,75.929,134.947,2.96094,0.0731454,0.961131,6.12185,1.75357,NN_Adam
0,0,0,0,0,-445.596,-5.83519,414.737,3.15434,0.369634,0.615902,1.05822,6.25163,NN_Adam
0,0,0,0,0,-433.646,-254.798,67.3496,3.67256,5.78761,0.89791,0.894391,0.98026,NN_Adam
0,0,0,0,0,93.679,-129.899,394.694,2.19541,0.684745,1.78901,1.92924,6.01895,NN_Adam
0,0,0,0,0,356.624,-150.507,47.9293,2.74215,3.41645,0.813644,0.190282,3.16442,NN_Adam
0,0,0,0,0,-153.797,-435.421,244.429,4.37278,0.58006,0.185041,0.423079,0.191397,NN_Adam
0,0,0,0,0,-423.432,-173.141,270.835,3.52952,0.239056,0.878671,0.294891,0.458783,NN_Adam
0,0,0,0,0,-228.173,211.297,68.5175,2.39448,4.4885,1.47168,2.45276,0.164514,NN_Adam
0,0,0,0,0,277.802,434.098,190.731,1.00135,6.06956,0.786347,1.01277,5.73413,NN_Adam
0,0,0,0,0,153.195,106.192,242.923,0.605981,4.94113,1.56405,2.98103,0.786399,NN_Adam
0,0,0,0,0,313.285,214.209,39.843,3.74122,2.65616,0.588612,2.33164,4.3676,NN_Adam
0,0,0,0,0,-160.881,342.327,406.88,2.00997,1.17256,6.15621,0.525662,1.23374,NN_Adam
0,0,0,0,0,88.0975,-155.064,104.342,5.22905,1.17248,5.31017,5.86497,5.26321,NN_Adam
0,0,0,0,0,25.2992,-258.939,364.916,1.66798,3.70488,4.96129,1.05786,1.34452,NN_Adam
0,0,0,0,0,-427.752,-216.918,212.686,3.61083,5.82671,0.467401,2.21467,0.384745,NN_Adam
0,0,0,0,0,127.311,365.997,397.792,1.23592,0.079786,0.159989,2.57916,2.53824,NN_Adam
0,0,0,0,0,-364.505,-144.668,22.5958,0.377709,2.64523,0.956348,1.79963,0.996245,NN_Adam
0,0,0,0,0,225.817,-250.026,419.271,5.44648,1.50859,4.56972,2.50511,0.586595,NN_Adam
0,0,0,0,0,286.341,-423.5,144.213,5.30674,5.95686,0.874809,0.913232,6.0557,NN_Adam
0,0,0,0,0,-9.55673,-53.945,177.651,1.3955,0.609841,4.01938,6.00728,3.18951,NN_Adam
0,0,0,0,0,17.9975,-173.159,96.3866,4.81577,1.17344,5.23925,5.90833,5.26321,NN_Adam
0,0,0,0,0,-372.158,6.6725,409.103,6.26498,2.16877,0.310765,1.99541,1.88987,NN_Adam
0,0,0,0,0,296.154,-246.383,468.796,5.58906,0.28636,0.380696,2.00891,0.586595,NN_Adam
0,0,0,0,0,-368.808,286.496,207.114,2.4809,6.18035,1.15974,0.321279,0.999488,NN_Adam
0,0,0,0,0,-170.253,-297.819,62.0466,1.05124,2.33355,1.86359,0.889901,0.324958,NN_Adam
0,0,0,0,0,-159.864,111.194,320.72,2.53356,0.788063,3.29372,4.69035,6.17791,NN_Adam
0,0,0,0,0,-356.282,-139.565,296.874,3.51482,0.483322,1.06856,6.03615,0.458783,NN_Adam
0,0,0,0,0,19.7949,-24.842,160.819,2.2435,4.19967,1.83859,3.96909,6.22657,NN_Adam
0,0,0,0,0,-423.066,117.292,411.413,2.87113,0.185261,0.325412,1.9554,2.06914,NN_Adam
0,0,0,0,0,-36.1454,-169.675,542.868,1.36069,1.27918,1.0998,1.54597,6.01895,NN_Adam
0,0,0,0,0,-290.606,328.998,320.736,2.29412,0.445434,0.750304,0.28846,0.572269,NN_Adam
0,0,0,0,0,-298.716,-372.841,42.2493,4.03688,5.83569,0.987961,0.514784,0.291986,NN_Adam
0,0,0,0,0,-1.20543,-439.801,141.786,4.70952,5.57647,0.338344,2.66284,2.3339,NN_Adam
0,0,0,0,0,-48.5571,526.569,166.762,1.6627,6.04862,0.227933,1.84095,0.458874,NN_Adam
0,0,0,0,0,440.397,90.797,150.781,3.34482,2.72097,0.353866,1.95791,5.88884,NN_Adam
0,0,0,0,0,-42.0924,71.6673,76.8064,2.10127,5.9729,1.32939,4.37931,0.914063,NN_Adam
0,0,0,0,0,15.3821,322.117,375.062,1.5229,0.824452,4.7539,3.46239,6.17791,NN_Adam
0,0,0,0,0,193.969,-262.638,546.179,5.34847,0.653381,0.236043,1.84876,0.596705,NN_Adam
0,0,0,0,0,339.297,300.232,248.893,0.724255,0.152503,5.54339,2.93894,5.4464,NN_Adam
0,0,0,0,0,-113.779,262.607,442.461,1.97931,1.51713,6.13096,0.244767,1.23374,NN_Adam
0,0,0,0,0,-34.1812,256.188,212.875,1.70309,0.4353,3.01754,4.59472,4.84654,NN_Adam
0,0,0,0,0,311.198,-431.779,136.644,5.33685,6.02941,0.193117,1.8011,6.0557,NN_Adam
0,0,0,0,0,377.935,255.982,17.7906,3.73704,3.28262,0.122124,1.64575,4.3676,NN_Adam
0,0,0,0,0,-113.053,146.015,69.1392,2.22926,3.78284,1.66908,2.9566,0.164514,NN_Adam
0,0,0,0,0,-169.185,-99.8582,469.122,0.533031,1.09499,1.49488,1.57332,0.873547,NN_Adam
0,0,0,0,0,-157.04,-182.477,186.413,0.859788,4.61624,4.6927,0.726198,0.721104,NN_Adam
0,0,0,0,0,249.315,-276.789,343.515,5.44549,0.62578,0.956796,6.13604,5.34562,NN_Adam
0,0,0,0,0,-446.337,35.5645,162.499,3.06197,0.00327257,1.04318,0.0368751,1.75357,NN_Adam
0,0,0,0,0,-73.8162,-208.201,158.253,4.37153,5.30427,3.47652,5.62999,1.26648,NN_Adam
0,0,0,0,0,-214.24,-455.19,314.04,4.27242,0.102401,0.197553,1.80805,1.21809,NN_Adam
0,0,0,0,0,-235.879,170.057,186.674,2.51695,0.551044,1.02956,5.32629,1.75357,NN_Adam
0,0,0,0,0,-375.404,95.3864,441.792,2.8926,0.409211,1.02273,0.61355,2.39757,NN_Adam
0,0,0,0,0,111.413,40.8631,251.132,0.351223,5.00435,1.67249,3.14239,1.14695,NN_Adam
0,0,0,0,0,-195.392,157.451,71.3345,2.46321,4.20596,1.55297,2.72103,0.164514,NN_Adam
0,0,0,0,0,305.03,218.156,238.674,0.620572,5.41948,2.13976,0.672213,1.59582,NN_Adam
0,0,0,0,0,-81.4351,193.059,240.765,1.96992,4.474,2.14458,2.40114,0.486989,NN_Adam
0,0,0,0,0,-305.784,-266.616,381.131,0.717004,2.3904,0.216734,1.82767,1.46502,NN_Adam
0,0,0,0,0,268.322,270.29,200.555,0.788877,6.08323,5.60748,3.48948,5.4464,NN_Adam
0,0,0,0,0,84.3513,364.666,87.2275,1.34346,1.14857,4.80453,1.09131,1.11678,NN_Adam
0,0,0,0,0,-26.205,4.5378,243.207,6.11065,2.77274,1.46007,4.44719,0.0907237,NN_Adam
0,0,0,0,0,275.413,-301.271,397.144,5.45275,0.415258,0.985648,0.423276,5.34562,NN_Adam
0,0,0,0,0,-25.3514,-130.347,10.3819,1.37853,5.66673,3.16874,2.75582,0.353671,NN_Adam
0,0,0,0,0,-332.682,294.378,125.189,2.41705,6.0198,1.30982,0.0549737,0.999488,NN_Adam
0,0,0,0,0,-158.349,74.7951,445.346,2.70021,0.942519,1.84103,5.68574,0.988303,NN_Adam
0,0,0,0,0,-47.0752,191.908,610.823,1.81097,0.949073,0.157688,1.96974,5.36892,NN_Adam
0,0,0,0,0,-45.7925,-119.386,391.85,1.2044,0.496109,1.82444,2.05266,6.01895,NN_Adam
0,0,0,0,0,-101.927,486.788,62.0491,1.77715,5.60581,0.429043,2.02953,5.31042,NN_Adam
0,0,0,0,0,-276.878,-189.638,222.698,0.600411,4.10817,4.92552,1.18888,0.721104,NN_Adam
0,0,0,0,0,343.583,351.824,248.257,0.796775,6.18142,0.966904,0.770789,5.73413,NN_Adam
0,0,0,0,0,-136.783,-200.32,215.614,0.971631,4.49021,4.69195,0.774478,0.721104,NN_Adam
0,0,0,0,0,-242.99,234.079,322.86,2.37481,0.976338,4.2988,3.41613,6.17791,NN_Adam
0,0,0,0,0,131.495,-408.947,310.135,5.0235,5.96807,0.522706,2.36506,2.3339,NN_Adam
0,0,0,0,0,213.112,-260.105,325.287,2.25701,3.56008,4.60806,2.28105,0.247987,NN_Adam
0,0,0,0,0,-273.477,-406.462,315.73,4.12009,6.26644,0.309843,1.93145,1.21809,NN_Adam
0,0,0,0,0,-353.928,198.159,485.914,2.63114,0.578001,0.131825,1.73038,2.39757,NN_Adam
0,0,0,0,0,-528.626,-47.5934,131.216,3.23133,6.0007,0.208236,1.81814,1.99764,NN_Adam
0,0,0,0,0,-66.3964,-276.053,488.565,1.33459,2.86893,5.20661,2.03639,1.34452,NN_Adam
0,0,0,0,0,18.1312,-107.749,58.9532,1.73758,5.89138,2.82115,2.85065,0.353671,NN_Adam
0,0,0,0,0,-258.651,-128.412,55.5502,0.460697,2.10704,1.32757,2.30011,0.996245,NN_Adam
0,0,0,0,0,-254.825,444.452,231.699,2.09082,6.14633,0.75457,1.07977,6.07848,NN_Adam
0,0,0,0,0,-416.245,-318.837,42.9995,3.79507,5.92143,0.377146,1.31684,0.444879,NN_Adam
0,0,0,0,0,58.439,-341.284,301.935,1.7402,3.73929,5.10058,1.27539,1.34452,NN_Adam
0,0,0,0,0,101.405,-459.694,380.919,4.9294,0.221186,0.218939,1.84496,2.3339,NN_Adam
0,0,0,0,0,-56.909,-293.897,193.021,1.37938,1.56972,1.73338,1.82113,6.03257,NN_Adam
0,0,0,0,0,34.1896,110.914,180.4,1.27182,3.36232,4.29211,6.17911,1.68825,NN_Adam
0,0,0,0,0,107.029,-445.699,420.451,4.94796,0.458054,0.0931588,1.68402,2.3339,NN_Adam
0,0,0,0,0,222.334,-303.533,196.384,2.20289,3.8404,4.615,2.36522,0.247987,NN_Adam
0,0,0,0,0,-453.349,125.198,55.054,2.87194,5.65918,1.24911,0.566205,4.41349,NN_Adam
0,0,0,0,0,196.25,49.8075,248.48,0.248481,4.76823,3.22563,0.457951,0.955645,NN_Adam
0,0,0,0,0,-238.648,-107.178,443.291,0.421956,1.57947,0.606634,2.38226,1.88987,NN_Adam
0,0,0,0,0,-270.79,-51.8123,198.138,3.33038,1.67961,3.36052,2.92834,3.28783,NN_Adam
0,0,0,0,0,-520.056,-98.4111,179.803,3.32856,6.09039,0.214739,1.82645,0.721104,NN_Adam
0,0,0,0,0,-148.166,-207.716,473.886,0.95107,1.55005,0.693713,2.15762,6.01895,NN_Adam
0,0,0,0,0,-110.678,430.798,89.1716,4.96373,2.83966,0.35753,1.97366,2.53861,NN_Adam
0,0,0,0,0,502.816,-41.9257,115.22,6.19981,5.72628,0.417178,2.03283,2.89142,NN_Adam
0,0,0,0,0,26.8052,472.43,380.178,1.51407,0.237814,0.206005,1.81815,5.90084,NN_Adam
0,0,0,0,0,-477.688,77.3466,157.233,2.98088,5.79759,1.25829,0.743649,5.86949,NN_Adam
0,0,0,0,0,-318.095,-29.7357,259.817,0.0931151,1.74304,1.04227,2.33805,1.88987,NN_Adam
0,0,0,0,0,396.43,-254.605,292.535,5.71223,0.00584063,1.04193,0.650413,2.71482,NN_Adam
0,0,0,0,0,-76.1055,-478.481,299.446,4.55398,0.455123,0.333649,0.728392,0.191397,NN_Adam
0,0,0,0,0,-237.063,8.2405,600.223,3.10631,1.38224,5.74644,1.89113,5.93834,NN_Adam
0,0,0,0,0,65.2339,-333.091,81.4162,1.76412,2.31306,1.95524,0.713151,1.73232,NN_Adam
0,0,0,0,0,-120.439,108.871,120.86,2.40641,0.368132,1.2021,4.64192,0.914063,NN_Adam
0,0,0,0,0,-300.039,-174.725,357.416,0.527258,1.79878,1.31636,1.33718,1.88987,NN_Adam
0,0,0,0,0,-29.1005,217.199,184.959,1.70388,2.85013,3.82215,0.912997,1.68825,NN_Adam
0,0,0,0,0,-278.471,-133.451,563.538,3.58853,0.756335,0.190414,1.79631,5.93834,NN_Adam
0,0,0,0,0,-36.2942,444.304,420.826,1.65225,0.301825,0.235436,1.85031,5.90084,NN_Adam
0,0,0,0,0,186.071,-352.982,296.809,5.19731,0.853408,0.221527,0.090601,2.87431,NN_Adam
0,0,0,0,0,5.84033,-273.438,244.094,1.59189,4.1889,4.95039,0.759984,1.34452,NN_Adam
0,0,0,0,0,-302.979,-176.708,135.288,3.6695,5.41876,2.42372,6.16196,1.26648,NN_Adam
0,0,0,0,0,-50.3506,221.755,191.404,1.7938,0.655473,2.30243,4.54517,4.84654,NN_Adam
0,0,0,0,0,-17.7433,6.82329,416.785,2.77436,0.36788,0.890912,3.04884,3.09063,NN_Adam
0,0,0,0,0,-511.913,162.893,209.963,2.83345,0.0994193,0.0204253,1.59537,5.86949,NN_Adam
0,0,0,0,0,-340.771,228.519,403.596,2.5507,0.0859184,0.281385,2.31187,2.06914,NN_Adam
0,0,0,0,0,-324.951,-91.2346,426.534,0.273601,1.9457,1.10544,1.05937,1.88987,NN_Adam
0,0,0,0,0,71.4144,-310.59,241.179,1.79667,1.60256,1.64565,1.67816,6.03257,NN_Adam
0,0,0,0,0,-121.107,-275.578,414.852,1.15658,1.68331,0.725742,2.19465,6.01895,NN_Adam
0,0,0,0,0,316.064,-103.487,183.773,2.82514,3.57059,4.35476,3.22326,6.22657,NN_Adam
0,0,0,0,0,330.268,-179.076,352.627,2.64438,2.40804,1.03568,0.55628,2.38395,NN_Adam
0,0,0,0,0,-436.406,-31.2157,124.164,3.21298,5.29695,0.918244,2.19833,0.82735,NN_Adam
0,0,0,0,0,-102.551,-266.575,570.191,4.34488,0.722138,0.254334,1.88166,0.165034,NN_Adam
0,0,0,0,0,-134.842,92.1638,489.646,2.54194,6.25314,1.47107,1.89442,3.33779,NN_Adam
0,0,0,0,0,152.293,36.5383,17.9328,3.37696,5.37503,3.24777,2.87001,0.353671,NN_Adam
0,0,0,0,0,206.413,-455.156,197.317,5.13775,6.18462,0.868596,0.66939,1.80074,NN_Adam
0,0,0,0,0,73.173,103.374,7.88741,4.09626,5.53285,3.12072,2.96791,0.353671,NN_Adam
0,0,0,0,0,84.6119,132.285,63.7461,4.14319,5.39006,3.11072,2.82337,0.353671,NN_Adam
0,0,0,0,0,300.073,-382.951,195.019,5.377,5.79508,0.495407,2.14605,6.0557,NN_Adam
0,0,0,0,0,-27.0996,120.857,171.366,1.79131,4.3945,1.5443,3.4295,1.6879,NN_Adam
0,0,0,0,0,331.358,209.756,93.3816,3.7058,2.56827,0.503459,2.38251,4.3676,NN_Adam
0,0,0,0,0,-12.9126,-5.867,111.84,0.426205,0.191354,1.95815,3.51826,0.353671,NN_Adam
0,0,0,0,0,-89.9701,52.5211,110.216,2.6127,0.0840904,1.17862,4.41234,0.914063,NN_Adam
0,0,0,0,0,-390.703,104.622,70.4149,2.87983,5.69869,1.72151,6.16706,4.41349,NN_Adam
0,0,0,0,0,3.53936,-341.239,228.513,1.58097,4.02626,5.08365,1.06108,1.34452,NN_Adam
0,0,0,0,0,215.322,-114.814,281.292,5.79337,5.06891,2.82571,0.686512,0.955645,NN_Adam
0,0,0,0,0,-347.542,58.8831,440.571,2.97363,6.16991,1.15965,1.62816,1.11345,NN_Adam
0,0,0,0,0,16.7267,-209.484,218.135,4.79199,1.56198,5.67753,5.79393,5.26321,NN_Adam
0,0,0,0,0,137.961,-168.271,295.962,2.25737,2.62253,4.38856,4.06576,2.27078,NN_Adam
0,0,0,0,0,-192.158,-149.753,510.407,0.661688,1.71503,0.273525,2.31358,0.906681,NN_Adam
0,0,0,0,0,201.305,244.241,273.009,0.881324,0.103407,2.17749,5.60791,4.84654,NN_Adam
0,0,0,0,0,-264.798,-115.283,35.6253,0.410359,2.18287,1.32821,2.25821,0.996245,NN_Adam
0,0,0,0,0,-397.195,339.079,107.848,2.4347,5.91922,0.677637,1.13881,0.999488,NN_Adam
0,0,0,0,0,-214.943,8.35772,180.766,6.24422,1.0881,2.75437,0.945721,0.906191,NN_Adam
0,0,0,0,0,-419.531,85.8922,199.044,2.93951,5.69543,1.7863,0.428252,5.86949,NN_Adam
0,0,0,0,0,-125.969,87.0024,631.224,2.53678,1.08919,0.197669,1.80618,3.33779,NN_Adam
0,0,0,0,0,70.6227,-56.9564,153.155,2.46303,4.01635,2.07674,4.13736,6.22657,NN_Adam
0,0,0,0,0,268.5,-364.88,290.034,5.34665,6.15744,1.30025,0.570933,5.34562,NN_Adam
0,0,0,0,0,-258.186,184.954,63.0864,2.51988,0.222709,0.566839,5.67053,1.75357,NN_Adam
0,0,0,0,0,220.663,170.186,46.5449,0.65679,4.59911,2.81976,0.11244,1.59582,NN_Adam
0,0,0,0,0,353.053,160.159,199.081,0.425707,5.14743,1.51025,1.91444,2.76285,NN_Adam
0,0,0,0,0,-54.9722,-368.478,92.8925,1.4225,2.35243,0.937269,2.14732,1.72265,NN_Adam
0,0,0,0,0,-248.336,277.087,341.727,2.30148,1.07043,0.0661598,0.136665,2.03274,NN_Adam
0,0,0,0,0,-392.651,-195.544,238.012,3.60357,0.24056,0.953139,0.0421373,0.458783,NN_Adam
0,0,0,0,0,-293.595,-227.244,38.6332,3.80018,0.088471,0.56027,5.99259,0.954884,NN_Adam
0,0,0,0,0,87.5569,235.67,241.334,1.21484,0.321832,3.66427,4.60481,6.17791,NN_Adam
0,0,0,0,0,-496.824,78.7065,282.801,2.98443,6.21468,0.292758,1.91073,0.322384,NN_Adam
0,0,0,0,0,-353.573,134.863,123.152,2.77706,0.23657,0.805375,5.86232,1.75357,NN_Adam
0,0,0,0,0,-89.0549,-47.3904,144.791,0.48904,5.72978,2.52708,2.94665,5.50527,NN_Adam
0,0,0,0,0,-424.169,-98.9698,237.323,3.37071,0.32901,0.822802,0.0264696,0.458783,NN_Adam
0,0,0,0,0,-208.47,302.279,156.487,2.17443,0.587822,0.300286,5.97928,6.07848,NN_Adam
0,0,0,0,0,403.537,-159.698,26.5889,2.7647,3.07696,0.821823,0.987476,3.16442,NN_Adam
0,0,0,0,0,242.543,-433.944,133.327,5.22189,5.70293,0.478268,2.0743,6.0557,NN_Adam
0,0,0,0,0,187.165,-370.468,72.9106,2.03856,2.6827,0.556928,2.11041,4.79934,NN_Adam
0,0,0,0,0,372.585,-236.629,1.80577,5.71728,5.27177,0.471569,2.3686,5.00623,NN_Adam
0,0,0,0,0,153.26,-214.441,516.151,5.33272,0.416771,0.304823,2.4766,5.13599,NN_Adam
0,0,0,0,0,-184.881,57.2039,240.153,2.84122,1.07605,2.32746,4.41199,0.988303,NN_Adam
0,0,0,0,0,-277.152,89.7088,546.736,2.82823,0.697143,0.887715,0.84794,0.988303,NN_Adam
0,0,0,0,0,-258.679,342.796,318.847,2.21702,0.474329,0.774349,0.197741,0.572269,NN_Adam
0,0,0,0,0,-226.554,177.027,104.848,2.47823,4.40862,1.64481,2.478,0.164514,NN_Adam
0,0,0,0,0,127.471,-445.408,201.718,4.99116,0.514055,0.161296,0.386757,2.87431,NN_Adam
0,0,0,0,0,-66.542,-10.2249,406.185,3.29431,1.35066,2.42764,5.12125,0.988303,NN_Adam
0,0,0,0,0,129.407,19.1794,141.349,3.28872,4.14658,2.53705,3.97115,6.22657,NN_Adam
0,0,0,0,0,-77.9886,-10.2115,283.011,0.129799,2.75423,1.78935,4.6276,0.0907237,NN_Adam
0,0,0,0,0,-256.808,284.489,425.171,2.30492,1.01559,0.15827,0.49776,2.03274,NN_Adam
0,0,0,0,0,378.804,329.675,5.81241,0.716111,5.64794,0.286908,1.90371,5.4464,NN_Adam
0,0,0,0,0,173.133,466.306,242.419,1.21525,6.14503,0.93508,0.86625,1.38371,NN_Adam
0,0,0,0,0,-114.876,384.392,250.817,1.861,5.38757,1.54935,1.63271,0.486989,NN_Adam
0,0,0,0,0,13.0682,-220.807,194.045,4.77141,1.47503,5.59605,5.86256,5.26321,NN_Adam
0,0,0,0,0,-214.581,340.818,203.338,2.13261,0.205437,1.15045,5.98243,6.07848,NN_Adam
0,0,0,0,0,-156.623,-69.5019,542.662,3.55919,2.18052,5.05363,1.43734,5.93834,NN_Adam
0,0,0,0,0,38.5386,126.367,32.3972,4.41631,5.52122,3.05309,2.94602,0.353671,NN_Adam
0,0,0,0,0,152.671,467.341,354.776,1.255,0.261761,0.134455,1.73439,2.53824,NN_Adam
0,0,0,0,0,111.368,-448.546,355.386,4.95571,6.27861,0.38897,2.00233,2.3339,NN_Adam
0,0,0,0,0,367.598,199.005,131.02,3.63769,2.57543,0.463436,2.21913,4.3676,NN_Adam
0,0,0,0,0,-343.594,161.138,138.951,2.70282,0.289379,0.788613,5.86936,1.75357,NN_Adam
0,0,0,0,0,308.215,316.82,40.6459,3.9408,2.98859,0.312379,1.93375,4.3676,NN_Adam
0,0,0,0,0,435.223,-5.92882,71.4799,3.12779,2.79959,0.483612,1.94999,5.88884,NN_Adam
0,0,0,0,0,171.946,-485.114,290.29,5.05296,0.106965,0.150433,1.75175,2.3339,NN_Adam
0,0,0,0,0,412.244,213.793,80.8538,3.61997,3.0784,0.160782,1.76585,4.3676,NN_Adam
0,0,0,0,0,-299.495,-133.485,232.85,3.56054,5.71934,2.50839,6.10801,1.26648,NN_Adam
0,0,0,0,0,-427.721,325.106,114.355,2.49162,6.09485,0.102027,1.69388,0.999488,NN_Adam
0,0,0,0,0,140.419,21.11,216.424,0.148832,4.81228,1.54481,3.25718,1.14695,NN_Adam
0,0,0,0,0,462.879,20.6366,91.3201,3.1861,3.02233,0.190238,1.80099,5.88884,NN_Adam
0,0,0,0,0,227.008,-430.919,78.877,5.19703,5.57923,0.423993,2.17519,6.0557,NN_Adam
0,0,0,0,0,25.3058,-332.057,76.2379,1.64659,2.24221,1.06863,2.29347,1.72265,NN_Adam
0,0,0,0,0,276.941,-202.047,421.935,5.65266,1.54354,4.63559,2.33811,0.586595,NN_Adam
0,0,0,0,0,-467.943,-61.4989,47.1494,3.27217,6.0871,0.711724,0.37746,0.721104,NN_Adam
0,0,0,0,0,14.1052,-327.385,231.239,1.61364,1.6693,1.64605,1.61222,6.03257,NN_Adam
0,0,0,0,0,307.565,249.149,118.076,0.680804,5.99694,5.36513,3.47937,5.4464,NN_Adam
0,0,0,0,0,303.189,-374.695,183.056,5.39255,5.74257,0.507064,2.19064,6.0557,NN_Adam
0,0,0,0,0,399.469,344.707,163.801,0.711834,6.02748,0.241279,1.85442,5.4464,NN_Adam
0,0,0,0,0,-53.9275,342.244,412.172,1.72683,1.28131,6.1778,0.357563,1.23374,NN_Adam
0,0,0,0,0,-442.36,214.073,351.885,2.69083,0.231155,0.155787,1.75933,0.999488,NN_Adam
0,0,0,0,0,-513.352,-54.5064,213.967,3.24732,6.0571,0.305926,1.9223,0.322384,NN_Adam
0,0,0,0,0,-301.667,-67.934,177.759,0.221346,2.53389,5.92984,3.4173,3.84344,NN_Adam
0,0,0,0,0,-344.959,349.823,346.32,2.34912,0.183541,0.187287,1.79581,0.572269,NN_Adam
0,0,0,0,0,73.9569,507.173,256.815,1.42597,6.26092,0.641763,1.11138,2.05852,NN_Adam
0,0,0,0,0,406.578,208.38,193.557,3.61516,2.72709,0.264535,1.88732,4.04251,NN_Adam
0,0,0,0,0,-524.548,33.4766,158.631,3.07778,5.99345,0.261283,1.87801,1.99764,NN_Adam
0,0,0,0,0,240.419,137.347,151.626,0.51886,4.84772,2.95627,0.157415,1.59582,NN_Adam
0,0,0,0,0,-138.777,129.622,73.2393,2.39025,3.75465,1.75005,2.88017,0.164514,NN_Adam
0,0,0,0,0,241.855,-164.723,270.497,2.5437,1.65321,2.19315,0.602657,1.09903,NN_Adam
0,0,0,0,0,-276.429,-159.801,406.998,0.52386,1.79389,1.40918,0.939749,1.88987,NN_Adam
0,0,0,0,0,12.3634,-268.062,175.196,1.61666,1.4139,1.90715,1.87324,6.03257,NN_Adam
0,0,0,0,0,124.595,-345.046,434.139,1.91715,2.80625,5.63197,1.95267,1.90659,NN_Adam
0,0,0,0,0,138.128,496.75,39.708,1.29954,5.77175,0.237311,1.86817,1.11678,NN_Adam
0,0,0,0,0,-280.312,412.437,84.1927,2.16743,5.74714,1.01479,0.879018,1.75357,NN_Adam
0,0,0,0,0,171.773,-397.421,397.701,5.12026,0.416476,0.775476,0.670258,5.34562,NN_Adam
0,0,0,0,0,340.79,-14.544,153.333,3.09887,3.62071,4.42729,3.20157,6.22657,NN_Adam
0,0,0,0,0,109.671,250.388,158.829,1.1577,0.161128,2.36355,4.89678,4.84654,NN_Adam
0,0,0,0,0,-254.585,265.577,188.742,2.33503,0.52518,0.638468,5.86361,6.07848,NN_Adam
0,0,0,0,0,-53.2601,284.878,556.138,1.75553,0.779372,0.752541,0.901593,5.36892,NN_Adam
0,0,0,0,0,132.976,36.0743,236.158,0.264872,4.90264,1.61322,3.16848,1.14695,NN_Adam
0,0,0,0,0,13.3697,-211.557,177.279,4.77543,1.43913,5.54367,5.84072,5.26321,NN_Adam
0,0,0,0,0,267.534,-145.48,172.872,2.64353,3.60317,4.13799,3.43552,6.22657,NN_Adam
0,0,0,0,0,-226.331,287.664,172.046,2.23728,0.619743,0.335534,5.96232,6.07848,NN_Adam
0,0,0,0,0,-381.693,-83.4892,282.67,3.35675,0.515209,0.918541,6.0712,0.458783,NN_Adam
0,0,0,0,0,346.313,-143.148,101.188,2.7495,3.40029,0.767753,0.0172651,3.16442,NN_Adam
0,0,0,0,0,198.846,-448.261,285.814,5.12972,6.25518,0.879231,0.911841,5.34562,NN_Adam
0,0,0,0,0,-138.648,-92.0454,63.9337,3.72773,0.316123,6.19455,5.32314,0.954884,NN_Adam
0,0,0,0,0,94.4613,-240.8,506.803,5.08604,0.269231,0.580355,2.35047,5.13599,NN_Adam
0,0,0,0,0,-323.296,350.514,130.439,2.31558,6.07509,1.034,0.34883,0.999488,NN_Adam
0,0,0,0,0,-2.13368,-36.1522,40.8361,4.65346,0.0507986,2.29987,3.66892,0.353671,NN_Adam
0,0,0,0,0,-139.895,349.536,288.334,1.95142,5.45885,1.46583,1.85889,0.486989,NN_Adam
0,0,0,0,0,-287.692,101.672,34.6359,2.80173,0.0564474,0.727105,5.59964,1.75357,NN_Adam
0,0,0,0,0,-1.20136,-406.756,120.622,1.56762,2.43731,0.828884,1.97587,1.72265,NN_Adam
0,0,0,0,0,-144.473,123.883,386.348,2.43257,2.58672,4.66352,0.818952,5.93834,NN_Adam
0,0,0,0,0,-164.514,77.8918,471.241,2.69939,2.39356,4.89821,1.06372,5.93834,NN_Adam
0,0,0,0,0,-87.7833,-228.288,3.68724,1.20375,2.17309,2.37963,0.845256,0.324958,NN_Adam
0,0,0,0,0,46.8266,-449.719,312.087,4.81602,6.04103,0.497766,2.19797,2.3339,NN_Adam
0,0,0,0,0,-262.888,145.579,568.308,2.63577,0.805159,0.479765,1.26033,2.39757,NN_Adam
0,0,0,0,0,-231.577,447.908,62.1491,2.04789,0.215959,5.38582,2.09944,5.31042,NN_Adam
0,0,0,0,0,-265.295,267.115,451.973,2.35272,0.881548,0.431154,0.512578,2.03274,NN_Adam
0,0,0,0,0,-111.602,135.876,138.572,2.25835,3.92228,1.82819,2.99487,0.164514,NN_Adam
0,0,0,0,0,-369.282,198.868,397.16,2.64746,0.125319,0.17168,2.3483,2.06914,NN_Adam
0,0,0,0,0,-474.68,-96.7105,318.766,3.34252,6.23752,0.349131,1.95664,0.322384,NN_Adam
0,0,0,0,0,-255.282,68.893,94.4034,6.01933,2.64775,6.10286,3.55766,3.84344,NN_Adam
0,0,0,0,0,64.9824,460.799,52.4072,1.43053,0.0414049,0.363225,0.378055,5.82413,NN_Adam
0,0,0,0,0,166.956,360.057,127.364,1.13642,0.145838,0.928985,5.94586,1.38371,NN_Adam
0,0,0,0,0,-294.068,-118.76,261.242,3.52521,5.77498,2.5225,6.15586,1.26648,NN_Adam
0,0,0,0,0,-139.506,429.005,322.058,1.88503,6.06235,0.530329,2.14283,0.486989,NN_Adam
0,0,0,0,0,-410.844,87.4829,448.462,2.93175,0.325323,0.281355,1.89855,2.06914,NN_Adam
0,0,0,0,0,107.093,-181.082,232.49,2.10482,2.63016,4.50416,4.29679,2.27078,NN_Adam
0,0,0,0,0,-188.251,26.0861,210.082,6.14531,0.863075,2.92279,0.804171,0.906191,NN_Adam
0,0,0,0,0,305.573,-44.0533,29.6857,2.99826,3.8643,4.42346,3.39034,6.22657,NN_Adam
0,0,0,0,0,437.211,166.132,236.918,0.36293,5.99377,1.32,0.624961,2.89142,NN_Adam
0,0,0,0,0,331.376,372.781,141.859,0.844031,5.87369,1.0585,0.805869,0.378545,NN_Adam
0,0,0,0,0,-245.969,-371.4,157.864,4.12732,5.68666,1.64285,0.436343,1.08158,NN_Adam
0,0,0,0,0,-144.559,-2.22215,227.317,0.0151697,3.17101,1.35125,4.88905,0.0907237,NN_Adam
0,0,0,0,0,65.1255,-474.975,47.007,4.8486,5.48027,0.481325,2.14374,6.27677,NN_Adam
0,0,0,0,0,55.8286,-228.84,535.45,1.81008,2.64696,5.28451,2.08664,1.34452,NN_Adam
0,0,0,0,0,-357.957,-370.37,248.187,3.94393,6.2268,0.638048,1.15331,3.41488,NN_Adam
0,0,0,0,0,-337.466,-32.635,56.2607,0.096218,2.88676,6.05882,3.13098,3.84344,NN_Adam
0,0,0,0,0,140.527,56.5161,196.285,3.52366,3.70686,2.73325,4.01857,6.22657,NN_Adam
0,0,0,0,0,453.377,-226.081,101.766,5.8206,5.72078,0.399125,2.01003,5.00623,NN_Adam
0,0,0,0,0,16.3934,-299.702,531.093,1.6254,2.26756,0.0143097,1.58871,1.90659,NN_Adam
0,0,0,0,0,137.875,-290.566,13.9899,2.0135,3.82948,0.589222,6.12635,4.79934,NN_Adam
0,0,0,0,0,-287.103,22.0327,168.599,6.2065,2.45014,6.07425,3.47009,3.84344,NN_Adam
0,0,0,0,0,16.8347,486.314,241.392,1.53603,6.17527,1.02541,0.670904,0.458874,NN_Adam
0,0,0,0,0,350.372,-47.2224,160.576,3.00751,2.43591,1.86342,0.243231,2.71482,NN_Adam
0,0,0,0,0,-451.466,39.6344,67.8981,3.05382,6.14288,0.835191,0.152027,1.75357,NN_Adam
0,0,0,0,0,-269.383,-51.0738,330.493,3.32892,0.739127,1.5588,5.45542,0.988303,NN_Adam
0,0,0,0,0,103.127,-79.8843,172.206,2.48243,3.81703,2.4391,4.12225,6.22657,NN_Adam
0,0,0,0,0,494.93,-102.981,222.351,6.07768,6.00124,0.362895,2.00631,2.70961,NN_Adam
0,0,0,0,0,-507.069,-112.795,272.085,3.36042,0.0652477,0.153341,1.757,0.322384,NN_Adam
0,0,0,0,0,-457.97,66.4401,175.561,2.99753,5.77559,1.47195,0.573523,5.86949,NN_Adam
0,0,0,0,0,107.159,404.404,100.889,1.31172,0.225263,0.509304,6.21283,5.82413,NN_Adam
0,0,0,0,0,-311.063,-169.836,382.866,0.499559,1.94676,1.22116,1.09098,1.88987,NN_Adam
0,0,0,0,0,-266.87,186.443,372.021,2.53154,1.01439,4.51162,3.35455,6.17791,NN_Adam
0,0,0,0,0,-243.883,-421.983,353.115,4.18829,0.187546,0.196969,1.80712,1.21809,NN_Adam
0,0,0,0,0,236.632,-229.901,193.753,2.37037,4.11142,4.24667,2.37466,0.247987,NN_Adam
0,0,0,0,0,-410.759,-288.455,315.802,3.75378,0.0988969,0.205133,1.81328,3.41488,NN_Adam
0,0,0,0,0,-454.131,-20.9628,21.1665,3.18758,5.24571,0.761333,2.05247,0.82735,NN_Adam
0,0,0,0,0,19.9823,-359.944,200.206,4.76773,5.47142,0.568783,2.95886,2.3339,NN_Adam
0,0,0,0,0,352.897,349.108,258.223,0.779865,6.18323,0.903455,0.902461,5.73413,NN_Adam
0,0,0,0,0,525.62,-19.4217,263.362,6.2462,0.144214,0.0723258,1.65795,2.89142,NN_Adam
0,0,0,0,0,-296.135,14.9683,221.49,6.23256,1.6918,1.14925,2.45192,1.88987,NN_Adam
0,0,0,0,0,265.267,-330.473,451.272,5.38857,0.901988,5.70456,1.94459,0.586595,NN_Adam
0,0,0,0,0,38.2349,525.617,33.2138,1.49809,5.98451,0.059533,1.64291,5.82413,NN_Adam
0,0,0,0,0,18.9926,399.463,390.677,1.52318,0.134386,1.32707,0.529467,0.374479,NN_Adam
0,0,0,0,0,6.99836,386.031,149.444,1.55262,0.553401,0.249911,6.10611,0.458874,NN_Adam
0,0,0,0,0,-331.684,227.732,247.467,2.53963,0.0370416,1.52852,6.10219,0.999488,NN_Adam
0,0,0,0,0,-405.154,-67.0591,230.517,3.30549,0.412988,0.812983,6.12023,0.458783,NN_Adam
0,0,0,0,0,291.057,-212.82,417.815,5.65147,1.45482,4.73883,2.29476,0.586595,NN_Adam
0,0,0,0,0,-65.883,-50.0369,583.356,3.79109,0.663624,0.924041,1.88202,3.33779,NN_Adam
0,0,0,0,0,-216.712,-99.3484,6.9281,3.57127,0.16641,0.115944,5.63832,0.954884,NN_Adam
0,0,0,0,0,-59.7385,456.375,13.0345,1.70079,5.40008,1.30895,0.81728,5.82413,NN_Adam
0,0,0,0,0,161.909,465.449,11.795,1.23595,5.99904,5.76203,2.401,1.11678,NN_Adam
0,0,0,0,0,-65.8451,-113.95,535.85,1.04685,1.04428,1.36969,1.4362,6.01895,NN_Adam
0,0,0,0,0,-171.557,-424.57,119.07,4.32812,0.0127097,0.792107,0.140445,0.291986,NN_Adam
0,0,0,0,0,-35.8043,240.331,412.617,1.71845,0.978272,4.6706,3.70798,6.17791,NN_Adam
0,0,0,0,0,-337.34,314.66,251.915,2.39087,6.06552,1.326,0.54215,6.07848,NN_Adam
0,0,0,0,0,143.678,14.7369,267.088,0.102092,4.72288,3.49879,0.387431,0.955645,NN_Adam
0,0,0,0,0,-349.171,-251.38,160.821,3.76538,5.7009,1.75924,0.275813,1.08158,NN_Adam
0,0,0,0,0,-452.785,130.577,397.281,2.86077,0.380295,0.113994,1.70899,2.06914,NN_Adam
0,0,0,0,0,-212.702,299.368,42.3437,2.18842,0.218322,0.315926,6.06051,6.07848,NN_Adam
0,0,0,0,0,-391.514,-150.223,331.309,3.50788,0.408362,0.96247,0.155848,0.458783,NN_Adam
0,0,0,0,0,-340.682,152.295,128.61,2.72111,0.287378,0.75555,5.84407,1.75357,NN_Adam
0,0,0,0,0,-85.293,-244.792,495.885,1.2354,2.9365,5.10964,1.9341,1.34452,NN_Adam
0,0,0,0,0,-180.771,-447.265,198.789,4.3281,5.77722,0.529233,2.15262,0.191397,NN_Adam
0,0,0,0,0,48.3161,-443.166,437.271,4.82094,0.472989,0.115015,1.71058,0.415395,NN_Adam
0,0,0,0,0,-262.969,350.196,202.797,2.21469,0.102457,1.08392,6.26519,6.07848,NN_Adam
0,0,0,0,0,121.066,137.173,273.914,0.847315,5.10139,1.60295,2.86809,0.786399,NN_Adam
0,0,0,0,0,262.547,-34.8652,221.027,3.00948,3.38648,3.92223,3.70397,6.22657,NN_Adam
0,0,0,0,0,-109.181,-118.799,359.333,0.827243,0.600761,1.91627,1.98233,6.01895,NN_Adam
0,0,0,0,0,-192.783,-181.899,249.557,0.756239,4.26491,4.75749,0.914966,0.721104,NN_Adam
0,0,0,0,0,235.693,411.102,283.144,1.05008,0.805776,5.13849,2.23274,2.83862,NN_Adam
0,0,0,0,0,-244.663,166.314,187.713,2.54451,0.531039,1.06136,5.34351,1.75357,NN_Adam
0,0,0,0,0,217.772,-13.4621,128.664,3.07964,3.57524,3.40832,4.19733,6.22657,NN_Adam
0,0,0,0,0,40.1302,-205.498,432.318,1.76358,1.05564,1.62519,1.60292,6.01895,NN_Adam
0,0,0,0,0,179.935,-418.3,215.84,5.11863,0.595888,0.100608,0.370851,2.87431,NN_Adam
0,0,0,0,0,87.0113,-331.107,329.037,4.96925,1.09778,0.182114,6.17068,2.87431,NN_Adam
0,0,0,0,0,-213.594,-65.7007,608.563,3.43979,0.943192,0.204196,1.7903,5.93834,NN_Adam
0,0,0,0,0,-475.721,65.8306,336.504,3.00404,0.0159571,0.326994,1.93616,0.322384,NN_Adam
0,0,0,0,0,4.1872,28.7792,287.656,4.56792,2.5318,1.44534,4.65048,0.0907237,NN_Adam
0,0,0,0,0,-93.717,-432.454,154.682,1.3572,2.65448,0.407525,2.00532,1.72265,NN_Adam
0,0,0,0,0,-275.481,-255.885,78.7033,3.89002,0.192997,0.606188,5.94482,0.954884,NN_Adam
0,0,0,0,0,-45.1569,252.617,298.621,1.74759,0.623245,4.11619,4.23767,6.17791,NN_Adam
0,0,0,0,0,167.926,-457.714,277.152,5.06384,6.07029,0.426384,2.02254,2.3339,NN_Adam
0,0,0,0,0,415.002,-261.13,328.689,5.72145,0.131175,0.639131,1.11436,2.71482,NN_Adam
0,0,0,0,0,25.9731,-228.528,407.629,1.68404,3.54665,4.95274,1.10666,1.34452,NN_Adam
0,0,0,0,0,102.031,351.308,90.6871,1.28803,1.19443,4.78646,1.04394,1.11678,NN_Adam
0,0,0,0,0,90.8674,275.193,107.873,1.2518,1.51929,4.69842,0.617353,1.11678,NN_Adam
0,0,0,0,0,69.6932,-155.234,235.96,1.99247,3.48177,3.03884,3.95027,6.22657,NN_Adam
0,0,0,0,0,5.08542,44.9152,86.6156,4.59961,6.0851,2.3044,3.3411,0.353671,NN_Adam
0,0,0,0,0,-47.4475,-109.444,114.438,4.30327,1.22962,5.16214,5.69796,5.26321,NN_Adam
0,0,0,0,0,20.8257,-245.548,270.869,1.65522,4.17397,4.84645,0.760328,1.34452,NN_Adam
0,0,0,0,0,20.5487,-111.15,350.744,1.75323,0.284402,1.96103,2.21205,6.01895,NN_Adam
0,0,0,0,0,327.94,-428.184,100.792,5.3659,6.17426,0.0148761,1.58851,6.0557,NN_Adam
0,0,0,0,0,43.4928,163.079,26.9258,4.45171,5.30473,3.28775,2.83543,0.353671,NN_Adam
0,0,0,0,0,267.522,122.857,101.706,0.430355,4.75905,2.81272,0.189406,1.59582,NN_Adam
0,0,0,0,0,-147.149,205.049,332.202,2.19318,1.65291,5.91272,6.09972,1.23374,NN_Adam
0,0,0,0,0,-348.394,-62.131,45.6555,0.176371,3.01865,5.90687,3.08587,3.84344,NN_Adam
0,0,0,0,0,34.6169,447.198,310.172,1.49342,0.040126,1.18896,0.478403,2.05852,NN_Adam
0,0,0,0,0,-443.929,218.423,357.151,2.6843,0.370795,0.0462773,1.62684,0.999488,NN_Adam
0,0,0,0,0,-39.7068,-228.713,270.439,4.54009,2.75479,3.53088,1.86982,0.341132,NN_Adam
0,0,0,0,0,21.5451,-367.214,147.263,1.62927,2.07814,1.46467,1.55842,6.03257,NN_Adam
0,0,0,0,0,-459.383,-152.385,360.27,3.46184,0.202538,0.197469,1.80836,3.41488,NN_Adam
0,0,0,0,0,-100.869,-522.3,162.568,4.5215,6.10736,0.478741,1.2787,0.191397,NN_Adam
0,0,0,0,0,-126.033,202.798,171.976,2.12677,4.27695,1.97575,2.49491,0.486989,NN_Adam
0,0,0,0,0,450.717,-34.072,262.796,3.06579,3.08943,5.80159,1.92287,5.89801,NN_Adam
0,0,0,0,0,306.036,-242.393,404.896,5.61274,1.2687,4.89462,2.30893,0.586595,NN_Adam
0,0,0,0,0,-140.417,53.9616,42.2236,2.77466,3.67081,1.47045,3.17067,0.164514,NN_Adam
0,0,0,0,0,-440.27,194.355,339.664,2.72585,0.0370776,0.32248,1.90685,5.86949,NN_Adam
0,0,0,0,0,470.91,131.997,305.313,0.272923,6.2068,0.348908,1.96064,2.76285,NN_Adam
0,0,0,0,0,501.284,-42.8793,95.5222,6.19774,5.68968,0.405753,2.03921,2.89142,NN_Adam
0,0,0,0,0,429.211,274.206,92.0897,0.568378,5.8994,0.825297,0.875898,2.32665,NN_Adam
0,0,0,0,0,-63.8952,387.959,316.565,1.73398,5.67004,1.25724,1.88235,0.486989,NN_Adam
0,0,0,0,0,-237.381,234.156,388.925,2.36289,1.11305,4.55801,3.16111,6.17791,NN_Adam
0,0,0,0,0,-42.7563,329.288,384.93,1.69971,0.796869,4.89157,3.36486,6.17791,NN_Adam
0,0,0,0,0,-156.48,454.768,333.816,1.902,0.0174013,0.298132,1.96675,6.00367,NN_Adam
0,0,0,0,0,230.625,-265.949,67.5879,2.28515,3.70028,0.460546,6.26234,4.79934,NN_Adam
0,0,0,0,0,172.641,-269.054,310.119,2.14113,3.75804,4.474,2.13853,0.247987,NN_Adam
0,0,0,0,0,14.6637,-390.214,224.586,4.74988,5.63012,0.49765,2.81381,2.3339,NN_Adam
0,0,0,0,0,-30.3102,-306.705,284.908,1.47224,3.92845,5.02926,1.0036,1.34452,NN_Adam
0,0,0,0,0,371.535,-200.292,120.467,5.78845,5.34676,0.637678,2.55596,5.00623,NN_Adam
0,0,0,0,0,-136.351,-109.22,326.269,3.81698,5.82513,3.08433,6.21284,1.26648,NN_Adam
0,0,0,0,0,-53.1784,188.046,14.7635,1.84622,3.11537,3.01796,1.15668,1.68825,NN_Adam
0,0,0,0,0,-354.671,-296.242,393.119,3.83718,0.228764,0.243017,1.85695,3.41488,NN_Adam
0,0,0,0,0,481.709,-177.868,180.518,5.92932,5.93491,0.351121,1.97393,2.70961,NN_Adam
0,0,0,0,0,-245.853,-171.618,26.398,3.75094,0.206267,0.297383,5.76531,0.954884,NN_Adam
0,0,0,0,0,191.89,308.481,81.4259,1.01405,5.83335,5.31344,3.66107,5.4464,NN_Adam
0,0,0,0,0,61.17,-470.436,313.313,4.84164,6.14478,0.429866,2.0329,2.3339,NN_Adam
0,0,0,0,0,399.985,196.004,75.6274,3.59718,2.889,0.336973,1.95763,4.3676,NN_Adam
0,0,0,0,0,66.3214,404.96,457.231,1.40838,0.351266,0.729672,1.17564,0.374479,NN_Adam
0,0,0,0,0,46.4257,3.4357,40.6515,3.21601,6.04045,2.56186,3.27535,0.353671,NN_Adam
0,0,0,0,0,-415.206,-32.1932,394.894,3.21889,0.291666,1.05799,0.556989,6.25163,NN_Adam
0,0,0,0,0,-43.202,483.878,148.235,1.65979,0.198596,0.406469,0.455687,0.458874,NN_Adam
0,0,0,0,0,202.09,-215.333,271.89,2.32429,4.03736,4.20017,2.16896,0.247987,NN_Adam
0,0,0,0,0,-93.2793,-93.4035,240.862,0.786136,3.06369,1.80014,4.70268,0.0907237,NN_Adam
0,0,0,0,0,240.486,408.429,283.379,1.0386,0.802169,5.14112,2.23795,2.83862,NN_Adam
0,0,0,0,0,-254.336,-188.352,440.854,0.637241,2.03405,1.15605,0.682973,1.46502,NN_Adam
0,0,0,0,0,34.3119,-443.966,397.129,4.78943,0.132303,0.346458,1.97071,2.3339,NN_Adam
0,0,0,0,0,-250.12,69.3807,288.164,2.87098,0.657519,1.88599,5.17366,0.988303,NN_Adam
0,0,0,0,0,449.364,-194.046,154.09,5.87533,5.72887,0.434876,2.19242,5.00623,NN_Adam
0,0,0,0,0,-304.262,-273.569,77.605,3.87378,0.117106,0.629804,6.13809,0.954884,NN_Adam
0,0,0,0,0,-238.086,438.81,92.7418,2.06774,5.80966,0.997505,0.809567,1.75357,NN_Adam
0,0,0,0,0,-17.2742,202.634,177.934,1.65576,3.01411,3.82101,0.740923,1.68825,NN_Adam
0,0,0,0,0,-294.653,-176.034,478.634,0.538475,2.21984,0.163997,1.76966,1.88987,NN_Adam
0,0,0,0,0,78.1266,-182.857,215.238,5.11617,1.58785,5.65613,5.75458,5.26321,NN_Adam
0,0,0,0,0,-321.583,81.4679,458.263,2.89338,6.21562,1.22161,1.56328,1.11345,NN_Adam
0,0,0,0,0,-226.736,198.546,59.6252,2.42222,4.43287,1.46327,2.50157,0.164514,NN_Adam
0,0,0,0,0,-416.775,258.849,361.968,2.58577,0.323381,0.0952335,1.68645,0.999488,NN_Adam
0,0,0,0,0,139.8,0.999713,242.719,0.00715321,4.58255,3.66195,0.219053,0.955645,NN_Adam
0,0,0,0,0,-258.921,432.809,18.4016,2.10986,5.72455,0.717989,1.09294,1.75357,NN_Adam
0,0,0,0,0,-129.682,345.548,493.273,1.92977,0.522909,0.794419,0.941482,5.36892,NN_Adam
0,0,0,0,0,-123.087,189.896,385.655,2.14566,1.04995,4.28099,3.91852,6.17791,NN_Adam
0,0,0,0,0,-511.934,158.965,158.53,2.84046,6.1356,0.140941,1.73995,4.41349,NN_Adam
0,0,0,0,0,27.9967,-370.446,196.037,4.78768,5.48435,0.549157,2.91539,2.3339,NN_Adam
0,0,0,0,0,153.895,306.152,212.788,1.10485,6.21494,2.07972,5.63022,4.84654,NN_Adam
0,0,0,0,0,-182.898,-291.883,371.296,1.01072,1.98965,0.384614,2.38858,1.4549,NN_Adam
0,0,0,0,0,213.073,-51.2809,242.156,2.90524,3.41285,3.51898,3.80723,6.22657,NN_Adam
0,0,0,0,0,154.249,-308.927,449.113,5.17533,1.3964,4.83132,2.43147,0.586595,NN_Adam
0,0,0,0,0,-284.319,47.0149,258.382,6.11938,1.53786,2.20546,0.816951,0.906191,NN_Adam
0,0,0,0,0,29.1793,359.918,457.266,1.48987,0.291318,1.23553,0.689314,0.374479,NN_Adam
0,0,0,0,0,2.25632,-133.723,388.989,1.58752,0.506727,1.87103,1.99018,6.01895,NN_Adam
0,0,0,0,0,-89.063,167.079,0.822937,2.06048,3.00105,2.81936,1.5158,1.68825,NN_Adam
0,0,0,0,0,-211.004,99.7347,584.297,2.70003,0.721887,0.343811,1.98914,3.33779,NN_Adam
0,0,0,0,0,-227.632,-338.358,229.498,0.978331,3.50873,4.98595,2.3629,0.721104,NN_Adam
0,0,0,0,0,-177.621,280.163,60.2202,2.13573,4.52782,1.53286,2.2469,0.164514,NN_Adam
0,0,0,0,0,-118.258,344.546,195.879,1.90141,6.18204,1.89424,5.74649,4.84654,NN_Adam
0,0,0,0,0,-228.586,-387.179,291.587,4.17889,5.97874,0.459096,2.31517,1.21809,NN_Adam
0,0,0,0,0,102.812,-292.024,282.036,5.05072,1.16533,0.0674359,5.95273,2.87431,NN_Adam
0,0,0,0,0,-450.625,-29.0407,199.163,3.20569,0.169171,0.87286,0.0984715,0.721104,NN_Adam
0,0,0,0,0,-159.974,-365.375,316.047,4.2996,5.87255,0.667095,2.4415,1.21809,NN_Adam
0,0,0,0,0,113.041,-245.192,128.491,2.0028,1.597,2.32241,1.1631,5.01784,NN_Adam
0,0,0,0,0,144.655,396.471,211.392,1.22086,0.083644,1.24603,6.14878,1.38371,NN_Adam
0,0,0,0,0,261.542,346.46,1.50094,0.923986,0.506384,4.82516,1.98709,1.11678,NN_Adam
0,0,0,0,0,-140.562,-292.238,242.055,1.12231,1.63566,1.63156,1.64209,6.03257,NN_Adam
0,0,0,0,0,386.399,312.162,222.974,0.679349,0.0575088,5.84794,2.51481,5.4464,NN_Adam
0,0,0,0,0,-283.648,-20.9103,391.752,3.21509,0.739542,1.45065,5.8031,0.988303,NN_Adam
0,0,0,0,0,-18.4456,-200.91,82.369,1.47903,1.74342,2.91774,0.439573,1.73232,NN_Adam
0,0,0,0,0,268.276,-327.463,203.955,5.39863,0.728148,6.25815,0.206285,2.87431,NN_Adam
0,0,0,0,0,-285.561,-365.891,70.8276,4.04957,5.90505,1.11951,0.297872,0.291986,NN_Adam
0,0,0,0,0,-267.537,-150.81,31.3933,0.513249,2.25317,1.29536,2.15891,0.996245,NN_Adam
0,0,0,0,0,-103.457,-284.005,107.431,1.22137,2.00378,1.21311,2.39287,1.72265,NN_Adam
0,0,0,0,0,-50.3576,270.81,152.91,1.75454,0.084336,2.50888,4.89618,4.84654,NN_Adam
0,0,0,0,0,-242.385,250.428,173.413,2.33973,0.583935,0.506275,5.79832,6.07848,NN_Adam
0,0,0,0,0,-146.81,202.498,218.538,2.19792,4.54234,2.03502,2.29476,0.486989,NN_Adam
0,0,0,0,0,362.675,51.6372,9.84372,3.28298,3.0159,1.47585,0.334047,0.917386,NN_Adam
0,0,0,0,0,160.103,-183.83,307.826,2.28722,2.65604,4.59387,3.84946,2.27078,NN_Adam
0,0,0,0,0,-469.209,212.951,191.452,2.71532,0.110612,0.439977,0.820381,4.41349,NN_Adam
0,0,0,0,0,168.64,-22.5624,213.563,3.00852,3.49739,2.91768,4.08781,6.22657,NN_Adam
0,0,0,0,0,186.382,-304.249,506.08,5.26197,0.434699,0.337632,1.9602,5.13599,NN_Adam
0,0,0,0,0,118.251,520.523,156.486,1.34736,6.09193,0.173991,1.77888,1.38371,NN_Adam
0,0,0,0,0,271.429,314.365,83.141,0.858457,5.97364,5.37729,3.31562,5.4464,NN_Adam
0,0,0,0,0,19.0048,-88.595,250.494,1.78208,2.97422,1.51679,4.65971,0.0907237,NN_Adam
0,0,0,0,0,-150.24,99.7358,116.911,2.55549,0.344767,1.27097,4.70178,0.914063,NN_Adam
0,0,0,0,0,-352.505,-13.1911,90.3582,0.0373206,2.93071,5.80814,3.1885,3.84344,NN_Adam
0,0,0,0,0,-193.6,-321.585,408.142,4.17046,6.19098,0.641084,2.25078,1.21809,NN_Adam
0,0,0,0,0,-292.854,-238.826,300.31,0.684134,3.08076,5.06707,2.77912,0.721104,NN_Adam
0,0,0,0,0,-46.1341,-381.532,364.724,1.4504,3.1696,5.26812,2.03044,1.34452,NN_Adam
0,0,0,0,0,-397.462,-317.052,291.539,3.81446,0.0713374,0.537264,1.22234,3.41488,NN_Adam
0,0,0,0,0,-81.7944,-129.594,245.936,4.14942,3.55887,2.61796,2.62015,0.341132,NN_Adam
0,0,0,0,0,135.89,-364.461,227.65,5.06914,0.892402,6.21569,0.0511165,2.87431,NN_Adam
0,0,0,0,0,-221.708,-296.223,262.422,0.928208,3.81287,4.99316,1.52802,0.721104,NN_Adam
0,0,0,0,0,-163.627,-237.961,147.92,4.10995,5.50803,2.91164,5.69599,1.26648,NN_Adam
0,0,0,0,0,-291.463,-382.233,323.596,4.0607,6.23853,0.350945,1.97957,1.21809,NN_Adam
0,0,0,0,0,156.797,-350.908,111.587,1.99074,2.44336,0.638331,2.3478,4.79934,NN_Adam
0,0,0,0,0,-324.571,214.647,397.2,2.55719,0.0455836,0.237531,2.52215,2.06914,NN_Adam
0,0,0,0,0,-194.837,-313.785,85.41,4.1567,0.208943,0.641656,5.88781,0.291986,NN_Adam
0,0,0,0,0,-98.4224,-190.898,408.689,1.09465,1.03357,1.63296,1.73297,0.873547,NN_Adam
0,0,0,0,0,251.218,-248.723,120.078,2.36089,4.0732,4.38719,2.59576,0.247987,NN_Adam
0,0,0,0,0,-199.399,260.233,280.343,2.22443,0.865878,4.09557,3.62875,6.17791,NN_Adam
0,0,0,0,0,31.0244,-196.637,290.353,1.72718,2.54531,4.31704,4.21379,2.27078,NN_Adam
0,0,0,0,0,-163.542,376.937,332.712,1.98016,5.80075,1.32126,1.5391,0.486989,NN_Adam
0,0,0,0,0,-167.769,-205.102,396.685,0.885182,1.31008,1.51087,1.62426,0.873547,NN_Adam
0,0,0,0,0,-222.586,-285.016,220.138,4.04926,5.7909,2.24934,6.15963,1.26648,NN_Adam
0,0,0,0,0,-138.26,93.6662,67.7617,2.54624,3.78464,1.55099,3.12037,0.164514,NN_Adam
0,0,0,0,0,-261.539,332.233,137.335,2.23744,0.317502,0.50389,6.22665,6.07848,NN_Adam
0,0,0,0,0,55.8928,337.997,174.966,1.40672,0.377103,1.03847,5.59494,1.38371,NN_Adam
0,0,0,0,0,296.128,232.457,225.124,0.665212,6.14037,5.63874,3.47785,5.4464,NN_Adam
0,0,0,0,0,-299.362,385.133,253.323,2.23144,0.0896433,0.815153,0.602047,6.07848,NN_Adam
0,0,0,0,0,-254.193,138.052,371.283,2.64389,1.06816,4.31378,3.57605,6.17791,NN_Adam
0,0,0,0,0,-266.043,45.3591,578.48,2.97249,1.36168,5.63007,1.9427,5.93834,NN_Adam
0,0,0,0,0,-265.037,-221.823,37.3152,3.83826,0.173682,0.420832,5.91149,0.954884,NN_Adam
0,0,0,0,0,132.089,139.77,118.042,0.813561,4.30741,3.51725,6.21342,1.59582,NN_Adam
0,0,0,0,0,74.0961,-492.033,317.591,4.86172,0.0626685,0.239501,1.85675,2.3339,NN_Adam
0,0,0,0,0,188.129,-140.473,162.715,2.50011,3.54406,3.56925,3.98892,6.22657,NN_Adam
0,0,0,0,0,171.969,480.784,252.473,1.22719,6.17315,0.717447,1.17322,1.38371,NN_Adam
0,0,0,0,0,-137.8,-305.966,241.29,1.14731,1.70763,1.57764,1.61136,6.03257,NN_Adam
0,0,0,0,0,-426.814,12.6148,300.485,3.11199,5.98015,1.56929,0.636233,5.86949,NN_Adam
0,0,0,0,0,-125.651,87.1603,527.63,2.53485,0.205147,1.31999,1.79129,3.33779,NN_Adam
0,0,0,0,0,-96.3642,-326.673,232.843,1.28367,1.74889,1.57918,1.57678,6.03257,NN_Adam
0,0,0,0,0,504.729,-131.516,215.071,6.02824,6.11333,0.257607,1.87164,2.70961,NN_Adam
0,0,0,0,0,56.2745,-308.918,517.66,1.75099,2.28537,0.0308024,1.60917,1.90659,NN_Adam
0,0,0,0,0,-161.253,475.97,247.31,1.89722,6.05516,0.385843,1.96379,0.458874,NN_Adam
0,0,0,0,0,-157.611,-232.178,589.506,4.11595,0.99386,0.0549717,1.63752,0.165034,NN_Adam
0,0,0,0,0,68.8829,403.59,201.645,1.40169,0.174298,1.15409,6.03041,1.38371,NN_Adam
0,0,0,0,0,71.9355,-141.647,182.12,5.18202,1.54811,5.52552,5.61883,5.26321,NN_Adam
0,0,0,0,0,281.503,-148.722,272.117,2.65544,1.77304,1.99698,0.697652,1.09903,NN_Adam
0,0,0,0,0,289.725,94.3515,244.693,3.45621,3.32875,4.28533,3.40217,6.22657,NN_Adam
0,0,0,0,0,-244.737,-133.703,102.457,0.499809,2.67851,6.00632,3.53639,3.84344,NN_Adam
0,0,0,0,0,-13.3418,273.66,16.8699,1.61945,1.36034,3.85583,1.78635,1.68825,NN_Adam
0,0,0,0,0,75.9565,-364.184,68.0395,1.77623,2.47384,0.792096,2.25986,1.72265,NN_Adam
0,0,0,0,0,-116.688,-7.1609,17.5612,3.20252,3.46982,1.39063,3.24431,0.164514,NN_Adam
0,0,0,0,0,-210.214,307.762,484.46,2.16995,0.875888,0.373697,0.749031,2.03274,NN_Adam
0,0,0,0,0,6.15773,162.188,258.917,1.53188,0.159764,4.27528,4.92868,6.17791,NN_Adam
0,0,0,0,0,-422.617,2.26164,352.933,3.13612,6.08152,0.588449,2.20944,2.06914,NN_Adam
0,0,0,0,0,-178.417,-229.578,105.896,4.0515,5.43062,2.85608,5.63276,1.26648,NN_Adam
0,0,0,0,0,424.019,-241.638,172.74,5.7652,5.87781,0.15962,2.39862,0.00805729,NN_Adam
0,0,0,0,0,-240.141,354.677,454.694,2.16592,0.452658,0.172371,1.7781,5.36892,NN_Adam
0,0,0,0,0,-410.288,143.151,202.772,2.80589,5.77663,1.70916,0.390742,5.86949,NN_Adam
0,0,0,0,0,-126.682,-197.752,555.846,1.00072,1.78773,0.323275,1.89111,6.01895,NN_Adam
0,0,0,0,0,228.663,-364.247,402.291,5.27281,0.0818726,0.407906,2.04758,5.13599,NN_Adam
0,0,0,0,0,-196.425,8.07855,418.942,3.10059,0.827798,1.97344,5.59751,0.988303,NN_Adam
0,0,0,0,0,311.519,-101.125,199.635,2.82744,3.54852,4.3179,3.2257,6.22657,NN_Adam
0,0,0,0,0,-289.093,-26.7208,225.499,0.0920631,2.4037,5.84269,3.51339,3.84344,NN_Adam
0,0,0,0,0,285.425,242.397,81.2603,0.704086,5.87956,5.28796,3.59901,5.4464,NN_Adam
0,0,0,0,0,-110.683,-306.387,519.366,4.36558,0.434909,0.374128,2.05725,0.165034,NN_Adam
0,0,0,0,0,218.279,-478.808,222.156,5.13996,6.24206,0.480159,1.24254,1.80074,NN_Adam
0,0,0,0,0,-78.876,-100.481,44.1919,4.0469,0.857767,5.06269,5.9883,5.26321,NN_Adam
0,0,0,0,0,419.208,-191.321,215.225,2.71305,2.76132,0.198721,1.81467,2.71482,NN_Adam
0,0,0,0,0,-19.4254,185.024,436.784,1.67532,5.97745,1.47292,2.19462,3.33779,NN_Adam
0,0,0,0,0,89.8094,-415.351,440.964,4.92507,0.301047,0.285279,1.90581,0.415395,NN_Adam
